x,y,terrain,terrainId,biome,elevation,groundNav,route,encounter,northTerrain,eastTerrain,southTerrain,westTerrain,promptFamilyId
0,0,F,forest-floor,F,4,#,.,.,VOID,X,F,VOID,terrain-forest-floor
1,0,X,cliff-mountain,M,4,#,.,.,VOID,X,R,F,terrain-cliff-mountain
2,0,X,cliff-mountain,M,4,#,.,.,VOID,X,R,X,terrain-cliff-mountain
3,0,X,cliff-mountain,M,4,#,.,.,VOID,X,R,X,terrain-cliff-mountain
4,0,X,cliff-mountain,M,4,#,.,.,VOID,X,R,X,terrain-cliff-mountain
5,0,X,cliff-mountain,M,4,#,.,.,VOID,X,R,X,terrain-cliff-mountain
6,0,X,cliff-mountain,M,4,#,.,.,VOID,X,R,X,terrain-cliff-mountain
7,0,X,cliff-mountain,M,4,#,.,.,VOID,X,R,X,terrain-cliff-mountain
8,0,X,cliff-mountain,M,4,#,.,.,VOID,X,R,X,terrain-cliff-mountain
9,0,X,cliff-mountain,M,4,#,.,.,VOID,X,R,X,terrain-cliff-mountain
10,0,X,cliff-mountain,M,4,#,.,.,VOID,X,R,X,terrain-cliff-mountain
11,0,X,cliff-mountain,M,4,#,.,.,VOID,X,R,X,terrain-cliff-mountain
12,0,X,cliff-mountain,M,4,#,.,.,VOID,X,R,X,terrain-cliff-mountain
13,0,X,cliff-mountain,M,4,#,.,.,VOID,X,R,X,terrain-cliff-mountain
14,0,X,cliff-mountain,M,4,#,.,.,VOID,X,R,X,terrain-cliff-mountain
15,0,X,cliff-mountain,M,4,#,.,.,VOID,X,R,X,terrain-cliff-mountain
16,0,X,cliff-mountain,M,4,#,.,.,VOID,X,R,X,terrain-cliff-mountain
17,0,X,cliff-mountain,M,4,#,.,.,VOID,X,R,X,terrain-cliff-mountain
18,0,X,cliff-mountain,M,4,#,.,.,VOID,X,R,X,terrain-cliff-mountain
19,0,X,cliff-mountain,M,4,#,.,.,VOID,X,R,X,terrain-cliff-mountain
20,0,X,cliff-mountain,M,4,#,.,.,VOID,X,R,X,terrain-cliff-mountain
21,0,X,cliff-mountain,M,4,#,.,.,VOID,X,R,X,terrain-cliff-mountain
22,0,X,cliff-mountain,M,4,#,.,.,VOID,X,R,X,terrain-cliff-mountain
23,0,X,cliff-mountain,M,4,#,.,.,VOID,X,R,X,terrain-cliff-mountain
24,0,X,cliff-mountain,M,4,#,.,.,VOID,X,R,X,terrain-cliff-mountain
25,0,X,cliff-mountain,M,4,#,.,.,VOID,X,R,X,terrain-cliff-mountain
26,0,X,cliff-mountain,M,4,#,.,.,VOID,X,R,X,terrain-cliff-mountain
27,0,X,cliff-mountain,M,4,#,.,.,VOID,X,R,X,terrain-cliff-mountain
28,0,X,cliff-mountain,M,4,#,.,.,VOID,X,R,X,terrain-cliff-mountain
29,0,X,cliff-mountain,M,4,#,.,.,VOID,X,R,X,terrain-cliff-mountain
30,0,X,cliff-mountain,M,4,#,.,.,VOID,X,R,X,terrain-cliff-mountain
31,0,X,cliff-mountain,M,4,#,.,.,VOID,X,R,X,terrain-cliff-mountain
32,0,X,cliff-mountain,M,4,#,.,.,VOID,X,R,X,terrain-cliff-mountain
33,0,X,cliff-mountain,M,4,#,.,.,VOID,X,R,X,terrain-cliff-mountain
34,0,X,cliff-mountain,M,4,#,.,.,VOID,X,R,X,terrain-cliff-mountain
35,0,X,cliff-mountain,M,4,#,.,.,VOID,X,R,X,terrain-cliff-mountain
36,0,X,cliff-mountain,M,4,#,.,.,VOID,X,R,X,terrain-cliff-mountain
37,0,X,cliff-mountain,M,4,#,.,.,VOID,X,R,X,terrain-cliff-mountain
38,0,X,cliff-mountain,M,4,#,.,.,VOID,X,R,X,terrain-cliff-mountain
39,0,X,cliff-mountain,M,4,#,.,.,VOID,X,R,X,terrain-cliff-mountain
40,0,X,cliff-mountain,M,4,#,.,.,VOID,X,R,X,terrain-cliff-mountain
41,0,X,cliff-mountain,M,4,#,.,.,VOID,X,R,X,terrain-cliff-mountain
42,0,X,cliff-mountain,M,4,#,.,.,VOID,X,R,X,terrain-cliff-mountain
43,0,X,cliff-mountain,M,4,#,.,.,VOID,X,R,X,terrain-cliff-mountain
44,0,X,cliff-mountain,M,4,#,.,.,VOID,X,R,X,terrain-cliff-mountain
45,0,X,cliff-mountain,M,4,#,.,.,VOID,X,R,X,terrain-cliff-mountain
46,0,X,cliff-mountain,M,4,#,.,.,VOID,X,R,X,terrain-cliff-mountain
47,0,X,cliff-mountain,M,4,#,.,.,VOID,X,R,X,terrain-cliff-mountain
48,0,X,cliff-mountain,M,4,#,.,.,VOID,X,R,X,terrain-cliff-mountain
49,0,X,cliff-mountain,M,4,#,.,.,VOID,X,R,X,terrain-cliff-mountain
50,0,X,cliff-mountain,M,4,#,.,.,VOID,X,R,X,terrain-cliff-mountain
51,0,X,cliff-mountain,M,4,#,.,.,VOID,X,R,X,terrain-cliff-mountain
52,0,X,cliff-mountain,M,4,#,.,.,VOID,X,R,X,terrain-cliff-mountain
53,0,X,cliff-mountain,M,4,#,.,.,VOID,X,R,X,terrain-cliff-mountain
54,0,X,cliff-mountain,M,4,#,.,.,VOID,X,R,X,terrain-cliff-mountain
55,0,X,cliff-mountain,M,4,#,.,.,VOID,X,R,X,terrain-cliff-mountain
56,0,X,cliff-mountain,M,4,#,.,.,VOID,X,R,X,terrain-cliff-mountain
57,0,X,cliff-mountain,M,4,#,.,.,VOID,X,R,X,terrain-cliff-mountain
58,0,X,cliff-mountain,M,4,#,.,.,VOID,X,R,X,terrain-cliff-mountain
59,0,X,cliff-mountain,M,4,#,.,.,VOID,X,R,X,terrain-cliff-mountain
60,0,X,cliff-mountain,M,4,#,.,.,VOID,X,R,X,terrain-cliff-mountain
61,0,X,cliff-mountain,M,4,#,.,.,VOID,X,R,X,terrain-cliff-mountain
62,0,X,cliff-mountain,M,4,#,.,.,VOID,X,R,X,terrain-cliff-mountain
63,0,X,cliff-mountain,M,4,#,.,.,VOID,X,R,X,terrain-cliff-mountain
64,0,X,cliff-mountain,M,4,#,.,.,VOID,X,R,X,terrain-cliff-mountain
65,0,X,cliff-mountain,M,4,#,.,.,VOID,X,R,X,terrain-cliff-mountain
66,0,X,cliff-mountain,M,4,#,.,.,VOID,X,R,X,terrain-cliff-mountain
67,0,X,cliff-mountain,M,4,#,.,.,VOID,X,R,X,terrain-cliff-mountain
68,0,X,cliff-mountain,M,4,#,.,.,VOID,X,R,X,terrain-cliff-mountain
69,0,X,cliff-mountain,M,4,#,.,.,VOID,X,R,X,terrain-cliff-mountain
70,0,X,cliff-mountain,M,4,#,.,.,VOID,X,R,X,terrain-cliff-mountain
71,0,X,cliff-mountain,M,4,#,.,.,VOID,X,R,X,terrain-cliff-mountain
72,0,X,cliff-mountain,M,4,#,.,.,VOID,X,R,X,terrain-cliff-mountain
73,0,X,cliff-mountain,M,4,#,.,.,VOID,X,R,X,terrain-cliff-mountain
74,0,X,cliff-mountain,M,4,#,.,.,VOID,X,R,X,terrain-cliff-mountain
75,0,X,cliff-mountain,M,4,#,.,.,VOID,X,R,X,terrain-cliff-mountain
76,0,X,cliff-mountain,M,4,#,.,.,VOID,X,R,X,terrain-cliff-mountain
77,0,X,cliff-mountain,M,4,#,.,.,VOID,X,R,X,terrain-cliff-mountain
78,0,X,cliff-mountain,M,4,#,.,.,VOID,X,R,X,terrain-cliff-mountain
79,0,X,cliff-mountain,M,4,#,.,.,VOID,X,R,X,terrain-cliff-mountain
80,0,X,cliff-mountain,M,4,#,.,.,VOID,X,R,X,terrain-cliff-mountain
81,0,X,cliff-mountain,M,4,#,.,.,VOID,X,R,X,terrain-cliff-mountain
82,0,X,cliff-mountain,M,4,#,.,.,VOID,X,R,X,terrain-cliff-mountain
83,0,X,cliff-mountain,M,4,#,.,.,VOID,X,R,X,terrain-cliff-mountain
84,0,X,cliff-mountain,M,4,#,.,.,VOID,X,R,X,terrain-cliff-mountain
85,0,X,cliff-mountain,M,4,#,.,.,VOID,X,R,X,terrain-cliff-mountain
86,0,X,cliff-mountain,M,4,#,.,.,VOID,X,R,X,terrain-cliff-mountain
87,0,X,cliff-mountain,M,4,#,.,.,VOID,X,R,X,terrain-cliff-mountain
88,0,X,cliff-mountain,M,4,#,.,.,VOID,X,R,X,terrain-cliff-mountain
89,0,X,cliff-mountain,M,4,#,.,.,VOID,X,R,X,terrain-cliff-mountain
90,0,X,cliff-mountain,M,4,#,.,.,VOID,X,R,X,terrain-cliff-mountain
91,0,X,cliff-mountain,M,4,#,.,.,VOID,X,R,X,terrain-cliff-mountain
92,0,X,cliff-mountain,M,4,#,.,.,VOID,X,R,X,terrain-cliff-mountain
93,0,X,cliff-mountain,M,4,#,.,.,VOID,X,R,X,terrain-cliff-mountain
94,0,X,cliff-mountain,M,4,#,.,.,VOID,X,R,X,terrain-cliff-mountain
95,0,X,cliff-mountain,M,4,#,.,.,VOID,X,R,X,terrain-cliff-mountain
96,0,X,cliff-mountain,M,4,#,.,.,VOID,X,R,X,terrain-cliff-mountain
97,0,X,cliff-mountain,M,4,#,.,.,VOID,X,R,X,terrain-cliff-mountain
98,0,X,cliff-mountain,M,4,#,.,.,VOID,X,R,X,terrain-cliff-mountain
99,0,X,cliff-mountain,M,4,#,.,.,VOID,VOID,X,X,terrain-cliff-mountain
0,1,F,forest-floor,F,4,#,.,.,F,R,F,VOID,terrain-forest-floor
1,1,R,rocky-ground,M,4,.,.,.,X,R,R,F,terrain-rocky-ground
2,1,R,rocky-ground,M,4,.,.,.,X,R,R,R,terrain-rocky-ground
3,1,R,rocky-ground,M,4,.,.,.,X,R,R,R,terrain-rocky-ground
4,1,R,rocky-ground,M,4,.,.,.,X,R,R,R,terrain-rocky-ground
5,1,R,rocky-ground,M,4,.,.,.,X,R,R,R,terrain-rocky-ground
6,1,R,rocky-ground,M,4,.,.,.,X,R,R,R,terrain-rocky-ground
7,1,R,rocky-ground,M,4,.,.,.,X,R,R,R,terrain-rocky-ground
8,1,R,rocky-ground,M,4,.,.,.,X,R,R,R,terrain-rocky-ground
9,1,R,rocky-ground,M,4,.,.,.,X,R,R,R,terrain-rocky-ground
10,1,R,rocky-ground,M,4,.,.,.,X,R,R,R,terrain-rocky-ground
11,1,R,rocky-ground,M,4,.,.,.,X,R,R,R,terrain-rocky-ground
12,1,R,rocky-ground,M,4,.,.,.,X,R,R,R,terrain-rocky-ground
13,1,R,rocky-ground,M,4,.,.,.,X,R,R,R,terrain-rocky-ground
14,1,R,rocky-ground,M,4,.,.,.,X,R,R,R,terrain-rocky-ground
15,1,R,rocky-ground,M,4,.,.,.,X,R,R,R,terrain-rocky-ground
16,1,R,rocky-ground,M,4,.,.,.,X,R,R,R,terrain-rocky-ground
17,1,R,rocky-ground,M,4,.,.,.,X,R,R,R,terrain-rocky-ground
18,1,R,rocky-ground,M,4,.,.,.,X,R,R,R,terrain-rocky-ground
19,1,R,rocky-ground,M,4,.,.,.,X,R,W,R,terrain-rocky-ground
20,1,R,rocky-ground,M,4,.,.,.,X,R,R,R,terrain-rocky-ground
21,1,R,rocky-ground,M,4,.,.,.,X,R,R,R,terrain-rocky-ground
22,1,R,rocky-ground,M,4,.,.,.,X,R,R,R,terrain-rocky-ground
23,1,R,rocky-ground,M,4,.,.,.,X,R,R,R,terrain-rocky-ground
24,1,R,rocky-ground,M,4,.,.,.,X,R,R,R,terrain-rocky-ground
25,1,R,rocky-ground,M,4,.,.,.,X,R,R,R,terrain-rocky-ground
26,1,R,rocky-ground,M,4,.,.,.,X,R,R,R,terrain-rocky-ground
27,1,R,rocky-ground,M,4,.,.,.,X,R,R,R,terrain-rocky-ground
28,1,R,rocky-ground,M,4,.,.,.,X,R,R,R,terrain-rocky-ground
29,1,R,rocky-ground,M,4,.,.,.,X,R,R,R,terrain-rocky-ground
30,1,R,rocky-ground,M,4,.,.,.,X,R,R,R,terrain-rocky-ground
31,1,R,rocky-ground,M,4,.,.,.,X,R,R,R,terrain-rocky-ground
32,1,R,rocky-ground,M,4,.,.,.,X,R,R,R,terrain-rocky-ground
33,1,R,rocky-ground,M,4,.,.,.,X,R,R,R,terrain-rocky-ground
34,1,R,rocky-ground,M,4,.,.,.,X,R,R,R,terrain-rocky-ground
35,1,R,rocky-ground,M,4,.,.,.,X,R,R,R,terrain-rocky-ground
36,1,R,rocky-ground,M,4,.,.,.,X,R,R,R,terrain-rocky-ground
37,1,R,rocky-ground,M,4,.,.,.,X,R,R,R,terrain-rocky-ground
38,1,R,rocky-ground,M,4,.,.,.,X,R,R,R,terrain-rocky-ground
39,1,R,rocky-ground,M,4,.,.,.,X,R,R,R,terrain-rocky-ground
40,1,R,rocky-ground,M,4,.,.,.,X,R,R,R,terrain-rocky-ground
41,1,R,rocky-ground,M,4,.,.,.,X,R,R,R,terrain-rocky-ground
42,1,R,rocky-ground,M,4,.,.,.,X,R,R,R,terrain-rocky-ground
43,1,R,rocky-ground,M,4,.,.,.,X,R,R,R,terrain-rocky-ground
44,1,R,rocky-ground,M,4,.,.,.,X,R,R,R,terrain-rocky-ground
45,1,R,rocky-ground,M,4,.,.,.,X,R,R,R,terrain-rocky-ground
46,1,R,rocky-ground,M,4,.,.,.,X,R,R,R,terrain-rocky-ground
47,1,R,rocky-ground,M,4,.,.,.,X,R,R,R,terrain-rocky-ground
48,1,R,rocky-ground,M,4,.,.,.,X,R,R,R,terrain-rocky-ground
49,1,R,rocky-ground,M,4,.,.,.,X,R,R,R,terrain-rocky-ground
50,1,R,rocky-ground,M,4,.,.,.,X,R,R,R,terrain-rocky-ground
51,1,R,rocky-ground,M,4,.,.,.,X,R,R,R,terrain-rocky-ground
52,1,R,rocky-ground,M,4,.,.,.,X,R,R,R,terrain-rocky-ground
53,1,R,rocky-ground,M,4,.,.,.,X,R,R,R,terrain-rocky-ground
54,1,R,rocky-ground,M,4,.,.,.,X,R,R,R,terrain-rocky-ground
55,1,R,rocky-ground,M,4,.,.,.,X,R,R,R,terrain-rocky-ground
56,1,R,rocky-ground,M,4,.,.,.,X,R,R,R,terrain-rocky-ground
57,1,R,rocky-ground,M,4,.,.,.,X,R,R,R,terrain-rocky-ground
58,1,R,rocky-ground,M,4,.,.,.,X,R,R,R,terrain-rocky-ground
59,1,R,rocky-ground,M,4,.,.,.,X,R,R,R,terrain-rocky-ground
60,1,R,rocky-ground,M,4,.,.,.,X,R,R,R,terrain-rocky-ground
61,1,R,rocky-ground,M,4,.,.,.,X,R,R,R,terrain-rocky-ground
62,1,R,rocky-ground,M,4,.,.,.,X,R,R,R,terrain-rocky-ground
63,1,R,rocky-ground,M,4,.,.,.,X,R,R,R,terrain-rocky-ground
64,1,R,rocky-ground,M,4,.,.,.,X,R,R,R,terrain-rocky-ground
65,1,R,rocky-ground,M,4,.,.,.,X,R,R,R,terrain-rocky-ground
66,1,R,rocky-ground,M,4,.,.,.,X,R,R,R,terrain-rocky-ground
67,1,R,rocky-ground,M,4,.,.,.,X,R,W,R,terrain-rocky-ground
68,1,R,rocky-ground,M,4,.,.,.,X,R,R,R,terrain-rocky-ground
69,1,R,rocky-ground,M,4,.,.,.,X,R,R,R,terrain-rocky-ground
70,1,R,rocky-ground,M,4,.,.,.,X,R,R,R,terrain-rocky-ground
71,1,R,rocky-ground,M,4,.,.,.,X,R,R,R,terrain-rocky-ground
72,1,R,rocky-ground,M,4,.,.,.,X,R,R,R,terrain-rocky-ground
73,1,R,rocky-ground,M,4,.,.,.,X,R,R,R,terrain-rocky-ground
74,1,R,rocky-ground,M,4,.,.,.,X,R,R,R,terrain-rocky-ground
75,1,R,rocky-ground,M,4,.,.,.,X,R,R,R,terrain-rocky-ground
76,1,R,rocky-ground,M,4,.,.,.,X,R,R,R,terrain-rocky-ground
77,1,R,rocky-ground,M,4,.,.,.,X,R,R,R,terrain-rocky-ground
78,1,R,rocky-ground,M,4,.,.,.,X,R,R,R,terrain-rocky-ground
79,1,R,rocky-ground,M,4,.,.,.,X,R,R,R,terrain-rocky-ground
80,1,R,rocky-ground,M,4,.,.,.,X,R,R,R,terrain-rocky-ground
81,1,R,rocky-ground,M,4,.,.,.,X,R,R,R,terrain-rocky-ground
82,1,R,rocky-ground,M,4,.,.,.,X,R,R,R,terrain-rocky-ground
83,1,R,rocky-ground,M,4,.,.,.,X,R,R,R,terrain-rocky-ground
84,1,R,rocky-ground,M,4,.,.,.,X,R,R,R,terrain-rocky-ground
85,1,R,rocky-ground,M,4,.,.,.,X,R,R,R,terrain-rocky-ground
86,1,R,rocky-ground,M,4,.,.,.,X,R,R,R,terrain-rocky-ground
87,1,R,rocky-ground,M,4,.,.,.,X,R,R,R,terrain-rocky-ground
88,1,R,rocky-ground,M,4,.,.,.,X,R,R,R,terrain-rocky-ground
89,1,R,rocky-ground,M,4,.,.,.,X,R,R,R,terrain-rocky-ground
90,1,R,rocky-ground,M,4,.,.,.,X,R,R,R,terrain-rocky-ground
91,1,R,rocky-ground,M,4,.,.,.,X,R,R,R,terrain-rocky-ground
92,1,R,rocky-ground,M,4,.,.,.,X,R,R,R,terrain-rocky-ground
93,1,R,rocky-ground,M,4,.,.,.,X,R,R,R,terrain-rocky-ground
94,1,R,rocky-ground,M,4,.,.,.,X,R,R,R,terrain-rocky-ground
95,1,R,rocky-ground,M,4,.,.,.,X,R,R,R,terrain-rocky-ground
96,1,R,rocky-ground,M,4,.,.,.,X,R,R,R,terrain-rocky-ground
97,1,R,rocky-ground,M,4,.,.,.,X,R,R,R,terrain-rocky-ground
98,1,R,rocky-ground,M,4,.,.,.,X,X,R,R,terrain-rocky-ground
99,1,X,cliff-mountain,M,4,#,.,.,X,VOID,X,R,terrain-cliff-mountain
0,2,F,forest-floor,F,4,#,.,.,F,R,F,VOID,terrain-forest-floor
1,2,R,rocky-ground,M,4,.,.,.,R,R,R,F,terrain-rocky-ground
2,2,R,rocky-ground,M,4,.,.,.,R,R,R,R,terrain-rocky-ground
3,2,R,rocky-ground,M,4,.,.,.,R,R,R,R,terrain-rocky-ground
4,2,R,rocky-ground,M,4,.,.,.,R,R,R,R,terrain-rocky-ground
5,2,R,rocky-ground,M,4,.,.,.,R,R,R,R,terrain-rocky-ground
6,2,R,rocky-ground,M,4,.,.,.,R,R,R,R,terrain-rocky-ground
7,2,R,rocky-ground,M,4,.,.,.,R,R,R,R,terrain-rocky-ground
8,2,R,rocky-ground,M,4,.,.,.,R,R,R,R,terrain-rocky-ground
9,2,R,rocky-ground,M,4,.,.,.,R,R,R,R,terrain-rocky-ground
10,2,R,rocky-ground,M,4,.,.,.,R,R,R,R,terrain-rocky-ground
11,2,R,rocky-ground,M,4,.,.,.,R,R,R,R,terrain-rocky-ground
12,2,R,rocky-ground,M,4,.,.,.,R,R,R,R,terrain-rocky-ground
13,2,R,rocky-ground,M,4,.,.,.,R,R,R,R,terrain-rocky-ground
14,2,R,rocky-ground,M,4,.,.,.,R,R,R,R,terrain-rocky-ground
15,2,R,rocky-ground,M,4,.,.,.,R,R,R,R,terrain-rocky-ground
16,2,R,rocky-ground,M,4,.,.,.,R,R,R,R,terrain-rocky-ground
17,2,R,rocky-ground,M,4,.,.,.,R,R,R,R,terrain-rocky-ground
18,2,R,rocky-ground,M,4,.,.,.,R,W,W,R,terrain-rocky-ground
19,2,W,fresh-deep-water,L,4,#,.,.,R,R,W,R,terrain-fresh-water
20,2,R,rocky-ground,M,4,.,.,.,R,R,W,W,terrain-rocky-ground
21,2,R,rocky-ground,M,4,.,.,.,R,R,R,R,terrain-rocky-ground
22,2,R,rocky-ground,M,4,.,.,.,R,R,R,R,terrain-rocky-ground
23,2,R,rocky-ground,M,4,.,.,.,R,R,R,R,terrain-rocky-ground
24,2,R,rocky-ground,M,4,.,.,.,R,R,R,R,terrain-rocky-ground
25,2,R,rocky-ground,M,4,.,.,.,R,R,R,R,terrain-rocky-ground
26,2,R,rocky-ground,M,4,.,.,.,R,R,R,R,terrain-rocky-ground
27,2,R,rocky-ground,M,4,.,.,.,R,R,R,R,terrain-rocky-ground
28,2,R,rocky-ground,M,4,.,.,.,R,R,R,R,terrain-rocky-ground
29,2,R,rocky-ground,M,4,.,.,.,R,R,R,R,terrain-rocky-ground
30,2,R,rocky-ground,M,4,.,.,.,R,R,R,R,terrain-rocky-ground
31,2,R,rocky-ground,M,4,.,.,.,R,R,R,R,terrain-rocky-ground
32,2,R,rocky-ground,M,4,.,.,.,R,R,R,R,terrain-rocky-ground
33,2,R,rocky-ground,M,4,.,.,.,R,R,R,R,terrain-rocky-ground
34,2,R,rocky-ground,M,4,.,.,.,R,R,R,R,terrain-rocky-ground
35,2,R,rocky-ground,M,4,.,.,.,R,R,R,R,terrain-rocky-ground
36,2,R,rocky-ground,M,4,.,.,.,R,R,R,R,terrain-rocky-ground
37,2,R,rocky-ground,M,4,.,.,.,R,R,R,R,terrain-rocky-ground
38,2,R,rocky-ground,M,4,.,.,.,R,R,R,R,terrain-rocky-ground
39,2,R,rocky-ground,M,4,.,.,.,R,R,R,R,terrain-rocky-ground
40,2,R,rocky-ground,M,4,.,.,.,R,R,R,R,terrain-rocky-ground
41,2,R,rocky-ground,M,4,.,.,.,R,R,R,R,terrain-rocky-ground
42,2,R,rocky-ground,M,4,.,.,.,R,R,R,R,terrain-rocky-ground
43,2,R,rocky-ground,M,4,.,.,.,R,R,R,R,terrain-rocky-ground
44,2,R,rocky-ground,M,4,.,.,.,R,R,R,R,terrain-rocky-ground
45,2,R,rocky-ground,M,4,.,.,.,R,R,R,R,terrain-rocky-ground
46,2,R,rocky-ground,M,4,.,.,.,R,R,R,R,terrain-rocky-ground
47,2,R,rocky-ground,M,4,.,.,.,R,R,R,R,terrain-rocky-ground
48,2,R,rocky-ground,M,4,.,.,.,R,R,R,R,terrain-rocky-ground
49,2,R,rocky-ground,M,4,.,.,.,R,R,R,R,terrain-rocky-ground
50,2,R,rocky-ground,M,4,.,.,.,R,R,R,R,terrain-rocky-ground
51,2,R,rocky-ground,M,4,.,.,.,R,R,R,R,terrain-rocky-ground
52,2,R,rocky-ground,M,4,.,.,.,R,R,R,R,terrain-rocky-ground
53,2,R,rocky-ground,M,4,.,.,.,R,R,R,R,terrain-rocky-ground
54,2,R,rocky-ground,M,4,.,.,.,R,R,R,R,terrain-rocky-ground
55,2,R,rocky-ground,M,4,.,.,.,R,R,R,R,terrain-rocky-ground
56,2,R,rocky-ground,M,4,.,.,.,R,R,R,R,terrain-rocky-ground
57,2,R,rocky-ground,M,4,.,.,.,R,R,R,R,terrain-rocky-ground
58,2,R,rocky-ground,M,4,.,.,.,R,R,R,R,terrain-rocky-ground
59,2,R,rocky-ground,M,4,.,.,.,R,R,R,R,terrain-rocky-ground
60,2,R,rocky-ground,M,4,.,.,.,R,R,R,R,terrain-rocky-ground
61,2,R,rocky-ground,M,4,.,.,.,R,R,R,R,terrain-rocky-ground
62,2,R,rocky-ground,M,4,.,.,.,R,R,R,R,terrain-rocky-ground
63,2,R,rocky-ground,M,4,.,.,.,R,R,R,R,terrain-rocky-ground
64,2,R,rocky-ground,M,4,.,.,.,R,R,R,R,terrain-rocky-ground
65,2,R,rocky-ground,M,4,.,.,.,R,R,R,R,terrain-rocky-ground
66,2,R,rocky-ground,M,4,.,.,.,R,W,W,R,terrain-rocky-ground
67,2,W,fresh-deep-water,L,4,#,.,.,R,R,W,R,terrain-fresh-water
68,2,R,rocky-ground,M,4,.,.,.,R,R,W,W,terrain-rocky-ground
69,2,R,rocky-ground,M,4,.,.,.,R,R,R,R,terrain-rocky-ground
70,2,R,rocky-ground,M,4,.,.,.,R,R,R,R,terrain-rocky-ground
71,2,R,rocky-ground,M,4,.,.,.,R,R,R,R,terrain-rocky-ground
72,2,R,rocky-ground,M,4,.,.,.,R,R,R,R,terrain-rocky-ground
73,2,R,rocky-ground,M,4,.,.,.,R,R,R,R,terrain-rocky-ground
74,2,R,rocky-ground,M,4,.,.,.,R,R,R,R,terrain-rocky-ground
75,2,R,rocky-ground,M,4,.,.,.,R,R,R,R,terrain-rocky-ground
76,2,R,rocky-ground,M,4,.,.,.,R,R,R,R,terrain-rocky-ground
77,2,R,rocky-ground,M,4,.,.,.,R,R,R,R,terrain-rocky-ground
78,2,R,rocky-ground,M,4,.,.,.,R,R,R,R,terrain-rocky-ground
79,2,R,rocky-ground,M,4,.,.,.,R,R,R,R,terrain-rocky-ground
80,2,R,rocky-ground,M,4,.,.,.,R,R,R,R,terrain-rocky-ground
81,2,R,rocky-ground,M,4,.,.,.,R,R,R,R,terrain-rocky-ground
82,2,R,rocky-ground,M,4,.,.,.,R,R,R,R,terrain-rocky-ground
83,2,R,rocky-ground,M,4,.,.,.,R,R,R,R,terrain-rocky-ground
84,2,R,rocky-ground,M,4,.,.,.,R,R,R,R,terrain-rocky-ground
85,2,R,rocky-ground,M,4,.,.,.,R,R,R,R,terrain-rocky-ground
86,2,R,rocky-ground,M,4,.,.,.,R,R,R,R,terrain-rocky-ground
87,2,R,rocky-ground,M,4,.,.,.,R,R,R,R,terrain-rocky-ground
88,2,R,rocky-ground,M,4,.,.,.,R,R,R,R,terrain-rocky-ground
89,2,R,rocky-ground,M,4,.,.,.,R,R,R,R,terrain-rocky-ground
90,2,R,rocky-ground,M,4,.,.,.,R,R,R,R,terrain-rocky-ground
91,2,R,rocky-ground,M,4,.,.,.,R,R,R,R,terrain-rocky-ground
92,2,R,rocky-ground,M,4,.,.,.,R,R,R,R,terrain-rocky-ground
93,2,R,rocky-ground,M,4,.,.,.,R,R,R,R,terrain-rocky-ground
94,2,R,rocky-ground,M,4,.,.,.,R,R,R,R,terrain-rocky-ground
95,2,R,rocky-ground,M,4,.,.,.,R,R,R,R,terrain-rocky-ground
96,2,R,rocky-ground,M,4,.,.,.,R,R,R,R,terrain-rocky-ground
97,2,R,rocky-ground,M,4,.,.,.,R,R,R,R,terrain-rocky-ground
98,2,R,rocky-ground,M,4,.,.,.,R,X,R,R,terrain-rocky-ground
99,2,X,cliff-mountain,M,4,#,.,.,X,VOID,X,R,terrain-cliff-mountain
0,3,F,forest-floor,F,4,#,.,.,F,R,F,VOID,terrain-forest-floor
1,3,R,rocky-ground,M,4,.,.,.,R,R,R,F,terrain-rocky-ground
2,3,R,rocky-ground,M,4,.,.,.,R,R,R,R,terrain-rocky-ground
3,3,R,rocky-ground,M,4,.,.,.,R,R,R,R,terrain-rocky-ground
4,3,R,rocky-ground,M,4,.,.,.,R,R,R,R,terrain-rocky-ground
5,3,R,rocky-ground,M,4,.,.,.,R,R,R,R,terrain-rocky-ground
6,3,R,rocky-ground,M,4,.,.,.,R,R,R,R,terrain-rocky-ground
7,3,R,rocky-ground,M,4,.,.,.,R,R,R,R,terrain-rocky-ground
8,3,R,rocky-ground,M,4,.,.,.,R,R,R,R,terrain-rocky-ground
9,3,R,rocky-ground,M,4,.,.,.,R,R,R,R,terrain-rocky-ground
10,3,R,rocky-ground,M,4,.,.,.,R,R,R,R,terrain-rocky-ground
11,3,R,rocky-ground,M,4,.,.,.,R,R,R,R,terrain-rocky-ground
12,3,R,rocky-ground,M,4,.,.,.,R,R,R,R,terrain-rocky-ground
13,3,R,rocky-ground,M,4,.,.,.,R,R,R,R,terrain-rocky-ground
14,3,R,rocky-ground,M,4,.,.,.,R,R,R,R,terrain-rocky-ground
15,3,R,rocky-ground,M,4,.,.,.,R,R,R,R,terrain-rocky-ground
16,3,R,rocky-ground,M,4,.,.,.,R,R,R,R,terrain-rocky-ground
17,3,R,rocky-ground,M,4,.,.,.,R,W,R,R,terrain-rocky-ground
18,3,W,fresh-deep-water,L,4,#,.,.,R,W,W,R,terrain-fresh-water
19,3,W,fresh-deep-water,L,4,#,.,.,W,W,W,W,terrain-fresh-water
20,3,W,fresh-deep-water,L,4,#,.,.,R,R,W,W,terrain-fresh-water
21,3,R,rocky-ground,M,4,.,.,.,R,R,R,W,terrain-rocky-ground
22,3,R,rocky-ground,M,4,.,.,.,R,R,R,R,terrain-rocky-ground
23,3,R,rocky-ground,M,4,.,.,.,R,R,R,R,terrain-rocky-ground
24,3,R,rocky-ground,M,4,.,.,.,R,R,R,R,terrain-rocky-ground
25,3,R,rocky-ground,M,4,.,.,.,R,R,R,R,terrain-rocky-ground
26,3,R,rocky-ground,M,4,.,.,.,R,R,R,R,terrain-rocky-ground
27,3,R,rocky-ground,M,4,.,.,.,R,R,R,R,terrain-rocky-ground
28,3,R,rocky-ground,M,4,.,.,.,R,R,R,R,terrain-rocky-ground
29,3,R,rocky-ground,M,4,.,.,.,R,R,R,R,terrain-rocky-ground
30,3,R,rocky-ground,M,4,.,.,.,R,R,R,R,terrain-rocky-ground
31,3,R,rocky-ground,M,4,.,.,.,R,R,R,R,terrain-rocky-ground
32,3,R,rocky-ground,M,4,.,.,.,R,R,R,R,terrain-rocky-ground
33,3,R,rocky-ground,M,4,.,.,.,R,R,R,R,terrain-rocky-ground
34,3,R,rocky-ground,M,4,.,.,.,R,R,R,R,terrain-rocky-ground
35,3,R,rocky-ground,M,4,.,.,.,R,R,R,R,terrain-rocky-ground
36,3,R,rocky-ground,M,4,.,.,.,R,R,R,R,terrain-rocky-ground
37,3,R,rocky-ground,M,4,.,.,.,R,R,R,R,terrain-rocky-ground
38,3,R,rocky-ground,M,4,.,.,.,R,R,R,R,terrain-rocky-ground
39,3,R,rocky-ground,M,4,.,.,.,R,R,R,R,terrain-rocky-ground
40,3,R,rocky-ground,M,4,.,.,.,R,R,R,R,terrain-rocky-ground
41,3,R,rocky-ground,M,4,.,.,.,R,R,R,R,terrain-rocky-ground
42,3,R,rocky-ground,M,4,.,.,.,R,R,R,R,terrain-rocky-ground
43,3,R,rocky-ground,M,4,.,.,.,R,R,R,R,terrain-rocky-ground
44,3,R,rocky-ground,M,4,.,.,.,R,R,R,R,terrain-rocky-ground
45,3,R,rocky-ground,M,4,.,.,.,R,R,R,R,terrain-rocky-ground
46,3,R,rocky-ground,M,4,.,.,.,R,R,R,R,terrain-rocky-ground
47,3,R,rocky-ground,M,4,.,.,.,R,R,R,R,terrain-rocky-ground
48,3,R,rocky-ground,M,4,.,.,.,R,R,R,R,terrain-rocky-ground
49,3,R,rocky-ground,M,4,.,.,.,R,R,R,R,terrain-rocky-ground
50,3,R,rocky-ground,M,4,.,.,.,R,R,R,R,terrain-rocky-ground
51,3,R,rocky-ground,M,4,.,.,.,R,R,R,R,terrain-rocky-ground
52,3,R,rocky-ground,M,4,.,.,.,R,R,R,R,terrain-rocky-ground
53,3,R,rocky-ground,M,4,.,.,.,R,R,R,R,terrain-rocky-ground
54,3,R,rocky-ground,M,4,.,.,.,R,R,R,R,terrain-rocky-ground
55,3,R,rocky-ground,M,4,.,.,.,R,R,R,R,terrain-rocky-ground
56,3,R,rocky-ground,M,4,.,.,.,R,R,R,R,terrain-rocky-ground
57,3,R,rocky-ground,M,4,.,.,.,R,R,R,R,terrain-rocky-ground
58,3,R,rocky-ground,M,4,.,.,.,R,R,R,R,terrain-rocky-ground
59,3,R,rocky-ground,M,4,.,.,.,R,R,R,R,terrain-rocky-ground
60,3,R,rocky-ground,M,4,.,.,.,R,R,R,R,terrain-rocky-ground
61,3,R,rocky-ground,M,4,.,.,.,R,R,R,R,terrain-rocky-ground
62,3,R,rocky-ground,M,4,.,.,.,R,R,R,R,terrain-rocky-ground
63,3,R,rocky-ground,M,4,.,.,.,R,R,R,R,terrain-rocky-ground
64,3,R,rocky-ground,M,4,.,.,.,R,R,R,R,terrain-rocky-ground
65,3,R,rocky-ground,M,4,.,.,.,R,W,R,R,terrain-rocky-ground
66,3,W,fresh-deep-water,L,4,#,.,.,R,W,W,R,terrain-fresh-water
67,3,W,fresh-deep-water,L,4,#,.,.,W,W,W,W,terrain-fresh-water
68,3,W,fresh-deep-water,L,4,#,.,.,R,R,W,W,terrain-fresh-water
69,3,R,rocky-ground,M,4,.,.,.,R,R,R,W,terrain-rocky-ground
70,3,R,rocky-ground,M,4,.,.,.,R,R,R,R,terrain-rocky-ground
71,3,R,rocky-ground,M,4,.,.,.,R,R,R,R,terrain-rocky-ground
72,3,R,rocky-ground,M,4,.,.,.,R,R,R,R,terrain-rocky-ground
73,3,R,rocky-ground,M,4,.,.,.,R,R,R,R,terrain-rocky-ground
74,3,R,rocky-ground,M,4,.,.,.,R,R,R,R,terrain-rocky-ground
75,3,R,rocky-ground,M,4,.,.,.,R,R,R,R,terrain-rocky-ground
76,3,R,rocky-ground,M,4,.,.,.,R,R,R,R,terrain-rocky-ground
77,3,R,rocky-ground,M,4,.,.,.,R,R,R,R,terrain-rocky-ground
78,3,R,rocky-ground,M,4,.,.,.,R,R,R,R,terrain-rocky-ground
79,3,R,rocky-ground,M,4,.,.,.,R,R,R,R,terrain-rocky-ground
80,3,R,rocky-ground,M,4,.,.,.,R,R,R,R,terrain-rocky-ground
81,3,R,rocky-ground,M,4,.,.,.,R,R,R,R,terrain-rocky-ground
82,3,R,rocky-ground,M,4,.,.,.,R,R,R,R,terrain-rocky-ground
83,3,R,rocky-ground,M,4,.,.,.,R,R,R,R,terrain-rocky-ground
84,3,R,rocky-ground,M,4,.,.,.,R,R,R,R,terrain-rocky-ground
85,3,R,rocky-ground,M,4,.,.,.,R,R,R,R,terrain-rocky-ground
86,3,R,rocky-ground,M,4,.,.,.,R,R,R,R,terrain-rocky-ground
87,3,R,rocky-ground,M,4,.,.,.,R,R,R,R,terrain-rocky-ground
88,3,R,rocky-ground,M,4,.,.,.,R,R,R,R,terrain-rocky-ground
89,3,R,rocky-ground,M,4,.,.,.,R,R,R,R,terrain-rocky-ground
90,3,R,rocky-ground,M,4,.,.,.,R,R,R,R,terrain-rocky-ground
91,3,R,rocky-ground,M,4,.,.,.,R,R,R,R,terrain-rocky-ground
92,3,R,rocky-ground,M,4,.,.,.,R,R,R,R,terrain-rocky-ground
93,3,R,rocky-ground,M,4,.,.,.,R,R,R,R,terrain-rocky-ground
94,3,R,rocky-ground,M,4,.,.,.,R,R,R,R,terrain-rocky-ground
95,3,R,rocky-ground,M,4,.,.,.,R,R,R,R,terrain-rocky-ground
96,3,R,rocky-ground,M,4,.,.,.,R,R,R,R,terrain-rocky-ground
97,3,R,rocky-ground,M,4,.,.,.,R,R,R,R,terrain-rocky-ground
98,3,R,rocky-ground,M,4,.,.,.,R,X,R,R,terrain-rocky-ground
99,3,X,cliff-mountain,M,4,#,.,.,X,VOID,X,R,terrain-cliff-mountain
0,4,F,forest-floor,F,4,#,.,.,F,R,F,VOID,terrain-forest-floor
1,4,R,rocky-ground,M,4,.,.,.,R,R,R,F,terrain-rocky-ground
2,4,R,rocky-ground,M,4,.,.,.,R,R,R,R,terrain-rocky-ground
3,4,R,rocky-ground,M,4,.,.,.,R,R,R,R,terrain-rocky-ground
4,4,R,rocky-ground,M,4,.,.,.,R,R,R,R,terrain-rocky-ground
5,4,R,rocky-ground,M,4,.,.,.,R,R,R,R,terrain-rocky-ground
6,4,R,rocky-ground,M,4,.,.,.,R,R,R,R,terrain-rocky-ground
7,4,R,rocky-ground,M,4,.,.,.,R,R,R,R,terrain-rocky-ground
8,4,R,rocky-ground,M,4,.,.,.,R,R,R,R,terrain-rocky-ground
9,4,R,rocky-ground,M,4,.,.,.,R,R,R,R,terrain-rocky-ground
10,4,R,rocky-ground,M,4,.,.,.,R,R,R,R,terrain-rocky-ground
11,4,R,rocky-ground,M,4,.,.,.,R,R,R,R,terrain-rocky-ground
12,4,R,rocky-ground,M,4,.,.,.,R,R,R,R,terrain-rocky-ground
13,4,R,rocky-ground,M,4,.,.,.,R,R,R,R,terrain-rocky-ground
14,4,R,rocky-ground,M,4,.,.,.,R,R,R,R,terrain-rocky-ground
15,4,R,rocky-ground,M,4,.,.,.,R,R,R,R,terrain-rocky-ground
16,4,R,rocky-ground,M,4,.,.,.,R,R,R,R,terrain-rocky-ground
17,4,R,rocky-ground,M,4,.,.,.,R,W,R,R,terrain-rocky-ground
18,4,W,fresh-deep-water,L,4,#,.,.,W,W,R,R,terrain-fresh-water
19,4,W,fresh-deep-water,L,4,#,.,.,W,W,W,W,terrain-fresh-water
20,4,W,fresh-deep-water,L,4,#,.,.,W,R,W,W,terrain-fresh-water
21,4,R,rocky-ground,M,4,.,.,.,R,R,W,W,terrain-rocky-ground
22,4,R,rocky-ground,M,4,.,.,.,R,R,R,R,terrain-rocky-ground
23,4,R,rocky-ground,M,4,.,.,.,R,R,R,R,terrain-rocky-ground
24,4,R,rocky-ground,M,4,.,.,.,R,R,R,R,terrain-rocky-ground
25,4,R,rocky-ground,M,4,.,.,.,R,R,R,R,terrain-rocky-ground
26,4,R,rocky-ground,M,4,.,.,.,R,R,R,R,terrain-rocky-ground
27,4,R,rocky-ground,M,4,.,.,.,R,R,R,R,terrain-rocky-ground
28,4,R,rocky-ground,M,4,.,.,.,R,R,R,R,terrain-rocky-ground
29,4,R,rocky-ground,M,4,.,.,.,R,R,R,R,terrain-rocky-ground
30,4,R,rocky-ground,M,4,.,.,.,R,R,R,R,terrain-rocky-ground
31,4,R,rocky-ground,M,4,.,.,.,R,R,R,R,terrain-rocky-ground
32,4,R,rocky-ground,M,4,.,.,.,R,R,R,R,terrain-rocky-ground
33,4,R,rocky-ground,M,4,.,.,.,R,R,R,R,terrain-rocky-ground
34,4,R,rocky-ground,M,4,.,.,.,R,R,R,R,terrain-rocky-ground
35,4,R,rocky-ground,M,4,.,.,.,R,R,R,R,terrain-rocky-ground
36,4,R,rocky-ground,M,4,.,.,.,R,R,R,R,terrain-rocky-ground
37,4,R,rocky-ground,M,4,.,.,.,R,R,R,R,terrain-rocky-ground
38,4,R,rocky-ground,M,4,.,.,.,R,R,R,R,terrain-rocky-ground
39,4,R,rocky-ground,M,4,.,.,.,R,R,R,R,terrain-rocky-ground
40,4,R,rocky-ground,M,4,.,.,.,R,R,R,R,terrain-rocky-ground
41,4,R,rocky-ground,M,4,.,.,.,R,R,R,R,terrain-rocky-ground
42,4,R,rocky-ground,M,4,.,.,.,R,R,R,R,terrain-rocky-ground
43,4,R,rocky-ground,M,4,.,.,.,R,R,R,R,terrain-rocky-ground
44,4,R,rocky-ground,M,4,.,.,.,R,R,R,R,terrain-rocky-ground
45,4,R,rocky-ground,M,4,.,.,.,R,R,R,R,terrain-rocky-ground
46,4,R,rocky-ground,M,4,.,.,.,R,R,R,R,terrain-rocky-ground
47,4,R,rocky-ground,M,4,.,.,.,R,R,R,R,terrain-rocky-ground
48,4,R,rocky-ground,M,4,.,.,.,R,R,R,R,terrain-rocky-ground
49,4,R,rocky-ground,M,4,.,.,.,R,R,R,R,terrain-rocky-ground
50,4,R,rocky-ground,M,4,.,.,.,R,R,R,R,terrain-rocky-ground
51,4,R,rocky-ground,M,4,.,.,.,R,R,R,R,terrain-rocky-ground
52,4,R,rocky-ground,M,4,.,.,.,R,R,R,R,terrain-rocky-ground
53,4,R,rocky-ground,M,4,.,.,.,R,R,R,R,terrain-rocky-ground
54,4,R,rocky-ground,M,4,.,.,.,R,R,R,R,terrain-rocky-ground
55,4,R,rocky-ground,M,4,.,.,.,R,R,R,R,terrain-rocky-ground
56,4,R,rocky-ground,M,4,.,.,.,R,R,R,R,terrain-rocky-ground
57,4,R,rocky-ground,M,4,.,.,.,R,R,R,R,terrain-rocky-ground
58,4,R,rocky-ground,M,4,.,.,.,R,R,R,R,terrain-rocky-ground
59,4,R,rocky-ground,M,4,.,.,.,R,R,R,R,terrain-rocky-ground
60,4,R,rocky-ground,M,4,.,.,.,R,R,R,R,terrain-rocky-ground
61,4,R,rocky-ground,M,4,.,.,.,R,R,R,R,terrain-rocky-ground
62,4,R,rocky-ground,M,4,.,.,.,R,R,R,R,terrain-rocky-ground
63,4,R,rocky-ground,M,4,.,.,.,R,R,R,R,terrain-rocky-ground
64,4,R,rocky-ground,M,4,.,.,.,R,R,R,R,terrain-rocky-ground
65,4,R,rocky-ground,M,4,.,.,.,R,W,W,R,terrain-rocky-ground
66,4,W,fresh-deep-water,L,4,#,.,.,W,W,W,R,terrain-fresh-water
67,4,W,fresh-deep-water,L,4,#,.,.,W,W,W,W,terrain-fresh-water
68,4,W,fresh-deep-water,L,4,#,.,.,W,R,R,W,terrain-fresh-water
69,4,R,rocky-ground,M,4,.,.,.,R,R,R,W,terrain-rocky-ground
70,4,R,rocky-ground,M,4,.,.,.,R,R,R,R,terrain-rocky-ground
71,4,R,rocky-ground,M,4,.,.,.,R,R,R,R,terrain-rocky-ground
72,4,R,rocky-ground,M,4,.,.,.,R,R,R,R,terrain-rocky-ground
73,4,R,rocky-ground,M,4,.,.,.,R,R,R,R,terrain-rocky-ground
74,4,R,rocky-ground,M,4,.,.,.,R,R,R,R,terrain-rocky-ground
75,4,R,rocky-ground,M,4,.,.,.,R,R,R,R,terrain-rocky-ground
76,4,R,rocky-ground,M,4,.,.,.,R,R,R,R,terrain-rocky-ground
77,4,R,rocky-ground,M,4,.,.,.,R,R,R,R,terrain-rocky-ground
78,4,R,rocky-ground,M,4,.,.,.,R,R,R,R,terrain-rocky-ground
79,4,R,rocky-ground,M,4,.,.,.,R,R,R,R,terrain-rocky-ground
80,4,R,rocky-ground,M,4,.,.,.,R,R,R,R,terrain-rocky-ground
81,4,R,rocky-ground,M,4,.,.,.,R,R,R,R,terrain-rocky-ground
82,4,R,rocky-ground,M,4,.,.,.,R,R,R,R,terrain-rocky-ground
83,4,R,rocky-ground,M,4,.,.,.,R,R,R,R,terrain-rocky-ground
84,4,R,rocky-ground,M,4,.,.,.,R,R,R,R,terrain-rocky-ground
85,4,R,rocky-ground,M,4,.,.,.,R,R,R,R,terrain-rocky-ground
86,4,R,rocky-ground,M,4,.,.,.,R,R,R,R,terrain-rocky-ground
87,4,R,rocky-ground,M,4,.,.,.,R,R,R,R,terrain-rocky-ground
88,4,R,rocky-ground,M,4,.,.,.,R,R,R,R,terrain-rocky-ground
89,4,R,rocky-ground,M,4,.,.,.,R,R,R,R,terrain-rocky-ground
90,4,R,rocky-ground,M,4,.,.,.,R,R,R,R,terrain-rocky-ground
91,4,R,rocky-ground,M,4,.,.,.,R,R,R,R,terrain-rocky-ground
92,4,R,rocky-ground,M,4,.,.,.,R,R,R,R,terrain-rocky-ground
93,4,R,rocky-ground,M,4,.,.,.,R,R,R,R,terrain-rocky-ground
94,4,R,rocky-ground,M,4,.,.,.,R,R,R,R,terrain-rocky-ground
95,4,R,rocky-ground,M,4,.,.,.,R,R,R,R,terrain-rocky-ground
96,4,R,rocky-ground,M,4,.,.,.,R,R,R,R,terrain-rocky-ground
97,4,R,rocky-ground,M,4,.,.,.,R,R,R,R,terrain-rocky-ground
98,4,R,rocky-ground,M,4,.,.,.,R,X,R,R,terrain-rocky-ground
99,4,X,cliff-mountain,M,4,#,.,.,X,VOID,X,R,terrain-cliff-mountain
0,5,F,forest-floor,F,4,#,.,.,F,R,F,VOID,terrain-forest-floor
1,5,R,rocky-ground,M,4,.,.,.,R,R,R,F,terrain-rocky-ground
2,5,R,rocky-ground,M,4,.,.,.,R,R,R,R,terrain-rocky-ground
3,5,R,rocky-ground,M,4,.,.,.,R,R,R,R,terrain-rocky-ground
4,5,R,rocky-ground,M,4,.,.,.,R,R,R,R,terrain-rocky-ground
5,5,R,rocky-ground,M,4,.,.,.,R,R,R,R,terrain-rocky-ground
6,5,R,rocky-ground,M,4,.,.,.,R,R,R,R,terrain-rocky-ground
7,5,R,rocky-ground,M,4,.,.,.,R,R,R,R,terrain-rocky-ground
8,5,R,rocky-ground,M,4,.,.,.,R,R,R,R,terrain-rocky-ground
9,5,R,rocky-ground,M,4,.,.,.,R,R,R,R,terrain-rocky-ground
10,5,R,rocky-ground,M,4,.,.,.,R,R,R,R,terrain-rocky-ground
11,5,R,rocky-ground,M,4,.,.,.,R,R,R,R,terrain-rocky-ground
12,5,R,rocky-ground,M,4,.,.,.,R,R,R,R,terrain-rocky-ground
13,5,R,rocky-ground,M,4,.,.,.,R,R,R,R,terrain-rocky-ground
14,5,R,rocky-ground,M,4,.,.,.,R,R,R,R,terrain-rocky-ground
15,5,R,rocky-ground,M,4,.,.,.,R,R,R,R,terrain-rocky-ground
16,5,R,rocky-ground,M,4,.,.,.,R,R,R,R,terrain-rocky-ground
17,5,R,rocky-ground,M,4,.,.,.,R,R,R,R,terrain-rocky-ground
18,5,R,rocky-ground,M,4,.,.,.,W,W,R,R,terrain-rocky-ground
19,5,W,fresh-deep-water,L,4,#,.,.,W,W,W,R,terrain-fresh-water
20,5,W,fresh-deep-water,L,4,#,.,.,W,W,W,W,terrain-fresh-water
21,5,W,fresh-deep-water,L,4,#,.,.,R,R,W,W,terrain-fresh-water
22,5,R,rocky-ground,M,4,.,.,.,R,R,R,W,terrain-rocky-ground
23,5,R,rocky-ground,M,4,.,.,.,R,R,R,R,terrain-rocky-ground
24,5,R,rocky-ground,M,4,.,.,.,R,R,R,R,terrain-rocky-ground
25,5,R,rocky-ground,M,4,.,.,.,R,R,R,R,terrain-rocky-ground
26,5,R,rocky-ground,M,4,.,.,.,R,R,R,R,terrain-rocky-ground
27,5,R,rocky-ground,M,4,.,.,.,R,R,R,R,terrain-rocky-ground
28,5,R,rocky-ground,M,4,.,.,.,R,R,R,R,terrain-rocky-ground
29,5,R,rocky-ground,M,4,.,.,.,R,R,R,R,terrain-rocky-ground
30,5,R,rocky-ground,M,4,.,.,.,R,R,R,R,terrain-rocky-ground
31,5,R,rocky-ground,M,4,.,.,.,R,R,R,R,terrain-rocky-ground
32,5,R,rocky-ground,M,4,.,.,.,R,R,R,R,terrain-rocky-ground
33,5,R,rocky-ground,M,4,.,.,.,R,R,R,R,terrain-rocky-ground
34,5,R,rocky-ground,M,4,.,.,.,R,R,R,R,terrain-rocky-ground
35,5,R,rocky-ground,M,4,.,.,.,R,R,R,R,terrain-rocky-ground
36,5,R,rocky-ground,M,4,.,.,.,R,R,R,R,terrain-rocky-ground
37,5,R,rocky-ground,M,4,.,.,.,R,R,R,R,terrain-rocky-ground
38,5,R,rocky-ground,M,4,.,.,.,R,R,R,R,terrain-rocky-ground
39,5,R,rocky-ground,M,4,.,.,.,R,R,R,R,terrain-rocky-ground
40,5,R,rocky-ground,M,4,.,.,.,R,R,R,R,terrain-rocky-ground
41,5,R,rocky-ground,M,4,.,.,.,R,R,R,R,terrain-rocky-ground
42,5,R,rocky-ground,M,4,.,.,.,R,R,R,R,terrain-rocky-ground
43,5,R,rocky-ground,M,4,.,.,.,R,R,R,R,terrain-rocky-ground
44,5,R,rocky-ground,M,4,.,.,.,R,R,R,R,terrain-rocky-ground
45,5,R,rocky-ground,M,4,.,.,.,R,R,R,R,terrain-rocky-ground
46,5,R,rocky-ground,M,4,.,.,.,R,R,R,R,terrain-rocky-ground
47,5,R,rocky-ground,M,4,.,.,.,R,R,R,R,terrain-rocky-ground
48,5,R,rocky-ground,M,4,.,.,.,R,R,R,R,terrain-rocky-ground
49,5,R,rocky-ground,M,4,.,.,.,R,R,R,R,terrain-rocky-ground
50,5,R,rocky-ground,M,4,.,.,.,R,R,R,R,terrain-rocky-ground
51,5,R,rocky-ground,M,4,.,.,.,R,R,R,R,terrain-rocky-ground
52,5,R,rocky-ground,M,4,.,.,.,R,R,R,R,terrain-rocky-ground
53,5,R,rocky-ground,M,4,.,.,.,R,R,R,R,terrain-rocky-ground
54,5,R,rocky-ground,M,4,.,.,.,R,R,R,R,terrain-rocky-ground
55,5,R,rocky-ground,M,4,.,.,.,R,R,R,R,terrain-rocky-ground
56,5,R,rocky-ground,M,4,.,.,.,R,R,R,R,terrain-rocky-ground
57,5,R,rocky-ground,M,4,.,.,.,R,R,R,R,terrain-rocky-ground
58,5,R,rocky-ground,M,4,.,.,.,R,R,R,R,terrain-rocky-ground
59,5,R,rocky-ground,M,4,.,.,.,R,R,R,R,terrain-rocky-ground
60,5,R,rocky-ground,M,4,.,.,.,R,R,R,R,terrain-rocky-ground
61,5,R,rocky-ground,M,4,.,.,.,R,R,R,R,terrain-rocky-ground
62,5,R,rocky-ground,M,4,.,.,.,R,R,R,R,terrain-rocky-ground
63,5,R,rocky-ground,M,4,.,.,.,R,R,R,R,terrain-rocky-ground
64,5,R,rocky-ground,M,4,.,.,.,R,W,R,R,terrain-rocky-ground
65,5,W,fresh-deep-water,L,4,#,.,.,R,W,W,R,terrain-fresh-water
66,5,W,fresh-deep-water,L,4,#,.,.,W,W,W,W,terrain-fresh-water
67,5,W,fresh-deep-water,L,4,#,.,.,W,R,W,W,terrain-fresh-water
68,5,R,rocky-ground,M,4,.,.,.,W,R,R,W,terrain-rocky-ground
69,5,R,rocky-ground,M,4,.,.,.,R,R,R,R,terrain-rocky-ground
70,5,R,rocky-ground,M,4,.,.,.,R,R,R,R,terrain-rocky-ground
71,5,R,rocky-ground,M,4,.,.,.,R,R,R,R,terrain-rocky-ground
72,5,R,rocky-ground,M,4,.,.,.,R,R,R,R,terrain-rocky-ground
73,5,R,rocky-ground,M,4,.,.,.,R,R,R,R,terrain-rocky-ground
74,5,R,rocky-ground,M,4,.,.,.,R,R,R,R,terrain-rocky-ground
75,5,R,rocky-ground,M,4,.,.,.,R,R,R,R,terrain-rocky-ground
76,5,R,rocky-ground,M,4,.,.,.,R,R,R,R,terrain-rocky-ground
77,5,R,rocky-ground,M,4,.,.,.,R,R,R,R,terrain-rocky-ground
78,5,R,rocky-ground,M,4,.,.,.,R,R,R,R,terrain-rocky-ground
79,5,R,rocky-ground,M,4,.,.,.,R,R,R,R,terrain-rocky-ground
80,5,R,rocky-ground,M,4,.,.,.,R,R,R,R,terrain-rocky-ground
81,5,R,rocky-ground,M,4,.,.,.,R,R,R,R,terrain-rocky-ground
82,5,R,rocky-ground,M,4,.,.,.,R,R,R,R,terrain-rocky-ground
83,5,R,rocky-ground,M,4,.,.,.,R,R,R,R,terrain-rocky-ground
84,5,R,rocky-ground,M,4,.,.,.,R,R,R,R,terrain-rocky-ground
85,5,R,rocky-ground,M,4,.,.,.,R,R,R,R,terrain-rocky-ground
86,5,R,rocky-ground,M,4,.,.,.,R,R,R,R,terrain-rocky-ground
87,5,R,rocky-ground,M,4,.,.,.,R,R,R,R,terrain-rocky-ground
88,5,R,rocky-ground,M,4,.,.,.,R,R,R,R,terrain-rocky-ground
89,5,R,rocky-ground,M,4,.,.,.,R,R,R,R,terrain-rocky-ground
90,5,R,rocky-ground,M,4,.,.,.,R,R,R,R,terrain-rocky-ground
91,5,R,rocky-ground,M,4,.,.,.,R,R,R,R,terrain-rocky-ground
92,5,R,rocky-ground,M,4,.,.,.,R,R,R,R,terrain-rocky-ground
93,5,R,rocky-ground,M,4,.,.,.,R,R,R,R,terrain-rocky-ground
94,5,R,rocky-ground,M,4,.,.,.,R,R,R,R,terrain-rocky-ground
95,5,R,rocky-ground,M,4,.,.,.,R,R,R,R,terrain-rocky-ground
96,5,R,rocky-ground,M,4,.,.,.,R,R,R,R,terrain-rocky-ground
97,5,R,rocky-ground,M,4,.,.,.,R,R,R,R,terrain-rocky-ground
98,5,R,rocky-ground,M,4,.,.,.,R,X,R,R,terrain-rocky-ground
99,5,X,cliff-mountain,M,4,#,.,.,X,VOID,X,R,terrain-cliff-mountain
0,6,F,forest-floor,F,4,#,.,.,F,R,F,VOID,terrain-forest-floor
1,6,R,rocky-ground,M,4,.,.,.,R,R,F,F,terrain-rocky-ground
2,6,R,rocky-ground,M,4,.,.,.,R,R,F,R,terrain-rocky-ground
3,6,R,rocky-ground,M,4,.,.,.,R,R,F,R,terrain-rocky-ground
4,6,R,rocky-ground,M,4,.,.,.,R,R,F,R,terrain-rocky-ground
5,6,R,rocky-ground,M,4,.,.,.,R,R,F,R,terrain-rocky-ground
6,6,R,rocky-ground,M,4,.,.,.,R,R,F,R,terrain-rocky-ground
7,6,R,rocky-ground,M,4,.,.,.,R,R,F,R,terrain-rocky-ground
8,6,R,rocky-ground,M,4,.,.,.,R,R,F,R,terrain-rocky-ground
9,6,R,rocky-ground,M,4,.,.,.,R,R,F,R,terrain-rocky-ground
10,6,R,rocky-ground,M,4,.,.,.,R,R,F,R,terrain-rocky-ground
11,6,R,rocky-ground,M,4,.,.,.,R,R,F,R,terrain-rocky-ground
12,6,R,rocky-ground,M,4,.,.,.,R,R,F,R,terrain-rocky-ground
13,6,R,rocky-ground,M,4,.,.,.,R,R,F,R,terrain-rocky-ground
14,6,R,rocky-ground,M,4,.,.,.,R,R,R,R,terrain-rocky-ground
15,6,R,rocky-ground,M,4,.,.,.,R,R,R,R,terrain-rocky-ground
16,6,R,rocky-ground,M,4,.,.,.,R,R,R,R,terrain-rocky-ground
17,6,R,rocky-ground,M,4,.,.,.,R,R,R,R,terrain-rocky-ground
18,6,R,rocky-ground,M,4,.,.,.,R,W,R,R,terrain-rocky-ground
19,6,W,fresh-deep-water,L,4,#,.,.,W,W,W,R,terrain-fresh-water
20,6,W,fresh-deep-water,L,4,#,.,.,W,W,W,W,terrain-fresh-water
21,6,W,fresh-deep-water,L,4,#,.,.,W,R,W,W,terrain-fresh-water
22,6,R,rocky-ground,M,4,.,.,.,R,R,R,W,terrain-rocky-ground
23,6,R,rocky-ground,M,4,.,.,.,R,R,R,R,terrain-rocky-ground
24,6,R,rocky-ground,M,4,.,.,.,R,R,R,R,terrain-rocky-ground
25,6,R,rocky-ground,M,4,.,.,.,R,R,R,R,terrain-rocky-ground
26,6,R,rocky-ground,M,4,.,.,.,R,R,R,R,terrain-rocky-ground
27,6,R,rocky-ground,M,4,.,.,.,R,R,R,R,terrain-rocky-ground
28,6,R,rocky-ground,M,4,.,.,.,R,R,R,R,terrain-rocky-ground
29,6,R,rocky-ground,M,4,.,.,.,R,R,R,R,terrain-rocky-ground
30,6,R,rocky-ground,M,4,.,.,.,R,R,R,R,terrain-rocky-ground
31,6,R,rocky-ground,M,4,.,.,.,R,R,R,R,terrain-rocky-ground
32,6,R,rocky-ground,M,4,.,.,.,R,R,R,R,terrain-rocky-ground
33,6,R,rocky-ground,M,4,.,.,.,R,R,R,R,terrain-rocky-ground
34,6,R,rocky-ground,M,4,.,.,.,R,R,R,R,terrain-rocky-ground
35,6,R,rocky-ground,M,4,.,.,.,R,R,R,R,terrain-rocky-ground
36,6,R,rocky-ground,M,4,.,.,.,R,R,R,R,terrain-rocky-ground
37,6,R,rocky-ground,M,4,.,.,.,R,R,R,R,terrain-rocky-ground
38,6,R,rocky-ground,M,4,.,.,.,R,R,R,R,terrain-rocky-ground
39,6,R,rocky-ground,M,4,.,.,.,R,R,R,R,terrain-rocky-ground
40,6,R,rocky-ground,M,4,.,.,.,R,R,R,R,terrain-rocky-ground
41,6,R,rocky-ground,M,4,.,.,.,R,R,R,R,terrain-rocky-ground
42,6,R,rocky-ground,M,4,.,.,.,R,R,R,R,terrain-rocky-ground
43,6,R,rocky-ground,M,4,.,.,.,R,R,R,R,terrain-rocky-ground
44,6,R,rocky-ground,M,4,.,.,.,R,R,R,R,terrain-rocky-ground
45,6,R,rocky-ground,M,4,.,.,.,R,R,R,R,terrain-rocky-ground
46,6,R,rocky-ground,M,4,.,.,.,R,R,R,R,terrain-rocky-ground
47,6,R,rocky-ground,M,4,.,.,.,R,R,R,R,terrain-rocky-ground
48,6,R,rocky-ground,M,4,.,.,.,R,R,R,R,terrain-rocky-ground
49,6,R,rocky-ground,M,4,.,.,.,R,R,R,R,terrain-rocky-ground
50,6,R,rocky-ground,M,4,.,.,.,R,R,R,R,terrain-rocky-ground
51,6,R,rocky-ground,M,4,.,.,.,R,R,R,R,terrain-rocky-ground
52,6,R,rocky-ground,M,4,.,.,.,R,R,R,R,terrain-rocky-ground
53,6,R,rocky-ground,M,4,.,.,.,R,R,R,R,terrain-rocky-ground
54,6,R,rocky-ground,M,4,.,.,.,R,R,R,R,terrain-rocky-ground
55,6,R,rocky-ground,M,4,.,.,.,R,R,R,R,terrain-rocky-ground
56,6,R,rocky-ground,M,4,.,.,.,R,R,R,R,terrain-rocky-ground
57,6,R,rocky-ground,M,4,.,.,.,R,R,R,R,terrain-rocky-ground
58,6,R,rocky-ground,M,4,.,.,.,R,R,R,R,terrain-rocky-ground
59,6,R,rocky-ground,M,4,.,.,.,R,R,R,R,terrain-rocky-ground
60,6,R,rocky-ground,M,4,.,.,.,R,R,R,R,terrain-rocky-ground
61,6,R,rocky-ground,M,4,.,.,.,R,R,R,R,terrain-rocky-ground
62,6,R,rocky-ground,M,4,.,.,.,R,R,R,R,terrain-rocky-ground
63,6,R,rocky-ground,M,4,.,.,.,R,R,R,R,terrain-rocky-ground
64,6,R,rocky-ground,M,4,.,.,.,R,W,W,R,terrain-rocky-ground
65,6,W,fresh-deep-water,L,4,#,.,.,W,W,W,R,terrain-fresh-water
66,6,W,fresh-deep-water,L,4,#,.,.,W,W,W,W,terrain-fresh-water
67,6,W,fresh-deep-water,L,4,#,.,.,W,R,R,W,terrain-fresh-water
68,6,R,rocky-ground,M,4,.,.,.,R,R,R,W,terrain-rocky-ground
69,6,R,rocky-ground,M,4,.,.,.,R,R,R,R,terrain-rocky-ground
70,6,R,rocky-ground,M,4,.,.,.,R,R,R,R,terrain-rocky-ground
71,6,R,rocky-ground,M,4,.,.,.,R,R,R,R,terrain-rocky-ground
72,6,R,rocky-ground,M,4,.,.,.,R,R,R,R,terrain-rocky-ground
73,6,R,rocky-ground,M,4,.,.,.,R,R,R,R,terrain-rocky-ground
74,6,R,rocky-ground,M,4,.,.,.,R,R,R,R,terrain-rocky-ground
75,6,R,rocky-ground,M,4,.,.,.,R,R,R,R,terrain-rocky-ground
76,6,R,rocky-ground,M,4,.,.,.,R,R,R,R,terrain-rocky-ground
77,6,R,rocky-ground,M,4,.,.,.,R,R,R,R,terrain-rocky-ground
78,6,R,rocky-ground,M,4,.,.,.,R,R,R,R,terrain-rocky-ground
79,6,R,rocky-ground,M,4,.,.,.,R,R,R,R,terrain-rocky-ground
80,6,R,rocky-ground,M,4,.,.,.,R,R,R,R,terrain-rocky-ground
81,6,R,rocky-ground,M,4,.,.,.,R,R,R,R,terrain-rocky-ground
82,6,R,rocky-ground,M,4,.,.,.,R,R,R,R,terrain-rocky-ground
83,6,R,rocky-ground,M,4,.,.,.,R,R,R,R,terrain-rocky-ground
84,6,R,rocky-ground,M,4,.,.,.,R,R,R,R,terrain-rocky-ground
85,6,R,rocky-ground,M,4,.,.,.,R,R,R,R,terrain-rocky-ground
86,6,R,rocky-ground,M,4,.,.,.,R,R,R,R,terrain-rocky-ground
87,6,R,rocky-ground,M,4,.,.,.,R,R,R,R,terrain-rocky-ground
88,6,R,rocky-ground,M,4,.,.,.,R,R,R,R,terrain-rocky-ground
89,6,R,rocky-ground,M,4,.,.,.,R,R,R,R,terrain-rocky-ground
90,6,R,rocky-ground,M,4,.,.,.,R,R,R,R,terrain-rocky-ground
91,6,R,rocky-ground,M,4,.,.,.,R,R,R,R,terrain-rocky-ground
92,6,R,rocky-ground,M,4,.,.,.,R,R,R,R,terrain-rocky-ground
93,6,R,rocky-ground,M,4,.,.,.,R,R,R,R,terrain-rocky-ground
94,6,R,rocky-ground,M,4,.,.,.,R,R,R,R,terrain-rocky-ground
95,6,R,rocky-ground,M,4,.,.,.,R,R,R,R,terrain-rocky-ground
96,6,R,rocky-ground,M,4,.,.,.,R,R,R,R,terrain-rocky-ground
97,6,R,rocky-ground,M,4,.,.,.,R,R,R,R,terrain-rocky-ground
98,6,R,rocky-ground,M,4,.,.,.,R,X,R,R,terrain-rocky-ground
99,6,X,cliff-mountain,M,4,#,.,.,X,VOID,X,R,terrain-cliff-mountain
0,7,F,forest-floor,F,3,#,.,.,F,F,F,VOID,terrain-forest-floor
1,7,F,forest-floor,F,2,.,.,.,R,F,F,F,terrain-forest-floor
2,7,F,forest-floor,F,2,.,.,.,R,F,F,F,terrain-forest-floor
3,7,F,forest-floor,F,2,.,.,.,R,F,F,F,terrain-forest-floor
4,7,F,forest-floor,F,2,.,.,.,R,F,F,F,terrain-forest-floor
5,7,F,forest-floor,F,2,.,.,.,R,F,F,F,terrain-forest-floor
6,7,F,forest-floor,F,2,.,.,.,R,F,F,F,terrain-forest-floor
7,7,F,forest-floor,F,2,.,.,.,R,F,F,F,terrain-forest-floor
8,7,F,forest-floor,F,2,.,.,.,R,F,F,F,terrain-forest-floor
9,7,F,forest-floor,F,2,.,.,.,R,F,F,F,terrain-forest-floor
10,7,F,forest-floor,F,2,.,.,.,R,F,F,F,terrain-forest-floor
11,7,F,forest-floor,F,2,.,.,.,R,F,F,F,terrain-forest-floor
12,7,F,forest-floor,F,2,.,.,.,R,F,F,F,terrain-forest-floor
13,7,F,forest-floor,F,2,.,.,.,R,R,F,F,terrain-forest-floor
14,7,R,rocky-ground,M,3,.,.,.,R,R,F,F,terrain-rocky-ground
15,7,R,rocky-ground,M,3,.,.,.,R,R,F,R,terrain-rocky-ground
16,7,R,rocky-ground,M,3,.,.,.,R,R,F,R,terrain-rocky-ground
17,7,R,rocky-ground,M,3,.,.,.,R,R,F,R,terrain-rocky-ground
18,7,R,rocky-ground,M,3,.,.,.,R,W,F,R,terrain-rocky-ground
19,7,W,fresh-deep-water,L,3,#,.,.,W,W,W,R,terrain-fresh-water
20,7,W,fresh-deep-water,L,3,#,.,.,W,W,W,W,terrain-fresh-water
21,7,W,fresh-deep-water,L,3,#,.,.,W,R,W,W,terrain-fresh-water
22,7,R,rocky-ground,M,3,.,.,.,R,R,F,W,terrain-rocky-ground
23,7,R,rocky-ground,M,3,.,.,.,R,R,F,R,terrain-rocky-ground
24,7,R,rocky-ground,M,3,.,.,.,R,R,F,R,terrain-rocky-ground
25,7,R,rocky-ground,M,3,.,.,.,R,R,F,R,terrain-rocky-ground
26,7,R,rocky-ground,M,3,.,.,.,R,R,F,R,terrain-rocky-ground
27,7,R,rocky-ground,M,3,.,.,.,R,R,F,R,terrain-rocky-ground
28,7,R,rocky-ground,M,3,.,.,.,R,R,F,R,terrain-rocky-ground
29,7,R,rocky-ground,M,3,.,.,.,R,R,R,R,terrain-rocky-ground
30,7,R,rocky-ground,M,3,.,.,.,R,R,R,R,terrain-rocky-ground
31,7,R,rocky-ground,M,3,.,.,.,R,R,R,R,terrain-rocky-ground
32,7,R,rocky-ground,M,3,.,.,.,R,R,R,R,terrain-rocky-ground
33,7,R,rocky-ground,M,3,.,.,.,R,R,R,R,terrain-rocky-ground
34,7,R,rocky-ground,M,3,.,.,.,R,R,R,R,terrain-rocky-ground
35,7,R,rocky-ground,M,3,.,.,.,R,R,R,R,terrain-rocky-ground
36,7,R,rocky-ground,M,3,.,.,.,R,R,R,R,terrain-rocky-ground
37,7,R,rocky-ground,M,3,.,.,.,R,R,R,R,terrain-rocky-ground
38,7,R,rocky-ground,M,3,.,.,.,R,R,R,R,terrain-rocky-ground
39,7,R,rocky-ground,M,3,.,.,.,R,R,R,R,terrain-rocky-ground
40,7,R,rocky-ground,M,3,.,.,.,R,R,R,R,terrain-rocky-ground
41,7,R,rocky-ground,M,3,.,.,.,R,R,R,R,terrain-rocky-ground
42,7,R,rocky-ground,M,3,.,.,.,R,R,R,R,terrain-rocky-ground
43,7,R,rocky-ground,M,3,.,.,.,R,R,R,R,terrain-rocky-ground
44,7,R,rocky-ground,M,3,.,.,.,R,R,R,R,terrain-rocky-ground
45,7,R,rocky-ground,M,3,.,.,.,R,R,R,R,terrain-rocky-ground
46,7,R,rocky-ground,M,3,.,.,.,R,R,R,R,terrain-rocky-ground
47,7,R,rocky-ground,M,3,.,.,.,R,R,R,R,terrain-rocky-ground
48,7,R,rocky-ground,M,3,.,.,.,R,R,R,R,terrain-rocky-ground
49,7,R,rocky-ground,M,3,.,.,.,R,R,R,R,terrain-rocky-ground
50,7,R,rocky-ground,M,3,.,.,.,R,R,R,R,terrain-rocky-ground
51,7,R,rocky-ground,M,3,.,.,.,R,R,R,R,terrain-rocky-ground
52,7,R,rocky-ground,M,3,.,.,.,R,R,R,R,terrain-rocky-ground
53,7,R,rocky-ground,M,3,.,.,.,R,R,R,R,terrain-rocky-ground
54,7,R,rocky-ground,M,3,.,.,.,R,R,R,R,terrain-rocky-ground
55,7,R,rocky-ground,M,3,.,.,.,R,R,R,R,terrain-rocky-ground
56,7,R,rocky-ground,M,3,.,.,.,R,R,R,R,terrain-rocky-ground
57,7,R,rocky-ground,M,3,.,.,.,R,R,R,R,terrain-rocky-ground
58,7,R,rocky-ground,M,3,.,.,.,R,R,R,R,terrain-rocky-ground
59,7,R,rocky-ground,M,3,.,.,.,R,R,R,R,terrain-rocky-ground
60,7,R,rocky-ground,M,3,.,.,.,R,R,R,R,terrain-rocky-ground
61,7,R,rocky-ground,M,3,.,.,.,R,R,R,R,terrain-rocky-ground
62,7,R,rocky-ground,M,3,.,.,.,R,R,R,R,terrain-rocky-ground
63,7,R,rocky-ground,M,3,.,.,.,R,W,R,R,terrain-rocky-ground
64,7,W,fresh-deep-water,L,3,#,.,.,R,W,W,R,terrain-fresh-water
65,7,W,fresh-deep-water,L,3,#,.,.,W,W,W,W,terrain-fresh-water
66,7,W,fresh-deep-water,L,3,#,.,.,W,R,W,W,terrain-fresh-water
67,7,R,rocky-ground,M,3,.,.,.,W,R,R,W,terrain-rocky-ground
68,7,R,rocky-ground,M,3,.,.,.,R,R,R,R,terrain-rocky-ground
69,7,R,rocky-ground,M,3,.,.,.,R,R,R,R,terrain-rocky-ground
70,7,R,rocky-ground,M,3,.,.,.,R,R,R,R,terrain-rocky-ground
71,7,R,rocky-ground,M,3,.,.,.,R,R,R,R,terrain-rocky-ground
72,7,R,rocky-ground,M,3,.,.,.,R,R,R,R,terrain-rocky-ground
73,7,R,rocky-ground,M,3,.,.,.,R,R,R,R,terrain-rocky-ground
74,7,R,rocky-ground,M,3,.,.,.,R,R,R,R,terrain-rocky-ground
75,7,R,rocky-ground,M,3,.,.,.,R,R,R,R,terrain-rocky-ground
76,7,R,rocky-ground,M,3,.,.,.,R,R,R,R,terrain-rocky-ground
77,7,R,rocky-ground,M,3,.,.,.,R,R,R,R,terrain-rocky-ground
78,7,R,rocky-ground,M,3,.,.,.,R,R,R,R,terrain-rocky-ground
79,7,R,rocky-ground,M,3,.,.,.,R,R,R,R,terrain-rocky-ground
80,7,R,rocky-ground,M,3,.,.,.,R,R,R,R,terrain-rocky-ground
81,7,R,rocky-ground,M,3,.,.,.,R,R,R,R,terrain-rocky-ground
82,7,R,rocky-ground,M,3,.,.,.,R,R,R,R,terrain-rocky-ground
83,7,R,rocky-ground,M,3,.,.,.,R,R,R,R,terrain-rocky-ground
84,7,R,rocky-ground,M,3,.,.,.,R,R,R,R,terrain-rocky-ground
85,7,R,rocky-ground,M,3,.,.,.,R,R,R,R,terrain-rocky-ground
86,7,R,rocky-ground,M,3,.,.,.,R,R,R,R,terrain-rocky-ground
87,7,R,rocky-ground,M,3,.,.,.,R,R,R,R,terrain-rocky-ground
88,7,R,rocky-ground,M,3,.,.,.,R,R,R,R,terrain-rocky-ground
89,7,R,rocky-ground,M,3,.,.,.,R,R,R,R,terrain-rocky-ground
90,7,R,rocky-ground,M,3,.,.,.,R,R,R,R,terrain-rocky-ground
91,7,R,rocky-ground,M,3,.,.,.,R,R,R,R,terrain-rocky-ground
92,7,R,rocky-ground,M,3,.,.,.,R,R,R,R,terrain-rocky-ground
93,7,R,rocky-ground,M,3,.,.,.,R,R,R,R,terrain-rocky-ground
94,7,R,rocky-ground,M,3,.,.,.,R,R,R,R,terrain-rocky-ground
95,7,R,rocky-ground,M,3,.,.,.,R,R,R,R,terrain-rocky-ground
96,7,R,rocky-ground,M,3,.,.,.,R,R,R,R,terrain-rocky-ground
97,7,R,rocky-ground,M,3,.,.,.,R,R,R,R,terrain-rocky-ground
98,7,R,rocky-ground,M,3,.,.,.,R,X,R,R,terrain-rocky-ground
99,7,X,cliff-mountain,M,3,#,.,.,X,VOID,X,R,terrain-cliff-mountain
0,8,F,forest-floor,F,3,#,.,.,F,F,F,VOID,terrain-forest-floor
1,8,F,forest-floor,F,2,.,.,.,F,F,F,F,terrain-forest-floor
2,8,F,forest-floor,F,2,.,.,.,F,F,F,F,terrain-forest-floor
3,8,F,forest-floor,F,2,.,.,.,F,F,F,F,terrain-forest-floor
4,8,F,forest-floor,F,2,.,.,.,F,F,F,F,terrain-forest-floor
5,8,F,forest-floor,F,2,.,.,.,F,F,F,F,terrain-forest-floor
6,8,F,forest-floor,F,2,.,.,.,F,F,F,F,terrain-forest-floor
7,8,F,forest-floor,F,2,.,.,.,F,F,F,F,terrain-forest-floor
8,8,F,forest-floor,F,2,.,.,.,F,F,F,F,terrain-forest-floor
9,8,F,forest-floor,F,2,.,.,.,F,F,F,F,terrain-forest-floor
10,8,F,forest-floor,F,2,.,.,.,F,F,F,F,terrain-forest-floor
11,8,F,forest-floor,F,2,.,.,.,F,F,F,F,terrain-forest-floor
12,8,F,forest-floor,F,2,.,.,.,F,F,F,F,terrain-forest-floor
13,8,F,forest-floor,F,2,.,.,.,F,F,F,F,terrain-forest-floor
14,8,F,forest-floor,F,2,.,.,.,R,F,F,F,terrain-forest-floor
15,8,F,forest-floor,F,2,.,.,.,R,F,F,F,terrain-forest-floor
16,8,F,forest-floor,F,2,.,.,.,R,F,F,F,terrain-forest-floor
17,8,F,forest-floor,F,2,.,.,.,R,F,F,F,terrain-forest-floor
18,8,F,forest-floor,F,2,.,.,.,R,W,F,F,terrain-forest-floor
19,8,W,fresh-deep-water,L,3,#,.,.,W,W,F,F,terrain-fresh-water
20,8,W,fresh-deep-water,L,3,#,.,.,W,W,W,W,terrain-fresh-water
21,8,W,fresh-deep-water,L,3,#,.,.,W,F,W,W,terrain-fresh-water
22,8,F,forest-floor,F,2,.,.,.,R,F,W,W,terrain-forest-floor
23,8,F,forest-floor,F,2,.,.,.,R,F,F,F,terrain-forest-floor
24,8,F,forest-floor,F,2,.,.,.,R,F,F,F,terrain-forest-floor
25,8,F,forest-floor,F,2,.,.,.,R,F,F,F,terrain-forest-floor
26,8,F,forest-floor,F,2,.,.,.,R,F,F,F,terrain-forest-floor
27,8,F,forest-floor,F,2,.,.,.,R,F,F,F,terrain-forest-floor
28,8,F,forest-floor,F,2,.,.,.,R,R,F,F,terrain-forest-floor
29,8,R,rocky-ground,M,3,.,.,.,R,R,F,F,terrain-rocky-ground
30,8,R,rocky-ground,M,3,.,.,.,R,R,R,R,terrain-rocky-ground
31,8,R,rocky-ground,M,3,.,.,.,R,R,R,R,terrain-rocky-ground
32,8,R,rocky-ground,M,3,.,.,.,R,R,R,R,terrain-rocky-ground
33,8,R,rocky-ground,M,3,.,.,.,R,R,R,R,terrain-rocky-ground
34,8,R,rocky-ground,M,3,.,.,.,R,R,R,R,terrain-rocky-ground
35,8,R,rocky-ground,M,3,.,.,.,R,R,R,R,terrain-rocky-ground
36,8,R,rocky-ground,M,3,.,.,.,R,R,R,R,terrain-rocky-ground
37,8,R,rocky-ground,M,3,.,.,.,R,R,R,R,terrain-rocky-ground
38,8,R,rocky-ground,M,3,.,.,.,R,R,R,R,terrain-rocky-ground
39,8,R,rocky-ground,M,3,.,.,.,R,R,R,R,terrain-rocky-ground
40,8,R,rocky-ground,M,3,.,.,.,R,R,R,R,terrain-rocky-ground
41,8,R,rocky-ground,M,3,.,.,.,R,R,R,R,terrain-rocky-ground
42,8,R,rocky-ground,M,3,.,.,.,R,R,R,R,terrain-rocky-ground
43,8,R,rocky-ground,M,3,.,.,.,R,R,R,R,terrain-rocky-ground
44,8,R,rocky-ground,M,3,.,.,.,R,R,R,R,terrain-rocky-ground
45,8,R,rocky-ground,M,3,.,.,.,R,R,R,R,terrain-rocky-ground
46,8,R,rocky-ground,M,3,.,.,.,R,R,R,R,terrain-rocky-ground
47,8,R,rocky-ground,M,3,.,.,.,R,R,R,R,terrain-rocky-ground
48,8,R,rocky-ground,M,3,.,.,.,R,R,R,R,terrain-rocky-ground
49,8,R,rocky-ground,M,3,.,.,.,R,R,R,R,terrain-rocky-ground
50,8,R,rocky-ground,M,3,.,.,.,R,R,R,R,terrain-rocky-ground
51,8,R,rocky-ground,M,3,.,.,.,R,R,R,R,terrain-rocky-ground
52,8,R,rocky-ground,M,3,.,.,.,R,R,R,R,terrain-rocky-ground
53,8,R,rocky-ground,M,3,.,.,.,R,R,R,R,terrain-rocky-ground
54,8,R,rocky-ground,M,3,.,.,.,R,R,R,R,terrain-rocky-ground
55,8,R,rocky-ground,M,3,.,.,.,R,R,R,R,terrain-rocky-ground
56,8,R,rocky-ground,M,3,.,.,.,R,R,R,R,terrain-rocky-ground
57,8,R,rocky-ground,M,3,.,.,.,R,R,R,R,terrain-rocky-ground
58,8,R,rocky-ground,M,3,.,.,.,R,R,R,R,terrain-rocky-ground
59,8,R,rocky-ground,M,3,.,.,.,R,R,R,R,terrain-rocky-ground
60,8,R,rocky-ground,M,3,.,.,.,R,R,R,R,terrain-rocky-ground
61,8,R,rocky-ground,M,3,.,.,.,R,R,R,R,terrain-rocky-ground
62,8,R,rocky-ground,M,3,.,.,.,R,R,R,R,terrain-rocky-ground
63,8,R,rocky-ground,M,3,.,.,.,R,W,W,R,terrain-rocky-ground
64,8,W,fresh-deep-water,L,3,#,.,.,W,W,W,R,terrain-fresh-water
65,8,W,fresh-deep-water,L,3,#,.,.,W,W,W,W,terrain-fresh-water
66,8,W,fresh-deep-water,L,3,#,.,.,W,R,R,W,terrain-fresh-water
67,8,R,rocky-ground,M,3,.,.,.,R,R,R,W,terrain-rocky-ground
68,8,R,rocky-ground,M,3,.,.,.,R,R,R,R,terrain-rocky-ground
69,8,R,rocky-ground,M,3,.,.,.,R,R,R,R,terrain-rocky-ground
70,8,R,rocky-ground,M,3,.,.,.,R,R,R,R,terrain-rocky-ground
71,8,R,rocky-ground,M,3,.,.,.,R,R,g,R,terrain-rocky-ground
72,8,R,rocky-ground,M,3,.,.,.,R,R,X,R,terrain-rocky-ground
73,8,R,rocky-ground,M,3,.,.,.,R,R,X,R,terrain-rocky-ground
74,8,R,rocky-ground,M,3,.,.,.,R,R,R,R,terrain-rocky-ground
75,8,R,rocky-ground,M,3,.,.,.,R,R,R,R,terrain-rocky-ground
76,8,R,rocky-ground,M,3,.,.,.,R,R,R,R,terrain-rocky-ground
77,8,R,rocky-ground,M,3,.,.,.,R,R,R,R,terrain-rocky-ground
78,8,R,rocky-ground,M,3,.,.,.,R,R,R,R,terrain-rocky-ground
79,8,R,rocky-ground,M,3,.,.,.,R,R,R,R,terrain-rocky-ground
80,8,R,rocky-ground,M,3,.,.,.,R,R,R,R,terrain-rocky-ground
81,8,R,rocky-ground,M,3,.,.,.,R,R,R,R,terrain-rocky-ground
82,8,R,rocky-ground,M,3,.,.,.,R,R,R,R,terrain-rocky-ground
83,8,R,rocky-ground,M,3,.,.,.,R,R,R,R,terrain-rocky-ground
84,8,R,rocky-ground,M,3,.,.,.,R,R,R,R,terrain-rocky-ground
85,8,R,rocky-ground,M,3,.,.,.,R,R,R,R,terrain-rocky-ground
86,8,R,rocky-ground,M,3,.,.,.,R,R,R,R,terrain-rocky-ground
87,8,R,rocky-ground,M,3,.,.,.,R,R,R,R,terrain-rocky-ground
88,8,R,rocky-ground,M,3,.,.,.,R,R,R,R,terrain-rocky-ground
89,8,R,rocky-ground,M,3,.,.,.,R,R,R,R,terrain-rocky-ground
90,8,R,rocky-ground,M,3,.,.,.,R,R,R,R,terrain-rocky-ground
91,8,R,rocky-ground,M,3,.,.,.,R,R,R,R,terrain-rocky-ground
92,8,R,rocky-ground,M,3,.,.,.,R,R,R,R,terrain-rocky-ground
93,8,R,rocky-ground,M,3,.,.,.,R,R,R,R,terrain-rocky-ground
94,8,R,rocky-ground,M,3,.,.,.,R,R,R,R,terrain-rocky-ground
95,8,R,rocky-ground,M,3,.,.,.,R,R,R,R,terrain-rocky-ground
96,8,R,rocky-ground,M,3,.,.,.,R,R,R,R,terrain-rocky-ground
97,8,R,rocky-ground,M,3,.,.,.,R,R,R,R,terrain-rocky-ground
98,8,R,rocky-ground,M,3,.,.,.,R,X,R,R,terrain-rocky-ground
99,8,X,cliff-mountain,M,3,#,.,.,X,VOID,X,R,terrain-cliff-mountain
0,9,F,forest-floor,F,3,#,.,.,F,F,F,VOID,terrain-forest-floor
1,9,F,forest-floor,F,2,.,.,.,F,F,F,F,terrain-forest-floor
2,9,F,forest-floor,F,2,.,.,.,F,F,F,F,terrain-forest-floor
3,9,F,forest-floor,F,2,.,.,.,F,F,F,F,terrain-forest-floor
4,9,F,forest-floor,F,2,.,.,.,F,F,F,F,terrain-forest-floor
5,9,F,forest-floor,F,2,.,.,.,F,F,F,F,terrain-forest-floor
6,9,F,forest-floor,F,2,.,.,.,F,F,F,F,terrain-forest-floor
7,9,F,forest-floor,F,2,.,.,.,F,F,F,F,terrain-forest-floor
8,9,F,forest-floor,F,2,.,.,.,F,F,F,F,terrain-forest-floor
9,9,F,forest-floor,F,2,.,.,.,F,F,F,F,terrain-forest-floor
10,9,F,forest-floor,F,2,.,.,.,F,F,F,F,terrain-forest-floor
11,9,F,forest-floor,F,2,.,.,.,F,F,F,F,terrain-forest-floor
12,9,F,forest-floor,F,2,.,.,.,F,F,F,F,terrain-forest-floor
13,9,F,forest-floor,F,2,.,.,.,F,F,F,F,terrain-forest-floor
14,9,F,forest-floor,F,2,.,.,.,F,F,F,F,terrain-forest-floor
15,9,F,forest-floor,F,2,.,.,.,F,F,F,F,terrain-forest-floor
16,9,F,forest-floor,F,2,.,.,.,F,F,F,F,terrain-forest-floor
17,9,F,forest-floor,F,2,.,.,.,F,F,F,F,terrain-forest-floor
18,9,F,forest-floor,F,2,.,.,.,F,F,F,F,terrain-forest-floor
19,9,F,forest-floor,F,2,.,.,.,W,W,F,F,terrain-forest-floor
20,9,W,fresh-deep-water,L,3,#,.,.,W,W,W,F,terrain-fresh-water
21,9,W,fresh-deep-water,L,3,#,.,.,W,W,W,W,terrain-fresh-water
22,9,W,fresh-deep-water,L,3,#,.,.,F,F,W,W,terrain-fresh-water
23,9,F,forest-floor,F,2,.,.,.,F,F,F,W,terrain-forest-floor
24,9,F,forest-floor,F,2,.,.,.,F,F,F,F,terrain-forest-floor
25,9,F,forest-floor,F,2,.,.,.,F,F,F,F,terrain-forest-floor
26,9,F,forest-floor,F,2,.,.,.,F,F,F,F,terrain-forest-floor
27,9,F,forest-floor,F,2,.,.,.,F,F,F,F,terrain-forest-floor
28,9,F,forest-floor,F,2,.,.,.,F,F,F,F,terrain-forest-floor
29,9,F,forest-floor,F,2,.,.,.,R,R,F,F,terrain-forest-floor
30,9,R,rocky-ground,M,3,.,.,.,R,R,X,F,terrain-rocky-ground
31,9,R,rocky-ground,M,3,.,.,.,R,R,X,R,terrain-rocky-ground
32,9,R,rocky-ground,M,3,.,.,.,R,R,R,R,terrain-rocky-ground
33,9,R,rocky-ground,M,3,.,.,.,R,R,R,R,terrain-rocky-ground
34,9,R,rocky-ground,M,3,.,.,.,R,R,R,R,terrain-rocky-ground
35,9,R,rocky-ground,M,3,.,.,.,R,R,R,R,terrain-rocky-ground
36,9,R,rocky-ground,M,3,.,.,.,R,R,R,R,terrain-rocky-ground
37,9,R,rocky-ground,M,3,.,.,.,R,R,R,R,terrain-rocky-ground
38,9,R,rocky-ground,M,3,.,.,.,R,R,R,R,terrain-rocky-ground
39,9,R,rocky-ground,M,3,.,.,.,R,R,R,R,terrain-rocky-ground
40,9,R,rocky-ground,M,3,.,.,.,R,R,R,R,terrain-rocky-ground
41,9,R,rocky-ground,M,3,.,.,.,R,R,R,R,terrain-rocky-ground
42,9,R,rocky-ground,M,3,.,.,.,R,R,R,R,terrain-rocky-ground
43,9,R,rocky-ground,M,3,.,.,.,R,R,R,R,terrain-rocky-ground
44,9,R,rocky-ground,M,3,.,.,.,R,R,X,R,terrain-rocky-ground
45,9,R,rocky-ground,M,3,.,.,.,R,R,X,R,terrain-rocky-ground
46,9,R,rocky-ground,M,3,.,.,.,R,R,R,R,terrain-rocky-ground
47,9,R,rocky-ground,M,3,.,.,.,R,R,R,R,terrain-rocky-ground
48,9,R,rocky-ground,M,3,.,.,.,R,R,R,R,terrain-rocky-ground
49,9,R,rocky-ground,M,3,.,.,.,R,R,R,R,terrain-rocky-ground
50,9,R,rocky-ground,M,3,.,.,.,R,R,R,R,terrain-rocky-ground
51,9,R,rocky-ground,M,3,.,.,.,R,R,R,R,terrain-rocky-ground
52,9,R,rocky-ground,M,3,.,.,.,R,R,R,R,terrain-rocky-ground
53,9,R,rocky-ground,M,3,.,.,.,R,R,R,R,terrain-rocky-ground
54,9,R,rocky-ground,M,3,.,.,.,R,R,R,R,terrain-rocky-ground
55,9,R,rocky-ground,M,3,.,.,.,R,R,R,R,terrain-rocky-ground
56,9,R,rocky-ground,M,3,.,.,.,R,R,R,R,terrain-rocky-ground
57,9,R,rocky-ground,M,3,.,.,.,R,R,R,R,terrain-rocky-ground
58,9,R,rocky-ground,M,3,.,.,.,R,R,R,R,terrain-rocky-ground
59,9,R,rocky-ground,M,3,.,.,.,R,R,R,R,terrain-rocky-ground
60,9,R,rocky-ground,M,3,.,.,.,R,R,R,R,terrain-rocky-ground
61,9,R,rocky-ground,M,3,.,.,.,R,R,R,R,terrain-rocky-ground
62,9,R,rocky-ground,M,3,.,.,.,R,W,R,R,terrain-rocky-ground
63,9,W,fresh-deep-water,L,3,#,.,.,R,W,W,R,terrain-fresh-water
64,9,W,fresh-deep-water,L,3,#,.,.,W,W,W,W,terrain-fresh-water
65,9,W,fresh-deep-water,L,3,#,.,.,W,R,W,W,terrain-fresh-water
66,9,R,rocky-ground,M,3,.,.,.,W,R,R,W,terrain-rocky-ground
67,9,R,rocky-ground,M,3,.,.,.,R,R,R,R,terrain-rocky-ground
68,9,R,rocky-ground,M,3,.,.,.,R,R,R,R,terrain-rocky-ground
69,9,R,rocky-ground,M,3,.,.,.,R,R,g,R,terrain-rocky-ground
70,9,R,rocky-ground,M,3,.,.,.,R,g,g,R,terrain-rocky-ground
71,9,g,dry-grass,P,1,.,.,.,R,X,X,R,terrain-dry-grass
72,9,X,cliff-mountain,M,1,#,.,.,R,X,X,g,terrain-cliff-mountain
73,9,X,cliff-mountain,M,1,#,.,.,R,R,X,X,terrain-cliff-mountain
74,9,R,rocky-ground,M,3,.,.,.,R,R,X,X,terrain-rocky-ground
75,9,R,rocky-ground,M,3,.,.,.,R,R,X,R,terrain-rocky-ground
76,9,R,rocky-ground,M,3,.,.,.,R,R,g,R,terrain-rocky-ground
77,9,R,rocky-ground,M,3,.,.,.,R,R,g,R,terrain-rocky-ground
78,9,R,rocky-ground,M,3,.,.,.,R,R,R,R,terrain-rocky-ground
79,9,R,rocky-ground,M,3,.,.,.,R,R,R,R,terrain-rocky-ground
80,9,R,rocky-ground,M,3,.,.,.,R,R,R,R,terrain-rocky-ground
81,9,R,rocky-ground,M,3,.,.,.,R,R,R,R,terrain-rocky-ground
82,9,R,rocky-ground,M,3,.,.,.,R,R,R,R,terrain-rocky-ground
83,9,R,rocky-ground,M,3,.,.,.,R,R,R,R,terrain-rocky-ground
84,9,R,rocky-ground,M,3,.,.,.,R,R,R,R,terrain-rocky-ground
85,9,R,rocky-ground,M,3,.,.,.,R,R,R,R,terrain-rocky-ground
86,9,R,rocky-ground,M,3,.,.,.,R,R,R,R,terrain-rocky-ground
87,9,R,rocky-ground,M,3,.,.,.,R,R,R,R,terrain-rocky-ground
88,9,R,rocky-ground,M,3,.,.,.,R,R,X,R,terrain-rocky-ground
89,9,R,rocky-ground,M,3,.,.,.,R,R,X,R,terrain-rocky-ground
90,9,R,rocky-ground,M,3,.,.,.,R,R,X,R,terrain-rocky-ground
91,9,R,rocky-ground,M,3,.,.,.,R,R,R,R,terrain-rocky-ground
92,9,R,rocky-ground,M,3,.,.,.,R,R,R,R,terrain-rocky-ground
93,9,R,rocky-ground,M,3,.,.,.,R,R,R,R,terrain-rocky-ground
94,9,R,rocky-ground,M,3,.,.,.,R,R,R,R,terrain-rocky-ground
95,9,R,rocky-ground,M,3,.,.,.,R,R,R,R,terrain-rocky-ground
96,9,R,rocky-ground,M,3,.,.,.,R,R,g,R,terrain-rocky-ground
97,9,R,rocky-ground,M,3,.,.,.,R,R,g,R,terrain-rocky-ground
98,9,R,rocky-ground,M,3,.,.,.,R,X,g,R,terrain-rocky-ground
99,9,X,cliff-mountain,M,3,#,.,.,X,VOID,X,R,terrain-cliff-mountain
0,10,F,forest-floor,F,3,#,.,.,F,F,F,VOID,terrain-forest-floor
1,10,F,forest-floor,F,2,.,.,.,F,F,F,F,terrain-forest-floor
2,10,F,forest-floor,F,2,.,.,.,F,F,F,F,terrain-forest-floor
3,10,F,forest-floor,F,2,.,.,.,F,F,F,F,terrain-forest-floor
4,10,F,forest-floor,F,2,.,.,.,F,F,F,F,terrain-forest-floor
5,10,F,forest-floor,F,2,.,.,.,F,F,F,F,terrain-forest-floor
6,10,F,forest-floor,F,2,.,.,.,F,F,F,F,terrain-forest-floor
7,10,F,forest-floor,F,2,.,.,.,F,F,F,F,terrain-forest-floor
8,10,F,forest-floor,F,2,.,.,.,F,F,F,F,terrain-forest-floor
9,10,F,forest-floor,F,2,.,.,.,F,F,F,F,terrain-forest-floor
10,10,F,forest-floor,F,2,.,.,.,F,F,X,F,terrain-forest-floor
11,10,F,forest-floor,F,2,.,.,.,F,F,X,F,terrain-forest-floor
12,10,F,forest-floor,F,2,.,.,.,F,F,X,F,terrain-forest-floor
13,10,F,forest-floor,F,2,.,.,.,F,F,F,F,terrain-forest-floor
14,10,F,forest-floor,F,2,.,.,.,F,F,F,F,terrain-forest-floor
15,10,F,forest-floor,F,2,.,.,.,F,F,F,F,terrain-forest-floor
16,10,F,forest-floor,F,2,.,.,.,F,F,F,F,terrain-forest-floor
17,10,F,forest-floor,F,2,.,.,.,F,F,F,F,terrain-forest-floor
18,10,F,forest-floor,F,2,.,.,.,F,F,F,F,terrain-forest-floor
19,10,F,forest-floor,F,2,.,.,.,F,W,F,F,terrain-forest-floor
20,10,W,fresh-deep-water,L,3,#,.,.,W,W,F,F,terrain-fresh-water
21,10,W,fresh-deep-water,L,3,#,.,.,W,W,W,W,terrain-fresh-water
22,10,W,fresh-deep-water,L,3,#,.,.,W,F,W,W,terrain-fresh-water
23,10,F,forest-floor,F,2,.,.,.,F,F,W,W,terrain-forest-floor
24,10,F,forest-floor,F,2,.,.,.,F,F,F,F,terrain-forest-floor
25,10,F,forest-floor,F,2,.,.,.,F,F,F,F,terrain-forest-floor
26,10,F,forest-floor,F,2,.,.,.,F,F,F,F,terrain-forest-floor
27,10,F,forest-floor,F,2,.,.,.,F,F,F,F,terrain-forest-floor
28,10,F,forest-floor,F,2,.,.,.,F,F,F,F,terrain-forest-floor
29,10,F,forest-floor,F,2,.,.,.,F,X,X,F,terrain-forest-floor
30,10,X,cliff-mountain,M,2,#,.,.,R,X,X,F,terrain-cliff-mountain
31,10,X,cliff-mountain,M,3,#,.,.,R,R,X,X,terrain-cliff-mountain
32,10,R,rocky-ground,M,3,.,.,.,R,R,X,X,terrain-rocky-ground
33,10,R,rocky-ground,M,3,.,.,.,R,R,X,R,terrain-rocky-ground
34,10,R,rocky-ground,M,3,.,.,.,R,R,R,R,terrain-rocky-ground
35,10,R,rocky-ground,M,3,.,.,.,R,R,R,R,terrain-rocky-ground
36,10,R,rocky-ground,M,3,.,.,.,R,R,R,R,terrain-rocky-ground
37,10,R,rocky-ground,M,3,.,.,.,R,R,R,R,terrain-rocky-ground
38,10,R,rocky-ground,M,3,.,.,.,R,R,R,R,terrain-rocky-ground
39,10,R,rocky-ground,M,3,.,.,.,R,R,R,R,terrain-rocky-ground
40,10,R,rocky-ground,M,3,.,.,.,R,R,R,R,terrain-rocky-ground
41,10,R,rocky-ground,M,3,.,.,.,R,R,R,R,terrain-rocky-ground
42,10,R,rocky-ground,M,3,.,.,.,R,R,X,R,terrain-rocky-ground
43,10,R,rocky-ground,M,3,.,.,.,R,X,X,R,terrain-rocky-ground
44,10,X,cliff-mountain,M,3,#,.,.,R,X,X,R,terrain-cliff-mountain
45,10,X,cliff-mountain,M,3,#,.,.,R,R,X,X,terrain-cliff-mountain
46,10,R,rocky-ground,M,3,.,.,.,R,R,X,X,terrain-rocky-ground
47,10,R,rocky-ground,M,3,.,.,.,R,R,R,R,terrain-rocky-ground
48,10,R,rocky-ground,M,3,.,.,.,R,R,R,R,terrain-rocky-ground
49,10,R,rocky-ground,M,3,.,.,.,R,R,R,R,terrain-rocky-ground
50,10,R,rocky-ground,M,3,.,.,.,R,R,R,R,terrain-rocky-ground
51,10,R,rocky-ground,M,3,.,.,.,R,R,R,R,terrain-rocky-ground
52,10,R,rocky-ground,M,3,.,.,.,R,R,R,R,terrain-rocky-ground
53,10,R,rocky-ground,M,3,.,.,.,R,R,R,R,terrain-rocky-ground
54,10,R,rocky-ground,M,3,.,.,.,R,R,R,R,terrain-rocky-ground
55,10,R,rocky-ground,M,3,.,.,.,R,R,R,R,terrain-rocky-ground
56,10,R,rocky-ground,M,3,.,.,.,R,R,R,R,terrain-rocky-ground
57,10,R,rocky-ground,M,3,.,.,.,R,R,R,R,terrain-rocky-ground
58,10,R,rocky-ground,M,3,.,.,.,R,R,R,R,terrain-rocky-ground
59,10,R,rocky-ground,M,3,.,.,.,R,R,R,R,terrain-rocky-ground
60,10,R,rocky-ground,M,3,.,.,.,R,R,R,R,terrain-rocky-ground
61,10,R,rocky-ground,M,3,.,.,.,R,R,R,R,terrain-rocky-ground
62,10,R,rocky-ground,M,3,.,.,.,R,W,R,R,terrain-rocky-ground
63,10,W,fresh-deep-water,L,3,#,.,.,W,W,W,R,terrain-fresh-water
64,10,W,fresh-deep-water,L,3,#,.,.,W,W,W,W,terrain-fresh-water
65,10,W,fresh-deep-water,L,3,#,.,.,W,R,W,W,terrain-fresh-water
66,10,R,rocky-ground,M,3,.,.,.,R,R,R,W,terrain-rocky-ground
67,10,R,rocky-ground,M,3,.,.,.,R,R,g,R,terrain-rocky-ground
68,10,R,rocky-ground,M,3,.,.,.,R,g,g,R,terrain-rocky-ground
69,10,g,dry-grass,P,1,.,.,.,R,g,g,R,terrain-dry-grass
70,10,g,dry-grass,P,1,.,.,.,R,X,g,g,terrain-dry-grass
71,10,X,cliff-mountain,M,1,#,.,.,g,X,g,g,terrain-cliff-mountain
72,10,X,cliff-mountain,M,1,#,.,.,X,X,X,X,terrain-cliff-mountain
73,10,X,cliff-mountain,M,1,#,.,.,X,X,X,X,terrain-cliff-mountain
74,10,X,cliff-mountain,M,1,#,.,.,R,X,X,X,terrain-cliff-mountain
75,10,X,cliff-mountain,M,1,#,.,.,R,g,X,X,terrain-cliff-mountain
76,10,g,dry-grass,P,1,.,.,.,R,g,X,X,terrain-dry-grass
77,10,g,dry-grass,P,1,.,.,.,R,R,X,g,terrain-dry-grass
78,10,R,rocky-ground,M,3,.,.,.,R,R,X,g,terrain-rocky-ground
79,10,R,rocky-ground,M,3,.,.,.,R,R,g,R,terrain-rocky-ground
80,10,R,rocky-ground,M,3,.,.,.,R,R,g,R,terrain-rocky-ground
81,10,R,rocky-ground,M,3,.,.,.,R,R,g,R,terrain-rocky-ground
82,10,R,rocky-ground,M,3,.,.,.,R,R,R,R,terrain-rocky-ground
83,10,R,rocky-ground,M,3,.,.,.,R,R,X,R,terrain-rocky-ground
84,10,R,rocky-ground,M,3,.,.,.,R,R,X,R,terrain-rocky-ground
85,10,R,rocky-ground,M,3,.,.,.,R,R,X,R,terrain-rocky-ground
86,10,R,rocky-ground,M,3,.,.,.,R,R,X,R,terrain-rocky-ground
87,10,R,rocky-ground,M,3,.,.,.,R,X,X,R,terrain-rocky-ground
88,10,X,cliff-mountain,M,3,#,.,.,R,X,X,R,terrain-cliff-mountain
89,10,X,cliff-mountain,M,3,#,.,.,R,X,X,X,terrain-cliff-mountain
90,10,X,cliff-mountain,M,3,#,.,.,R,R,X,X,terrain-cliff-mountain
91,10,R,rocky-ground,M,3,.,.,.,R,R,X,X,terrain-rocky-ground
92,10,R,rocky-ground,M,3,.,.,.,R,R,g,R,terrain-rocky-ground
93,10,R,rocky-ground,M,3,.,.,.,R,R,g,R,terrain-rocky-ground
94,10,R,rocky-ground,M,3,.,.,.,R,R,g,R,terrain-rocky-ground
95,10,R,rocky-ground,M,3,.,.,.,R,g,g,R,terrain-rocky-ground
96,10,g,dry-grass,P,1,.,.,.,R,g,g,R,terrain-dry-grass
97,10,g,dry-grass,P,1,.,.,.,R,g,g,g,terrain-dry-grass
98,10,g,dry-grass,P,1,.,.,.,R,X,g,g,terrain-dry-grass
99,10,X,cliff-mountain,M,1,#,.,.,X,VOID,X,g,terrain-cliff-mountain
0,11,F,forest-floor,F,3,#,.,.,F,F,F,VOID,terrain-forest-floor
1,11,F,forest-floor,F,2,.,.,.,F,F,F,F,terrain-forest-floor
2,11,F,forest-floor,F,2,.,.,.,F,F,F,F,terrain-forest-floor
3,11,F,forest-floor,F,2,.,.,.,F,F,F,F,terrain-forest-floor
4,11,F,forest-floor,F,2,.,.,.,F,F,F,F,terrain-forest-floor
5,11,F,forest-floor,F,2,.,.,.,F,F,F,F,terrain-forest-floor
6,11,F,forest-floor,F,2,.,.,.,F,F,X,F,terrain-forest-floor
7,11,F,forest-floor,F,2,.,.,.,F,F,X,F,terrain-forest-floor
8,11,F,forest-floor,F,2,.,.,.,F,F,X,F,terrain-forest-floor
9,11,F,forest-floor,F,2,.,.,.,F,X,X,F,terrain-forest-floor
10,11,X,cliff-mountain,M,2,#,.,.,F,X,X,F,terrain-cliff-mountain
11,11,X,cliff-mountain,M,2,#,.,.,F,X,X,X,terrain-cliff-mountain
12,11,X,cliff-mountain,M,2,#,.,.,F,F,X,X,terrain-cliff-mountain
13,11,F,forest-floor,F,2,.,.,.,F,F,X,X,terrain-forest-floor
14,11,F,forest-floor,F,2,.,.,.,F,F,X,F,terrain-forest-floor
15,11,F,forest-floor,F,2,.,.,.,F,F,F,F,terrain-forest-floor
16,11,F,forest-floor,F,2,.,.,.,F,F,F,F,terrain-forest-floor
17,11,F,forest-floor,F,2,.,.,.,F,F,F,F,terrain-forest-floor
18,11,F,forest-floor,F,2,.,.,.,F,F,F,F,terrain-forest-floor
19,11,F,forest-floor,F,2,.,.,.,F,F,F,F,terrain-forest-floor
20,11,F,forest-floor,F,2,.,.,.,W,W,F,F,terrain-forest-floor
21,11,W,fresh-deep-water,L,3,#,.,.,W,W,W,F,terrain-fresh-water
22,11,W,fresh-deep-water,L,3,#,.,.,W,W,W,W,terrain-fresh-water
23,11,W,fresh-deep-water,L,3,#,.,.,F,F,W,W,terrain-fresh-water
24,11,F,forest-floor,F,2,.,.,.,F,F,F,W,terrain-forest-floor
25,11,F,forest-floor,F,2,.,.,.,F,F,F,F,terrain-forest-floor
26,11,F,forest-floor,F,2,.,.,.,F,F,F,F,terrain-forest-floor
27,11,F,forest-floor,F,2,.,.,.,F,F,F,F,terrain-forest-floor
28,11,F,forest-floor,F,2,.,.,.,F,X,F,F,terrain-forest-floor
29,11,X,cliff-mountain,M,2,#,.,.,F,X,F,F,terrain-cliff-mountain
30,11,X,cliff-mountain,M,2,#,.,.,X,X,X,X,terrain-cliff-mountain
31,11,X,cliff-mountain,M,2,#,.,.,X,X,X,X,terrain-cliff-mountain
32,11,X,cliff-mountain,M,3,#,.,.,R,X,X,X,terrain-cliff-mountain
33,11,X,cliff-mountain,M,3,#,.,.,R,R,X,X,terrain-cliff-mountain
34,11,R,rocky-ground,M,3,.,.,.,R,R,X,X,terrain-rocky-ground
35,11,R,rocky-ground,M,3,.,.,.,R,R,X,R,terrain-rocky-ground
36,11,R,rocky-ground,M,3,.,.,.,R,R,X,R,terrain-rocky-ground
37,11,R,rocky-ground,M,3,.,.,.,R,R,R,R,terrain-rocky-ground
38,11,R,rocky-ground,M,3,.,.,.,R,R,R,R,terrain-rocky-ground
39,11,R,rocky-ground,M,3,.,.,.,R,R,R,R,terrain-rocky-ground
40,11,R,rocky-ground,M,3,.,.,.,R,R,X,R,terrain-rocky-ground
41,11,R,rocky-ground,M,3,.,.,.,R,X,X,R,terrain-rocky-ground
42,11,X,cliff-mountain,M,3,#,.,.,R,X,X,R,terrain-cliff-mountain
43,11,X,cliff-mountain,M,3,#,.,.,R,X,X,X,terrain-cliff-mountain
44,11,X,cliff-mountain,M,3,#,.,.,X,X,X,X,terrain-cliff-mountain
45,11,X,cliff-mountain,M,3,#,.,.,X,X,X,X,terrain-cliff-mountain
46,11,X,cliff-mountain,M,3,#,.,.,R,R,g,X,terrain-cliff-mountain
47,11,R,rocky-ground,M,3,.,.,.,R,R,g,X,terrain-rocky-ground
48,11,R,rocky-ground,M,3,.,.,.,R,R,g,R,terrain-rocky-ground
49,11,R,rocky-ground,M,3,.,.,.,R,R,R,R,terrain-rocky-ground
50,11,R,rocky-ground,M,3,.,.,.,R,R,R,R,terrain-rocky-ground
51,11,R,rocky-ground,M,3,.,.,.,R,R,R,R,terrain-rocky-ground
52,11,R,rocky-ground,M,3,.,.,.,R,R,R,R,terrain-rocky-ground
53,11,R,rocky-ground,M,3,.,.,.,R,R,R,R,terrain-rocky-ground
54,11,R,rocky-ground,M,3,.,.,.,R,R,R,R,terrain-rocky-ground
55,11,R,rocky-ground,M,3,.,.,.,R,R,R,R,terrain-rocky-ground
56,11,R,rocky-ground,M,3,.,.,.,R,R,R,R,terrain-rocky-ground
57,11,R,rocky-ground,M,3,.,.,.,R,R,R,R,terrain-rocky-ground
58,11,R,rocky-ground,M,3,.,.,.,R,R,R,R,terrain-rocky-ground
59,11,R,rocky-ground,M,3,.,.,.,R,R,R,R,terrain-rocky-ground
60,11,R,rocky-ground,M,3,.,.,.,R,R,R,R,terrain-rocky-ground
61,11,R,rocky-ground,M,3,.,.,.,R,R,R,R,terrain-rocky-ground
62,11,R,rocky-ground,M,3,.,.,.,R,W,W,R,terrain-rocky-ground
63,11,W,fresh-deep-water,L,3,#,.,.,W,W,W,R,terrain-fresh-water
64,11,W,fresh-deep-water,L,3,#,.,.,W,W,W,W,terrain-fresh-water
65,11,W,fresh-deep-water,L,3,#,.,.,W,R,g,W,terrain-fresh-water
66,11,R,rocky-ground,M,3,.,.,.,R,g,g,W,terrain-rocky-ground
67,11,g,dry-grass,P,1,.,.,.,R,g,g,R,terrain-dry-grass
68,11,g,dry-grass,P,1,.,.,.,R,g,g,g,terrain-dry-grass
69,11,g,dry-grass,P,1,.,.,.,g,g,g,g,terrain-dry-grass
70,11,g,dry-grass,P,1,.,.,.,g,g,g,g,terrain-dry-grass
71,11,g,dry-grass,P,1,.,.,.,X,X,g,g,terrain-dry-grass
72,11,X,cliff-mountain,M,1,#,.,.,X,X,g,g,terrain-cliff-mountain
73,11,X,cliff-mountain,M,1,#,.,.,X,X,g,X,terrain-cliff-mountain
74,11,X,cliff-mountain,M,1,#,.,.,X,X,X,X,terrain-cliff-mountain
75,11,X,cliff-mountain,M,1,#,.,.,X,X,X,X,terrain-cliff-mountain
76,11,X,cliff-mountain,M,1,#,.,.,g,X,X,X,terrain-cliff-mountain
77,11,X,cliff-mountain,M,1,#,.,.,g,X,X,X,terrain-cliff-mountain
78,11,X,cliff-mountain,M,1,#,.,.,R,g,X,X,terrain-cliff-mountain
79,11,g,dry-grass,P,1,.,.,.,R,g,X,X,terrain-dry-grass
80,11,g,dry-grass,P,1,.,.,.,R,g,X,g,terrain-dry-grass
81,11,g,dry-grass,P,1,.,.,.,R,R,X,g,terrain-dry-grass
82,11,R,rocky-ground,M,3,.,.,.,R,X,X,g,terrain-rocky-ground
83,11,X,cliff-mountain,M,3,#,.,.,R,X,X,R,terrain-cliff-mountain
84,11,X,cliff-mountain,M,3,#,.,.,R,X,X,X,terrain-cliff-mountain
85,11,X,cliff-mountain,M,3,#,.,.,R,X,X,X,terrain-cliff-mountain
86,11,X,cliff-mountain,M,3,#,.,.,R,X,X,X,terrain-cliff-mountain
87,11,X,cliff-mountain,M,3,#,.,.,R,X,X,X,terrain-cliff-mountain
88,11,X,cliff-mountain,M,1,#,.,.,X,X,X,X,terrain-cliff-mountain
89,11,X,cliff-mountain,M,1,#,.,.,X,X,X,X,terrain-cliff-mountain
90,11,X,cliff-mountain,M,1,#,.,.,X,X,X,X,terrain-cliff-mountain
91,11,X,cliff-mountain,M,1,#,.,.,R,g,g,X,terrain-cliff-mountain
92,11,g,dry-grass,P,1,.,.,.,R,g,g,X,terrain-dry-grass
93,11,g,dry-grass,P,1,.,.,.,R,g,g,g,terrain-dry-grass
94,11,g,dry-grass,P,1,.,.,.,R,g,g,g,terrain-dry-grass
95,11,g,dry-grass,P,1,.,.,.,R,g,g,g,terrain-dry-grass
96,11,g,dry-grass,P,1,.,.,.,g,g,g,g,terrain-dry-grass
97,11,g,dry-grass,P,1,.,.,.,g,g,g,g,terrain-dry-grass
98,11,g,dry-grass,P,1,.,.,.,g,X,g,g,terrain-dry-grass
99,11,X,cliff-mountain,M,1,#,.,.,X,VOID,X,g,terrain-cliff-mountain
0,12,F,forest-floor,F,3,#,.,.,F,F,F,VOID,terrain-forest-floor
1,12,F,forest-floor,F,2,.,.,.,F,F,F,F,terrain-forest-floor
2,12,F,forest-floor,F,2,.,.,.,F,F,F,F,terrain-forest-floor
3,12,F,forest-floor,F,2,.,.,.,F,F,F,F,terrain-forest-floor
4,12,F,forest-floor,F,2,.,.,.,F,F,X,F,terrain-forest-floor
5,12,F,forest-floor,F,2,.,.,.,F,X,X,F,terrain-forest-floor
6,12,X,cliff-mountain,M,2,#,.,.,F,X,X,F,terrain-cliff-mountain
7,12,X,cliff-mountain,M,2,#,.,.,F,X,X,X,terrain-cliff-mountain
8,12,X,cliff-mountain,M,2,#,.,.,F,X,X,X,terrain-cliff-mountain
9,12,X,cliff-mountain,M,2,#,.,.,F,X,X,X,terrain-cliff-mountain
10,12,X,cliff-mountain,M,2,#,.,.,X,X,X,X,terrain-cliff-mountain
11,12,X,cliff-mountain,M,2,#,.,.,X,X,X,X,terrain-cliff-mountain
12,12,X,cliff-mountain,M,2,#,.,.,X,X,X,X,terrain-cliff-mountain
13,12,X,cliff-mountain,M,2,#,.,.,F,X,X,X,terrain-cliff-mountain
14,12,X,cliff-mountain,M,2,#,.,.,F,F,X,X,terrain-cliff-mountain
15,12,F,forest-floor,F,2,.,.,.,F,F,X,X,terrain-forest-floor
16,12,F,forest-floor,F,2,.,.,.,F,F,X,F,terrain-forest-floor
17,12,F,forest-floor,F,2,.,.,.,F,F,F,F,terrain-forest-floor
18,12,F,forest-floor,F,2,.,.,.,F,F,F,F,terrain-forest-floor
19,12,F,forest-floor,F,2,.,.,.,F,F,F,F,terrain-forest-floor
20,12,F,forest-floor,F,2,.,.,.,F,W,F,F,terrain-forest-floor
21,12,W,fresh-deep-water,L,3,#,.,.,W,W,F,F,terrain-fresh-water
22,12,W,fresh-deep-water,L,3,#,.,.,W,W,W,W,terrain-fresh-water
23,12,W,fresh-deep-water,L,3,#,.,.,W,F,W,W,terrain-fresh-water
24,12,F,forest-floor,F,2,.,.,.,F,F,W,W,terrain-forest-floor
25,12,F,forest-floor,F,2,.,.,.,F,F,F,F,terrain-forest-floor
26,12,F,forest-floor,F,2,.,.,.,F,F,F,F,terrain-forest-floor
27,12,F,forest-floor,F,2,.,.,.,F,F,F,F,terrain-forest-floor
28,12,F,forest-floor,F,2,.,.,.,F,F,F,F,terrain-forest-floor
29,12,F,forest-floor,F,2,.,.,.,X,X,F,F,terrain-forest-floor
30,12,X,cliff-mountain,M,2,#,.,.,X,X,F,F,terrain-cliff-mountain
31,12,X,cliff-mountain,M,2,#,.,.,X,X,F,X,terrain-cliff-mountain
32,12,X,cliff-mountain,M,2,#,.,.,X,X,X,X,terrain-cliff-mountain
33,12,X,cliff-mountain,M,3,#,.,.,X,X,X,X,terrain-cliff-mountain
34,12,X,cliff-mountain,M,3,#,.,.,R,X,X,X,terrain-cliff-mountain
35,12,X,cliff-mountain,M,3,#,.,.,R,X,X,X,terrain-cliff-mountain
36,12,X,cliff-mountain,M,3,#,.,.,R,R,X,X,terrain-cliff-mountain
37,12,R,rocky-ground,M,3,.,.,.,R,R,X,X,terrain-rocky-ground
38,12,R,rocky-ground,M,3,.,.,.,R,R,X,R,terrain-rocky-ground
39,12,R,rocky-ground,M,3,.,.,.,R,X,X,R,terrain-rocky-ground
40,12,X,cliff-mountain,M,3,#,.,.,R,X,X,R,terrain-cliff-mountain
41,12,X,cliff-mountain,M,3,#,.,.,R,X,X,X,terrain-cliff-mountain
42,12,X,cliff-mountain,M,3,#,.,.,X,X,X,X,terrain-cliff-mountain
43,12,X,cliff-mountain,M,3,#,.,.,X,X,X,X,terrain-cliff-mountain
44,12,X,cliff-mountain,M,3,#,.,.,X,X,g,X,terrain-cliff-mountain
45,12,X,cliff-mountain,M,3,#,.,.,X,g,g,X,terrain-cliff-mountain
46,12,g,dry-grass,P,1,.,.,.,X,g,g,X,terrain-dry-grass
47,12,g,dry-grass,P,1,.,.,.,R,g,g,g,terrain-dry-grass
48,12,g,dry-grass,P,1,.,.,.,R,R,g,g,terrain-dry-grass
49,12,R,rocky-ground,M,3,.,.,.,R,R,g,g,terrain-rocky-ground
50,12,R,rocky-ground,M,3,.,.,.,R,R,g,R,terrain-rocky-ground
51,12,R,rocky-ground,M,3,.,.,.,R,R,g,R,terrain-rocky-ground
52,12,R,rocky-ground,M,3,.,.,.,R,R,g,R,terrain-rocky-ground
53,12,R,rocky-ground,M,3,.,.,.,R,R,R,R,terrain-rocky-ground
54,12,R,rocky-ground,M,3,.,.,.,R,R,R,R,terrain-rocky-ground
55,12,R,rocky-ground,M,3,.,.,.,R,R,R,R,terrain-rocky-ground
56,12,R,rocky-ground,M,3,.,.,.,R,R,R,R,terrain-rocky-ground
57,12,R,rocky-ground,M,3,.,.,.,R,R,R,R,terrain-rocky-ground
58,12,R,rocky-ground,M,3,.,.,.,R,R,R,R,terrain-rocky-ground
59,12,R,rocky-ground,M,3,.,.,.,R,R,R,R,terrain-rocky-ground
60,12,R,rocky-ground,M,3,.,.,.,R,R,R,R,terrain-rocky-ground
61,12,R,rocky-ground,M,3,.,.,.,R,W,R,R,terrain-rocky-ground
62,12,W,fresh-deep-water,L,3,#,.,.,R,W,W,R,terrain-fresh-water
63,12,W,fresh-deep-water,L,3,#,.,.,W,W,W,W,terrain-fresh-water
64,12,W,fresh-deep-water,L,3,#,.,.,W,g,W,W,terrain-fresh-water
65,12,g,dry-grass,P,1,.,.,.,W,g,g,W,terrain-dry-grass
66,12,g,dry-grass,P,1,.,.,.,R,g,g,g,terrain-dry-grass
67,12,g,dry-grass,P,1,.,.,.,g,g,g,g,terrain-dry-grass
68,12,g,dry-grass,P,1,.,.,.,g,g,g,g,terrain-dry-grass
69,12,g,dry-grass,P,1,.,.,.,g,g,g,g,terrain-dry-grass
70,12,g,dry-grass,P,1,.,.,.,g,g,g,g,terrain-dry-grass
71,12,g,dry-grass,P,1,.,.,.,g,g,g,g,terrain-dry-grass
72,12,g,dry-grass,P,1,.,.,.,X,g,g,g,terrain-dry-grass
73,12,g,dry-grass,P,1,.,.,.,X,X,g,g,terrain-dry-grass
74,12,X,cliff-mountain,M,1,#,.,.,X,X,g,g,terrain-cliff-mountain
75,12,X,cliff-mountain,M,1,#,.,.,X,X,g,X,terrain-cliff-mountain
76,12,X,cliff-mountain,M,1,#,.,.,X,X,X,X,terrain-cliff-mountain
77,12,X,cliff-mountain,M,1,#,.,.,X,X,X,X,terrain-cliff-mountain
78,12,X,cliff-mountain,M,1,#,.,.,X,X,X,X,terrain-cliff-mountain
79,12,X,cliff-mountain,M,1,#,.,.,g,X,X,X,terrain-cliff-mountain
80,12,X,cliff-mountain,M,1,#,.,.,g,X,X,X,terrain-cliff-mountain
81,12,X,cliff-mountain,M,1,#,.,.,g,X,X,X,terrain-cliff-mountain
82,12,X,cliff-mountain,M,1,#,.,.,R,X,X,X,terrain-cliff-mountain
83,12,X,cliff-mountain,M,1,#,.,.,X,X,X,X,terrain-cliff-mountain
84,12,X,cliff-mountain,M,1,#,.,.,X,X,X,X,terrain-cliff-mountain
85,12,X,cliff-mountain,M,1,#,.,.,X,X,X,X,terrain-cliff-mountain
86,12,X,cliff-mountain,M,1,#,.,.,X,X,X,X,terrain-cliff-mountain
87,12,X,cliff-mountain,M,1,#,.,.,X,X,X,X,terrain-cliff-mountain
88,12,X,cliff-mountain,M,1,#,.,.,X,X,g,X,terrain-cliff-mountain
89,12,X,cliff-mountain,M,1,#,.,.,X,X,g,X,terrain-cliff-mountain
90,12,X,cliff-mountain,M,1,#,.,.,X,g,g,X,terrain-cliff-mountain
91,12,g,dry-grass,P,1,.,.,.,X,g,g,X,terrain-dry-grass
92,12,g,dry-grass,P,1,.,.,.,g,g,g,g,terrain-dry-grass
93,12,g,dry-grass,P,1,.,.,.,g,g,g,g,terrain-dry-grass
94,12,g,dry-grass,P,1,.,.,.,g,g,g,g,terrain-dry-grass
95,12,g,dry-grass,P,1,.,.,.,g,g,g,g,terrain-dry-grass
96,12,g,dry-grass,P,1,.,.,.,g,g,g,g,terrain-dry-grass
97,12,g,dry-grass,P,1,.,.,.,g,g,g,g,terrain-dry-grass
98,12,g,dry-grass,P,1,.,.,.,g,X,g,g,terrain-dry-grass
99,12,X,cliff-mountain,M,1,#,.,.,X,VOID,X,g,terrain-cliff-mountain
0,13,F,forest-floor,F,2,#,.,.,F,F,F,VOID,terrain-forest-floor
1,13,F,forest-floor,F,2,.,.,.,F,F,F,F,terrain-forest-floor
2,13,F,forest-floor,F,2,.,.,.,F,F,F,F,terrain-forest-floor
3,13,F,forest-floor,F,2,.,.,.,F,X,X,F,terrain-forest-floor
4,13,X,cliff-mountain,M,2,#,.,.,F,X,X,F,terrain-cliff-mountain
5,13,X,cliff-mountain,M,2,#,.,.,F,X,X,X,terrain-cliff-mountain
6,13,X,cliff-mountain,M,2,#,.,.,X,X,X,X,terrain-cliff-mountain
7,13,X,cliff-mountain,M,2,#,.,.,X,X,X,X,terrain-cliff-mountain
8,13,X,cliff-mountain,M,2,#,.,.,X,X,X,X,terrain-cliff-mountain
9,13,X,cliff-mountain,M,2,#,.,.,X,X,X,X,terrain-cliff-mountain
10,13,X,cliff-mountain,M,2,#,.,.,X,X,F,X,terrain-cliff-mountain
11,13,X,cliff-mountain,M,2,#,.,.,X,X,F,X,terrain-cliff-mountain
12,13,X,cliff-mountain,M,2,#,.,.,X,X,F,X,terrain-cliff-mountain
13,13,X,cliff-mountain,M,2,#,.,.,X,X,X,X,terrain-cliff-mountain
14,13,X,cliff-mountain,M,2,#,.,.,X,X,X,X,terrain-cliff-mountain
15,13,X,cliff-mountain,M,2,#,.,.,F,X,X,X,terrain-cliff-mountain
16,13,X,cliff-mountain,M,2,#,.,.,F,F,X,X,terrain-cliff-mountain
17,13,F,forest-floor,F,2,.,.,.,F,F,X,X,terrain-forest-floor
18,13,F,forest-floor,F,2,.,.,.,F,F,X,F,terrain-forest-floor
19,13,F,forest-floor,F,2,.,.,.,F,F,F,F,terrain-forest-floor
20,13,F,forest-floor,F,2,.,.,.,F,F,F,F,terrain-forest-floor
21,13,F,forest-floor,F,2,.,.,.,W,W,F,F,terrain-forest-floor
22,13,W,fresh-deep-water,L,3,#,.,.,W,W,W,F,terrain-fresh-water
23,13,W,fresh-deep-water,L,3,#,.,.,W,W,W,W,terrain-fresh-water
24,13,W,fresh-deep-water,L,3,#,.,.,F,F,W,W,terrain-fresh-water
25,13,F,forest-floor,F,2,.,.,.,F,F,F,W,terrain-forest-floor
26,13,F,forest-floor,F,2,.,.,.,F,F,F,F,terrain-forest-floor
27,13,F,forest-floor,F,2,.,.,.,F,F,F,F,terrain-forest-floor
28,13,F,forest-floor,F,2,.,.,.,F,F,F,F,terrain-forest-floor
29,13,F,forest-floor,F,2,.,.,.,F,F,F,F,terrain-forest-floor
30,13,F,forest-floor,F,2,.,.,.,X,F,F,F,terrain-forest-floor
31,13,F,forest-floor,F,2,.,.,.,X,X,F,F,terrain-forest-floor
32,13,X,cliff-mountain,M,2,#,.,.,X,X,F,F,terrain-cliff-mountain
33,13,X,cliff-mountain,M,2,#,.,.,X,X,F,X,terrain-cliff-mountain
34,13,X,cliff-mountain,M,2,#,.,.,X,X,X,X,terrain-cliff-mountain
35,13,X,cliff-mountain,M,2,#,.,.,X,X,X,X,terrain-cliff-mountain
36,13,X,cliff-mountain,M,2,#,.,.,X,X,X,X,terrain-cliff-mountain
37,13,X,cliff-mountain,M,2,#,.,.,R,X,X,X,terrain-cliff-mountain
38,13,X,cliff-mountain,M,2,#,.,.,R,X,X,X,terrain-cliff-mountain
39,13,X,cliff-mountain,M,2,#,.,.,R,X,X,X,terrain-cliff-mountain
40,13,X,cliff-mountain,M,2,#,.,.,X,X,X,X,terrain-cliff-mountain
41,13,X,cliff-mountain,M,2,#,.,.,X,X,X,X,terrain-cliff-mountain
42,13,X,cliff-mountain,M,2,#,.,.,X,X,g,X,terrain-cliff-mountain
43,13,X,cliff-mountain,M,2,#,.,.,X,g,g,X,terrain-cliff-mountain
44,13,g,dry-grass,P,1,.,.,.,X,g,g,X,terrain-dry-grass
45,13,g,dry-grass,P,1,.,.,.,X,g,g,g,terrain-dry-grass
46,13,g,dry-grass,P,1,.,.,.,g,g,g,g,terrain-dry-grass
47,13,g,dry-grass,P,1,.,.,.,g,g,g,g,terrain-dry-grass
48,13,g,dry-grass,P,1,.,.,.,g,g,g,g,terrain-dry-grass
49,13,g,dry-grass,P,1,.,.,.,R,g,g,g,terrain-dry-grass
50,13,g,dry-grass,P,1,.,.,.,R,g,g,g,terrain-dry-grass
51,13,g,dry-grass,P,1,.,.,.,R,g,g,g,terrain-dry-grass
52,13,g,dry-grass,P,1,.,.,.,R,R,g,g,terrain-dry-grass
53,13,R,rocky-ground,M,2,.,.,.,R,R,g,g,terrain-rocky-ground
54,13,R,rocky-ground,M,2,.,.,.,R,R,g,R,terrain-rocky-ground
55,13,R,rocky-ground,M,2,.,.,.,R,R,g,R,terrain-rocky-ground
56,13,R,rocky-ground,M,2,.,.,.,R,R,g,R,terrain-rocky-ground
57,13,R,rocky-ground,M,2,.,.,.,R,R,g,R,terrain-rocky-ground
58,13,R,rocky-ground,M,2,.,.,.,R,R,R,R,terrain-rocky-ground
59,13,R,rocky-ground,M,2,.,.,.,R,R,R,R,terrain-rocky-ground
60,13,R,rocky-ground,M,2,.,.,.,R,R,R,R,terrain-rocky-ground
61,13,R,rocky-ground,M,2,.,.,.,R,W,W,R,terrain-rocky-ground
62,13,W,fresh-deep-water,L,3,#,.,.,W,W,W,R,terrain-fresh-water
63,13,W,fresh-deep-water,L,3,#,.,.,W,W,W,W,terrain-fresh-water
64,13,W,fresh-deep-water,L,3,#,.,.,W,g,g,W,terrain-fresh-water
65,13,g,dry-grass,P,1,.,.,.,g,g,g,W,terrain-dry-grass
66,13,g,dry-grass,P,1,.,.,.,g,g,g,g,terrain-dry-grass
67,13,g,dry-grass,P,1,.,.,.,g,g,g,g,terrain-dry-grass
68,13,g,dry-grass,P,1,.,.,.,g,g,g,g,terrain-dry-grass
69,13,g,dry-grass,P,1,.,.,.,g,g,g,g,terrain-dry-grass
70,13,g,dry-grass,P,1,.,.,.,g,g,g,g,terrain-dry-grass
71,13,g,dry-grass,P,1,.,.,.,g,g,g,g,terrain-dry-grass
72,13,g,dry-grass,P,1,.,.,.,g,g,g,g,terrain-dry-grass
73,13,g,dry-grass,P,1,.,.,.,g,g,g,g,terrain-dry-grass
74,13,g,dry-grass,P,1,.,.,.,X,g,g,g,terrain-dry-grass
75,13,g,dry-grass,P,1,.,.,.,X,X,g,g,terrain-dry-grass
76,13,X,cliff-mountain,M,1,#,.,.,X,X,g,g,terrain-cliff-mountain
77,13,X,cliff-mountain,M,1,#,.,.,X,X,g,X,terrain-cliff-mountain
78,13,X,cliff-mountain,M,1,#,.,.,X,X,g,X,terrain-cliff-mountain
79,13,X,cliff-mountain,M,1,#,.,.,X,X,X,X,terrain-cliff-mountain
80,13,X,cliff-mountain,M,1,#,.,.,X,X,X,X,terrain-cliff-mountain
81,13,X,cliff-mountain,M,1,#,.,.,X,X,X,X,terrain-cliff-mountain
82,13,X,cliff-mountain,M,1,#,.,.,X,X,X,X,terrain-cliff-mountain
83,13,X,cliff-mountain,M,1,#,.,.,X,X,g,X,terrain-cliff-mountain
84,13,X,cliff-mountain,M,1,#,.,.,X,X,g,X,terrain-cliff-mountain
85,13,X,cliff-mountain,M,1,#,.,.,X,X,g,X,terrain-cliff-mountain
86,13,X,cliff-mountain,M,1,#,.,.,X,X,g,X,terrain-cliff-mountain
87,13,X,cliff-mountain,M,1,#,.,.,X,g,g,X,terrain-cliff-mountain
88,13,g,dry-grass,P,1,.,.,.,X,g,g,X,terrain-dry-grass
89,13,g,dry-grass,P,1,.,.,.,X,g,g,g,terrain-dry-grass
90,13,g,dry-grass,P,1,.,.,.,X,g,g,g,terrain-dry-grass
91,13,g,dry-grass,P,1,.,.,.,g,g,g,g,terrain-dry-grass
92,13,g,dry-grass,P,1,.,.,.,g,g,g,g,terrain-dry-grass
93,13,g,dry-grass,P,1,.,.,.,g,g,g,g,terrain-dry-grass
94,13,g,dry-grass,P,1,.,.,.,g,g,g,g,terrain-dry-grass
95,13,g,dry-grass,P,1,.,.,.,g,g,g,g,terrain-dry-grass
96,13,g,dry-grass,P,1,.,.,.,g,g,g,g,terrain-dry-grass
97,13,g,dry-grass,P,1,.,.,.,g,g,g,g,terrain-dry-grass
98,13,g,dry-grass,P,1,.,.,.,g,X,g,g,terrain-dry-grass
99,13,X,cliff-mountain,M,1,#,.,.,X,VOID,X,g,terrain-cliff-mountain
0,14,F,forest-floor,F,2,#,.,.,F,F,F,VOID,terrain-forest-floor
1,14,F,forest-floor,F,2,.,.,.,F,F,F,F,terrain-forest-floor
2,14,F,forest-floor,F,2,.,.,.,F,X,F,F,terrain-forest-floor
3,14,X,cliff-mountain,M,2,#,.,.,F,X,F,F,terrain-cliff-mountain
4,14,X,cliff-mountain,M,2,#,.,.,X,X,X,X,terrain-cliff-mountain
5,14,X,cliff-mountain,M,2,#,.,.,X,X,X,X,terrain-cliff-mountain
6,14,X,cliff-mountain,M,2,#,.,.,X,X,F,X,terrain-cliff-mountain
7,14,X,cliff-mountain,M,2,#,.,.,X,X,F,X,terrain-cliff-mountain
8,14,X,cliff-mountain,M,2,#,.,.,X,X,F,X,terrain-cliff-mountain
9,14,X,cliff-mountain,M,2,#,.,.,X,F,F,X,terrain-cliff-mountain
10,14,F,forest-floor,F,2,.,.,.,X,F,F,X,terrain-forest-floor
11,14,F,forest-floor,F,2,.,.,.,X,F,F,F,terrain-forest-floor
12,14,F,forest-floor,F,2,.,.,.,X,X,F,F,terrain-forest-floor
13,14,X,cliff-mountain,M,2,#,.,.,X,X,F,F,terrain-cliff-mountain
14,14,X,cliff-mountain,M,2,#,.,.,X,X,F,X,terrain-cliff-mountain
15,14,X,cliff-mountain,M,2,#,.,.,X,X,X,X,terrain-cliff-mountain
16,14,X,cliff-mountain,M,2,#,.,.,X,X,X,X,terrain-cliff-mountain
17,14,X,cliff-mountain,M,2,#,.,.,F,X,X,X,terrain-cliff-mountain
18,14,X,cliff-mountain,M,2,#,.,.,F,F,X,X,terrain-cliff-mountain
19,14,F,forest-floor,F,2,.,.,.,F,F,X,X,terrain-forest-floor
20,14,F,forest-floor,F,2,.,.,.,F,F,F,F,terrain-forest-floor
21,14,F,forest-floor,F,2,.,.,.,F,W,F,F,terrain-forest-floor
22,14,W,fresh-deep-water,L,3,#,.,.,W,W,F,F,terrain-fresh-water
23,14,W,fresh-deep-water,L,3,#,.,.,W,W,W,W,terrain-fresh-water
24,14,W,fresh-deep-water,L,3,#,.,.,W,F,W,W,terrain-fresh-water
25,14,F,forest-floor,F,2,.,.,.,F,F,W,W,terrain-forest-floor
26,14,F,forest-floor,F,2,.,.,.,F,F,F,F,terrain-forest-floor
27,14,F,forest-floor,F,2,.,.,.,F,F,F,F,terrain-forest-floor
28,14,F,forest-floor,F,2,.,.,.,F,F,F,F,terrain-forest-floor
29,14,F,forest-floor,F,2,.,.,.,F,F,F,F,terrain-forest-floor
30,14,F,forest-floor,F,2,.,.,.,F,F,F,F,terrain-forest-floor
31,14,F,forest-floor,F,2,.,.,.,F,F,F,F,terrain-forest-floor
32,14,F,forest-floor,F,2,.,.,.,X,F,F,F,terrain-forest-floor
33,14,F,forest-floor,F,2,.,.,.,X,X,F,F,terrain-forest-floor
34,14,X,cliff-mountain,M,2,#,.,.,X,X,F,F,terrain-cliff-mountain
35,14,X,cliff-mountain,M,2,#,.,.,X,X,F,X,terrain-cliff-mountain
36,14,X,cliff-mountain,M,2,#,.,.,X,X,R,X,terrain-cliff-mountain
37,14,X,cliff-mountain,M,2,#,.,.,X,X,X,X,terrain-cliff-mountain
38,14,X,cliff-mountain,M,2,#,.,.,X,X,X,X,terrain-cliff-mountain
39,14,X,cliff-mountain,M,2,#,.,.,X,X,X,X,terrain-cliff-mountain
40,14,X,cliff-mountain,M,2,#,.,.,X,X,g,X,terrain-cliff-mountain
41,14,X,cliff-mountain,M,2,#,.,.,X,g,g,X,terrain-cliff-mountain
42,14,g,dry-grass,P,1,.,.,.,X,g,g,X,terrain-dry-grass
43,14,g,dry-grass,P,1,.,.,.,X,g,g,g,terrain-dry-grass
44,14,g,dry-grass,P,1,.,.,.,g,g,g,g,terrain-dry-grass
45,14,g,dry-grass,P,1,.,.,.,g,g,g,g,terrain-dry-grass
46,14,g,dry-grass,P,1,.,.,.,g,g,g,g,terrain-dry-grass
47,14,g,dry-grass,P,1,.,.,.,g,g,g,g,terrain-dry-grass
48,14,g,dry-grass,P,1,.,.,.,g,g,g,g,terrain-dry-grass
49,14,g,dry-grass,P,1,.,.,.,g,g,g,g,terrain-dry-grass
50,14,g,dry-grass,P,1,.,.,.,g,g,g,g,terrain-dry-grass
51,14,g,dry-grass,P,1,.,.,.,g,g,g,g,terrain-dry-grass
52,14,g,dry-grass,P,1,.,.,.,g,g,g,g,terrain-dry-grass
53,14,g,dry-grass,P,1,.,.,.,R,g,g,g,terrain-dry-grass
54,14,g,dry-grass,P,1,.,.,.,R,g,g,g,terrain-dry-grass
55,14,g,dry-grass,P,1,.,.,.,R,g,g,g,terrain-dry-grass
56,14,g,dry-grass,P,1,.,.,.,R,g,g,g,terrain-dry-grass
57,14,g,dry-grass,P,1,.,.,.,R,R,g,g,terrain-dry-grass
58,14,R,rocky-ground,M,2,.,.,.,R,R,g,g,terrain-rocky-ground
59,14,R,rocky-ground,M,2,.,.,.,R,R,g,R,terrain-rocky-ground
60,14,R,rocky-ground,M,2,.,.,.,R,W,g,R,terrain-rocky-ground
61,14,W,fresh-deep-water,L,3,#,.,.,R,W,W,R,terrain-fresh-water
62,14,W,fresh-deep-water,L,3,#,.,.,W,W,W,W,terrain-fresh-water
63,14,W,fresh-deep-water,L,3,#,.,.,W,g,W,W,terrain-fresh-water
64,14,g,dry-grass,P,1,.,.,.,W,g,g,W,terrain-dry-grass
65,14,g,dry-grass,P,1,.,.,.,g,g,g,g,terrain-dry-grass
66,14,g,dry-grass,P,1,.,.,.,g,g,g,g,terrain-dry-grass
67,14,g,dry-grass,P,1,.,.,.,g,g,g,g,terrain-dry-grass
68,14,g,dry-grass,P,1,.,.,.,g,g,g,g,terrain-dry-grass
69,14,g,dry-grass,P,1,.,.,.,g,g,g,g,terrain-dry-grass
70,14,g,dry-grass,P,1,.,.,.,g,g,g,g,terrain-dry-grass
71,14,g,dry-grass,P,1,.,.,.,g,g,g,g,terrain-dry-grass
72,14,g,dry-grass,P,1,.,.,.,g,g,g,g,terrain-dry-grass
73,14,g,dry-grass,P,1,.,.,.,g,g,g,g,terrain-dry-grass
74,14,g,dry-grass,P,1,.,.,.,g,g,g,g,terrain-dry-grass
75,14,g,dry-grass,P,1,.,.,.,g,g,g,g,terrain-dry-grass
76,14,g,dry-grass,P,1,.,.,.,X,g,g,g,terrain-dry-grass
77,14,g,dry-grass,P,1,.,.,.,X,g,g,g,terrain-dry-grass
78,14,g,dry-grass,P,1,.,.,.,X,X,g,g,terrain-dry-grass
79,14,X,cliff-mountain,M,1,#,.,.,X,X,g,g,terrain-cliff-mountain
80,14,X,cliff-mountain,M,1,#,.,.,X,X,g,X,terrain-cliff-mountain
81,14,X,cliff-mountain,M,1,#,.,.,X,X,g,X,terrain-cliff-mountain
82,14,X,cliff-mountain,M,1,#,.,.,X,g,g,X,terrain-cliff-mountain
83,14,g,dry-grass,P,1,.,.,.,X,g,g,X,terrain-dry-grass
84,14,g,dry-grass,P,1,.,.,.,X,g,g,g,terrain-dry-grass
85,14,g,dry-grass,P,1,.,.,.,X,g,g,g,terrain-dry-grass
86,14,g,dry-grass,P,1,.,.,.,X,g,g,g,terrain-dry-grass
87,14,g,dry-grass,P,1,.,.,.,X,g,g,g,terrain-dry-grass
88,14,g,dry-grass,P,1,.,.,.,g,g,g,g,terrain-dry-grass
89,14,g,dry-grass,P,1,.,.,.,g,g,g,g,terrain-dry-grass
90,14,g,dry-grass,P,1,.,.,.,g,g,g,g,terrain-dry-grass
91,14,g,dry-grass,P,1,.,.,.,g,g,g,g,terrain-dry-grass
92,14,g,dry-grass,P,1,.,.,.,g,g,g,g,terrain-dry-grass
93,14,g,dry-grass,P,1,.,.,.,g,g,g,g,terrain-dry-grass
94,14,g,dry-grass,P,1,.,.,.,g,g,g,g,terrain-dry-grass
95,14,g,dry-grass,P,1,.,.,.,g,g,g,g,terrain-dry-grass
96,14,g,dry-grass,P,1,.,.,.,g,g,g,g,terrain-dry-grass
97,14,g,dry-grass,P,1,.,.,.,g,g,g,g,terrain-dry-grass
98,14,g,dry-grass,P,1,.,.,.,g,X,g,g,terrain-dry-grass
99,14,X,cliff-mountain,M,1,#,.,.,X,VOID,X,g,terrain-cliff-mountain
0,15,F,forest-floor,F,2,#,.,.,F,F,F,VOID,terrain-forest-floor
1,15,F,forest-floor,F,2,.,.,.,F,F,F,F,terrain-forest-floor
2,15,F,forest-floor,F,2,.,.,.,F,F,F,F,terrain-forest-floor
3,15,F,forest-floor,F,2,.,.,.,X,X,F,F,terrain-forest-floor
4,15,X,cliff-mountain,M,2,#,.,.,X,X,F,F,terrain-cliff-mountain
5,15,X,cliff-mountain,M,2,#,.,.,X,F,F,X,terrain-cliff-mountain
6,15,F,forest-floor,F,2,.,.,.,X,F,F,X,terrain-forest-floor
7,15,F,forest-floor,F,2,.,.,.,X,F,F,F,terrain-forest-floor
8,15,F,forest-floor,F,2,.,.,.,X,F,F,F,terrain-forest-floor
9,15,F,forest-floor,F,2,.,.,.,X,F,F,F,terrain-forest-floor
10,15,F,forest-floor,F,2,.,.,.,F,F,F,F,terrain-forest-floor
11,15,F,forest-floor,F,2,.,.,.,F,F,F,F,terrain-forest-floor
12,15,F,forest-floor,F,2,.,.,.,F,F,F,F,terrain-forest-floor
13,15,F,forest-floor,F,2,.,.,.,X,F,F,F,terrain-forest-floor
14,15,F,forest-floor,F,2,.,.,.,X,X,F,F,terrain-forest-floor
15,15,X,cliff-mountain,M,2,#,.,.,X,X,F,F,terrain-cliff-mountain
16,15,X,cliff-mountain,M,2,#,.,.,X,X,F,X,terrain-cliff-mountain
17,15,X,cliff-mountain,M,2,#,.,.,X,X,X,X,terrain-cliff-mountain
18,15,X,cliff-mountain,M,2,#,.,.,X,X,X,X,terrain-cliff-mountain
19,15,X,cliff-mountain,M,2,#,.,.,F,F,F,X,terrain-cliff-mountain
20,15,F,forest-floor,F,2,.,.,.,F,F,F,X,terrain-forest-floor
21,15,F,forest-floor,F,2,.,.,.,F,F,F,F,terrain-forest-floor
22,15,F,forest-floor,F,2,.,.,.,W,W,F,F,terrain-forest-floor
23,15,W,fresh-deep-water,L,3,#,.,.,W,W,W,F,terrain-fresh-water
24,15,W,fresh-deep-water,L,3,#,.,.,W,W,W,W,terrain-fresh-water
25,15,W,fresh-deep-water,L,3,#,.,.,F,F,W,W,terrain-fresh-water
26,15,F,forest-floor,F,2,.,.,.,F,F,F,W,terrain-forest-floor
27,15,F,forest-floor,F,2,.,.,.,F,F,F,F,terrain-forest-floor
28,15,F,forest-floor,F,2,.,.,.,F,F,F,F,terrain-forest-floor
29,15,F,forest-floor,F,2,.,.,.,F,F,F,F,terrain-forest-floor
30,15,F,forest-floor,F,2,.,.,.,F,F,F,F,terrain-forest-floor
31,15,F,forest-floor,F,2,.,.,.,F,F,F,F,terrain-forest-floor
32,15,F,forest-floor,F,2,.,.,.,F,F,F,F,terrain-forest-floor
33,15,F,forest-floor,F,2,.,.,.,F,F,F,F,terrain-forest-floor
34,15,F,forest-floor,F,2,.,.,.,X,F,F,F,terrain-forest-floor
35,15,F,forest-floor,F,2,.,.,.,X,R,F,F,terrain-forest-floor
36,15,R,rocky-ground,M,2,.,.,.,X,X,F,F,terrain-rocky-ground
37,15,X,cliff-mountain,M,2,#,.,.,X,X,R,R,terrain-cliff-mountain
38,15,X,cliff-mountain,M,2,#,.,M,X,X,g,X,terrain-cliff-mountain
39,15,X,cliff-mountain,M,2,#,.,.,X,g,g,X,terrain-cliff-mountain
40,15,g,dry-grass,P,1,.,.,.,X,g,g,X,terrain-dry-grass
41,15,g,dry-grass,P,1,.,.,.,X,g,g,g,terrain-dry-grass
42,15,g,dry-grass,P,1,.,.,.,g,g,g,g,terrain-dry-grass
43,15,g,dry-grass,P,1,.,.,.,g,g,g,g,terrain-dry-grass
44,15,g,dry-grass,P,1,.,.,.,g,g,g,g,terrain-dry-grass
45,15,g,dry-grass,P,1,.,.,.,g,g,g,g,terrain-dry-grass
46,15,g,dry-grass,P,1,.,.,.,g,g,g,g,terrain-dry-grass
47,15,g,dry-grass,P,1,.,.,.,g,g,g,g,terrain-dry-grass
48,15,g,dry-grass,P,1,.,.,.,g,g,g,g,terrain-dry-grass
49,15,g,dry-grass,P,1,.,.,.,g,g,g,g,terrain-dry-grass
50,15,g,dry-grass,P,1,.,.,.,g,g,g,g,terrain-dry-grass
51,15,g,dry-grass,P,1,.,.,.,g,g,g,g,terrain-dry-grass
52,15,g,dry-grass,P,1,.,.,.,g,g,g,g,terrain-dry-grass
53,15,g,dry-grass,P,1,.,.,.,g,g,g,g,terrain-dry-grass
54,15,g,dry-grass,P,1,.,.,.,g,g,g,g,terrain-dry-grass
55,15,g,dry-grass,P,1,.,.,.,g,g,g,g,terrain-dry-grass
56,15,g,dry-grass,P,1,.,.,.,g,g,g,g,terrain-dry-grass
57,15,g,dry-grass,P,1,.,.,.,g,g,g,g,terrain-dry-grass
58,15,g,dry-grass,P,1,.,.,.,R,g,g,g,terrain-dry-grass
59,15,g,dry-grass,P,1,.,.,.,R,g,g,g,terrain-dry-grass
60,15,g,dry-grass,P,1,.,.,.,R,W,g,g,terrain-dry-grass
61,15,W,fresh-deep-water,L,3,#,.,.,W,W,W,g,terrain-fresh-water
62,15,W,fresh-deep-water,L,3,#,.,.,W,W,W,W,terrain-fresh-water
63,15,W,fresh-deep-water,L,3,#,.,.,W,g,W,W,terrain-fresh-water
64,15,g,dry-grass,P,1,.,.,.,g,g,g,W,terrain-dry-grass
65,15,g,dry-grass,P,1,.,.,.,g,g,g,g,terrain-dry-grass
66,15,g,dry-grass,P,1,.,.,.,g,g,g,g,terrain-dry-grass
67,15,g,dry-grass,P,1,.,.,.,g,g,g,g,terrain-dry-grass
68,15,g,dry-grass,P,1,.,.,.,g,g,g,g,terrain-dry-grass
69,15,g,dry-grass,P,1,.,.,.,g,g,g,g,terrain-dry-grass
70,15,g,dry-grass,P,1,.,.,.,g,g,g,g,terrain-dry-grass
71,15,g,dry-grass,P,1,.,.,.,g,g,g,g,terrain-dry-grass
72,15,g,dry-grass,P,1,.,.,.,g,g,g,g,terrain-dry-grass
73,15,g,dry-grass,P,1,.,.,.,g,g,g,g,terrain-dry-grass
74,15,g,dry-grass,P,1,.,.,.,g,g,g,g,terrain-dry-grass
75,15,g,dry-grass,P,1,.,.,.,g,g,g,g,terrain-dry-grass
76,15,g,dry-grass,P,1,.,.,.,g,g,g,g,terrain-dry-grass
77,15,g,dry-grass,P,1,.,.,.,g,g,g,g,terrain-dry-grass
78,15,g,dry-grass,P,1,.,.,.,g,g,g,g,terrain-dry-grass
79,15,g,dry-grass,P,1,.,.,.,X,g,g,g,terrain-dry-grass
80,15,g,dry-grass,P,1,.,.,.,X,g,g,g,terrain-dry-grass
81,15,g,dry-grass,P,1,.,.,.,X,g,g,g,terrain-dry-grass
82,15,g,dry-grass,P,1,.,.,.,X,g,g,g,terrain-dry-grass
83,15,g,dry-grass,P,1,.,.,.,g,g,g,g,terrain-dry-grass
84,15,g,dry-grass,P,1,.,.,.,g,g,g,g,terrain-dry-grass
85,15,g,dry-grass,P,1,.,.,.,g,g,g,g,terrain-dry-grass
86,15,g,dry-grass,P,1,.,.,.,g,g,g,g,terrain-dry-grass
87,15,g,dry-grass,P,1,.,.,.,g,g,g,g,terrain-dry-grass
88,15,g,dry-grass,P,1,.,.,.,g,g,g,g,terrain-dry-grass
89,15,g,dry-grass,P,1,.,.,.,g,g,g,g,terrain-dry-grass
90,15,g,dry-grass,P,1,.,.,.,g,g,g,g,terrain-dry-grass
91,15,g,dry-grass,P,1,.,.,.,g,g,g,g,terrain-dry-grass
92,15,g,dry-grass,P,1,.,.,.,g,g,g,g,terrain-dry-grass
93,15,g,dry-grass,P,1,.,.,.,g,g,g,g,terrain-dry-grass
94,15,g,dry-grass,P,1,.,.,.,g,g,g,g,terrain-dry-grass
95,15,g,dry-grass,P,1,.,.,.,g,g,g,g,terrain-dry-grass
96,15,g,dry-grass,P,1,.,.,.,g,g,g,g,terrain-dry-grass
97,15,g,dry-grass,P,1,.,.,.,g,g,g,g,terrain-dry-grass
98,15,g,dry-grass,P,1,.,.,.,g,X,g,g,terrain-dry-grass
99,15,X,cliff-mountain,M,1,#,.,.,X,VOID,X,g,terrain-cliff-mountain
0,16,F,forest-floor,F,2,#,.,.,F,F,F,VOID,terrain-forest-floor
1,16,F,forest-floor,F,2,.,.,.,F,F,F,F,terrain-forest-floor
2,16,F,forest-floor,F,2,.,.,.,F,F,F,F,terrain-forest-floor
3,16,F,forest-floor,F,2,.,.,.,F,F,F,F,terrain-forest-floor
4,16,F,forest-floor,F,2,.,.,.,X,F,F,F,terrain-forest-floor
5,16,F,forest-floor,F,2,.,.,.,X,F,F,F,terrain-forest-floor
6,16,F,forest-floor,F,2,.,.,.,F,F,F,F,terrain-forest-floor
7,16,F,forest-floor,F,2,.,.,.,F,F,F,F,terrain-forest-floor
8,16,F,forest-floor,F,2,.,.,.,F,F,F,F,terrain-forest-floor
9,16,F,forest-floor,F,2,.,.,.,F,F,F,F,terrain-forest-floor
10,16,F,forest-floor,F,2,.,.,.,F,F,F,F,terrain-forest-floor
11,16,F,forest-floor,F,2,.,.,.,F,F,F,F,terrain-forest-floor
12,16,F,forest-floor,F,2,.,.,.,F,F,F,F,terrain-forest-floor
13,16,F,forest-floor,F,2,.,.,.,F,F,F,F,terrain-forest-floor
14,16,F,forest-floor,F,2,.,.,.,F,F,F,F,terrain-forest-floor
15,16,F,forest-floor,F,2,.,.,.,X,F,F,F,terrain-forest-floor
16,16,F,forest-floor,F,2,.,.,.,X,X,F,F,terrain-forest-floor
17,16,X,cliff-mountain,M,2,#,.,.,X,X,F,F,terrain-cliff-mountain
18,16,X,cliff-mountain,M,2,#,.,.,X,F,F,X,terrain-cliff-mountain
19,16,F,forest-floor,F,2,.,.,.,X,F,F,X,terrain-forest-floor
20,16,F,forest-floor,F,2,.,.,.,F,F,F,F,terrain-forest-floor
21,16,F,forest-floor,F,2,.,.,.,F,F,F,F,terrain-forest-floor
22,16,F,forest-floor,F,2,.,.,.,F,W,F,F,terrain-forest-floor
23,16,W,fresh-deep-water,L,3,#,.,.,W,W,F,F,terrain-fresh-water
24,16,W,fresh-deep-water,L,3,#,.,.,W,W,W,W,terrain-fresh-water
25,16,W,fresh-deep-water,L,3,#,.,.,W,F,W,W,terrain-fresh-water
26,16,F,forest-floor,F,2,.,.,.,F,F,W,W,terrain-forest-floor
27,16,F,forest-floor,F,2,.,.,.,F,F,F,F,terrain-forest-floor
28,16,F,forest-floor,F,2,.,.,.,F,F,F,F,terrain-forest-floor
29,16,F,forest-floor,F,2,.,.,.,F,F,F,F,terrain-forest-floor
30,16,F,forest-floor,F,2,.,.,.,F,F,F,F,terrain-forest-floor
31,16,F,forest-floor,F,2,.,.,.,F,F,F,F,terrain-forest-floor
32,16,F,forest-floor,F,2,.,.,.,F,F,F,F,terrain-forest-floor
33,16,F,forest-floor,F,2,.,.,.,F,F,F,F,terrain-forest-floor
34,16,F,forest-floor,F,2,.,.,.,F,F,F,F,terrain-forest-floor
35,16,F,forest-floor,F,2,.,.,M,F,F,F,F,terrain-forest-floor
36,16,F,forest-floor,F,2,.,.,M,R,R,F,F,terrain-forest-floor
37,16,R,rocky-ground,M,2,.,.,M,X,g,F,F,terrain-rocky-ground
38,16,g,dry-grass,P,1,.,.,M,X,g,g,R,terrain-dry-grass
39,16,g,dry-grass,P,1,.,.,M,X,g,g,g,terrain-dry-grass
40,16,g,dry-grass,P,1,.,.,M,g,g,g,g,terrain-dry-grass
41,16,g,dry-grass,P,1,.,.,M,g,g,g,g,terrain-dry-grass
42,16,g,dry-grass,P,1,.,.,.,g,g,g,g,terrain-dry-grass
43,16,g,dry-grass,P,1,.,.,.,g,g,g,g,terrain-dry-grass
44,16,g,dry-grass,P,1,.,.,.,g,g,g,g,terrain-dry-grass
45,16,g,dry-grass,P,1,.,.,.,g,g,g,g,terrain-dry-grass
46,16,g,dry-grass,P,1,.,.,.,g,g,g,g,terrain-dry-grass
47,16,g,dry-grass,P,1,.,.,.,g,g,g,g,terrain-dry-grass
48,16,g,dry-grass,P,1,.,.,.,g,g,g,g,terrain-dry-grass
49,16,g,dry-grass,P,1,.,.,.,g,g,g,g,terrain-dry-grass
50,16,g,dry-grass,P,1,.,.,.,g,g,g,g,terrain-dry-grass
51,16,g,dry-grass,P,1,.,.,.,g,g,g,g,terrain-dry-grass
52,16,g,dry-grass,P,1,.,.,.,g,g,g,g,terrain-dry-grass
53,16,g,dry-grass,P,1,.,.,.,g,g,g,g,terrain-dry-grass
54,16,g,dry-grass,P,1,.,.,.,g,g,g,g,terrain-dry-grass
55,16,g,dry-grass,P,1,.,.,.,g,g,g,g,terrain-dry-grass
56,16,g,dry-grass,P,1,.,.,.,g,g,g,g,terrain-dry-grass
57,16,g,dry-grass,P,1,.,.,.,g,g,g,g,terrain-dry-grass
58,16,g,dry-grass,P,1,.,.,.,g,g,g,g,terrain-dry-grass
59,16,g,dry-grass,P,1,.,.,.,g,g,g,g,terrain-dry-grass
60,16,g,dry-grass,P,1,.,.,.,g,W,W,g,terrain-dry-grass
61,16,W,fresh-deep-water,L,3,#,.,.,W,W,W,g,terrain-fresh-water
62,16,W,fresh-deep-water,L,3,#,.,.,W,W,W,W,terrain-fresh-water
63,16,W,fresh-deep-water,L,3,#,.,.,W,g,g,W,terrain-fresh-water
64,16,g,dry-grass,P,1,.,.,.,g,g,g,W,terrain-dry-grass
65,16,g,dry-grass,P,1,.,.,.,g,g,g,g,terrain-dry-grass
66,16,g,dry-grass,P,1,.,.,.,g,g,g,g,terrain-dry-grass
67,16,g,dry-grass,P,1,.,.,.,g,g,g,g,terrain-dry-grass
68,16,g,dry-grass,P,1,.,.,.,g,g,g,g,terrain-dry-grass
69,16,g,dry-grass,P,1,.,.,.,g,g,g,g,terrain-dry-grass
70,16,g,dry-grass,P,1,.,.,.,g,g,g,g,terrain-dry-grass
71,16,g,dry-grass,P,1,.,.,.,g,g,g,g,terrain-dry-grass
72,16,g,dry-grass,P,1,.,.,.,g,g,g,g,terrain-dry-grass
73,16,g,dry-grass,P,1,.,.,.,g,g,g,g,terrain-dry-grass
74,16,g,dry-grass,P,1,.,.,.,g,g,g,g,terrain-dry-grass
75,16,g,dry-grass,P,1,.,.,.,g,g,g,g,terrain-dry-grass
76,16,g,dry-grass,P,1,.,.,.,g,g,g,g,terrain-dry-grass
77,16,g,dry-grass,P,1,.,.,.,g,g,g,g,terrain-dry-grass
78,16,g,dry-grass,P,1,.,.,.,g,g,g,g,terrain-dry-grass
79,16,g,dry-grass,P,1,.,.,.,g,g,g,g,terrain-dry-grass
80,16,g,dry-grass,P,1,.,.,.,g,g,g,g,terrain-dry-grass
81,16,g,dry-grass,P,1,.,.,.,g,g,g,g,terrain-dry-grass
82,16,g,dry-grass,P,1,.,.,.,g,g,g,g,terrain-dry-grass
83,16,g,dry-grass,P,1,.,.,.,g,g,g,g,terrain-dry-grass
84,16,g,dry-grass,P,1,.,.,.,g,g,g,g,terrain-dry-grass
85,16,g,dry-grass,P,1,.,.,.,g,g,g,g,terrain-dry-grass
86,16,g,dry-grass,P,1,.,.,.,g,g,g,g,terrain-dry-grass
87,16,g,dry-grass,P,1,.,.,.,g,g,g,g,terrain-dry-grass
88,16,g,dry-grass,P,1,.,.,.,g,g,g,g,terrain-dry-grass
89,16,g,dry-grass,P,1,.,.,.,g,g,g,g,terrain-dry-grass
90,16,g,dry-grass,P,1,.,.,.,g,g,g,g,terrain-dry-grass
91,16,g,dry-grass,P,1,.,.,.,g,g,g,g,terrain-dry-grass
92,16,g,dry-grass,P,1,.,.,.,g,g,g,g,terrain-dry-grass
93,16,g,dry-grass,P,1,.,.,.,g,g,g,g,terrain-dry-grass
94,16,g,dry-grass,P,1,.,.,.,g,g,g,g,terrain-dry-grass
95,16,g,dry-grass,P,1,.,.,.,g,g,g,g,terrain-dry-grass
96,16,g,dry-grass,P,1,.,.,.,g,g,g,g,terrain-dry-grass
97,16,g,dry-grass,P,1,.,.,.,g,g,g,g,terrain-dry-grass
98,16,g,dry-grass,P,1,.,.,.,g,X,g,g,terrain-dry-grass
99,16,X,cliff-mountain,M,1,#,.,.,X,VOID,X,g,terrain-cliff-mountain
0,17,F,forest-floor,F,2,#,.,.,F,F,F,VOID,terrain-forest-floor
1,17,F,forest-floor,F,2,.,.,.,F,F,F,F,terrain-forest-floor
2,17,F,forest-floor,F,2,.,.,.,F,F,F,F,terrain-forest-floor
3,17,F,forest-floor,F,2,.,.,.,F,F,F,F,terrain-forest-floor
4,17,F,forest-floor,F,2,.,.,.,F,F,F,F,terrain-forest-floor
5,17,F,forest-floor,F,2,.,.,.,F,F,F,F,terrain-forest-floor
6,17,F,forest-floor,F,2,.,.,.,F,F,F,F,terrain-forest-floor
7,17,F,forest-floor,F,2,.,.,.,F,F,F,F,terrain-forest-floor
8,17,F,forest-floor,F,2,.,.,.,F,F,F,F,terrain-forest-floor
9,17,F,forest-floor,F,2,.,.,.,F,F,F,F,terrain-forest-floor
10,17,F,forest-floor,F,2,.,.,.,F,F,F,F,terrain-forest-floor
11,17,F,forest-floor,F,2,.,.,.,F,F,F,F,terrain-forest-floor
12,17,F,forest-floor,F,2,.,.,.,F,F,F,F,terrain-forest-floor
13,17,F,forest-floor,F,2,.,.,.,F,F,F,F,terrain-forest-floor
14,17,F,forest-floor,F,2,.,.,.,F,F,F,F,terrain-forest-floor
15,17,F,forest-floor,F,2,.,.,.,F,F,F,F,terrain-forest-floor
16,17,F,forest-floor,F,2,.,.,.,F,F,F,F,terrain-forest-floor
17,17,F,forest-floor,F,2,.,.,.,X,F,F,F,terrain-forest-floor
18,17,F,forest-floor,F,2,.,.,.,X,F,F,F,terrain-forest-floor
19,17,F,forest-floor,F,2,.,.,.,F,F,F,F,terrain-forest-floor
20,17,F,forest-floor,F,2,.,.,.,F,F,F,F,terrain-forest-floor
21,17,F,forest-floor,F,2,.,.,.,F,F,F,F,terrain-forest-floor
22,17,F,forest-floor,F,2,.,.,.,F,F,F,F,terrain-forest-floor
23,17,F,forest-floor,F,2,.,.,.,W,W,F,F,terrain-forest-floor
24,17,W,fresh-deep-water,L,3,#,.,.,W,W,F,F,terrain-fresh-water
25,17,W,fresh-deep-water,L,2,#,.,.,W,W,W,W,terrain-fresh-water
26,17,W,fresh-deep-water,L,3,#,.,.,F,F,W,W,terrain-fresh-water
27,17,F,forest-floor,F,2,.,.,.,F,F,W,W,terrain-forest-floor
28,17,F,forest-floor,F,2,.,.,.,F,F,F,F,terrain-forest-floor
29,17,F,forest-floor,F,2,.,.,.,F,F,F,F,terrain-forest-floor
30,17,F,forest-floor,F,2,.,.,.,F,F,F,F,terrain-forest-floor
31,17,F,forest-floor,F,2,.,.,.,F,F,F,F,terrain-forest-floor
32,17,F,forest-floor,F,2,.,.,.,F,F,F,F,terrain-forest-floor
33,17,F,forest-floor,F,2,.,.,.,F,F,F,F,terrain-forest-floor
34,17,F,forest-floor,F,2,.,.,M,F,F,F,F,terrain-forest-floor
35,17,F,forest-floor,F,2,.,.,M,F,F,F,F,terrain-forest-floor
36,17,F,forest-floor,F,2,.,.,M,F,F,F,F,terrain-forest-floor
37,17,F,forest-floor,F,2,.,.,M,R,g,F,F,terrain-forest-floor
38,17,g,dry-grass,P,1,.,.,M,g,g,F,F,terrain-dry-grass
39,17,g,dry-grass,P,1,.,.,M,g,g,g,g,terrain-dry-grass
40,17,g,dry-grass,P,1,.,.,M,g,g,g,g,terrain-dry-grass
41,17,g,dry-grass,P,1,.,.,M,g,g,g,g,terrain-dry-grass
42,17,g,dry-grass,P,1,.,.,M,g,g,g,g,terrain-dry-grass
43,17,g,dry-grass,P,1,.,.,.,g,g,g,g,terrain-dry-grass
44,17,g,dry-grass,P,1,.,.,.,g,g,g,g,terrain-dry-grass
45,17,g,dry-grass,P,1,.,.,.,g,g,g,g,terrain-dry-grass
46,17,g,dry-grass,P,1,.,.,.,g,g,g,g,terrain-dry-grass
47,17,g,dry-grass,P,1,.,.,.,g,g,g,g,terrain-dry-grass
48,17,g,dry-grass,P,1,.,.,.,g,g,g,g,terrain-dry-grass
49,17,g,dry-grass,P,1,.,.,.,g,g,g,g,terrain-dry-grass
50,17,g,dry-grass,P,1,.,.,.,g,g,g,g,terrain-dry-grass
51,17,g,dry-grass,P,1,.,.,.,g,g,g,g,terrain-dry-grass
52,17,g,dry-grass,P,1,.,.,.,g,g,g,g,terrain-dry-grass
53,17,g,dry-grass,P,1,.,.,.,g,g,g,g,terrain-dry-grass
54,17,g,dry-grass,P,1,.,.,.,g,g,g,g,terrain-dry-grass
55,17,g,dry-grass,P,1,.,.,.,g,g,g,g,terrain-dry-grass
56,17,g,dry-grass,P,1,.,.,.,g,g,g,g,terrain-dry-grass
57,17,g,dry-grass,P,1,.,.,.,g,g,g,g,terrain-dry-grass
58,17,g,dry-grass,P,1,.,.,.,g,g,g,g,terrain-dry-grass
59,17,g,dry-grass,P,1,.,.,.,g,W,g,g,terrain-dry-grass
60,17,W,fresh-deep-water,L,2,#,.,.,g,W,W,g,terrain-fresh-water
61,17,W,fresh-deep-water,L,2,#,.,.,W,W,W,W,terrain-fresh-water
62,17,W,fresh-deep-water,L,2,#,.,.,W,g,W,W,terrain-fresh-water
63,17,g,dry-grass,P,1,.,.,.,W,g,g,W,terrain-dry-grass
64,17,g,dry-grass,P,1,.,.,.,g,g,g,g,terrain-dry-grass
65,17,g,dry-grass,P,1,.,.,.,g,g,g,g,terrain-dry-grass
66,17,g,dry-grass,P,1,.,.,.,g,g,g,g,terrain-dry-grass
67,17,g,dry-grass,P,1,.,.,.,g,g,g,g,terrain-dry-grass
68,17,g,dry-grass,P,1,.,.,.,g,g,g,g,terrain-dry-grass
69,17,g,dry-grass,P,1,.,.,.,g,g,g,g,terrain-dry-grass
70,17,g,dry-grass,P,1,.,.,.,g,g,g,g,terrain-dry-grass
71,17,g,dry-grass,P,1,.,.,.,g,g,g,g,terrain-dry-grass
72,17,g,dry-grass,P,1,.,.,.,g,g,g,g,terrain-dry-grass
73,17,g,dry-grass,P,1,.,.,.,g,g,g,g,terrain-dry-grass
74,17,g,dry-grass,P,1,.,.,.,g,g,g,g,terrain-dry-grass
75,17,g,dry-grass,P,1,.,.,.,g,g,g,g,terrain-dry-grass
76,17,g,dry-grass,P,1,.,.,.,g,g,g,g,terrain-dry-grass
77,17,g,dry-grass,P,1,.,.,.,g,g,g,g,terrain-dry-grass
78,17,g,dry-grass,P,1,.,.,.,g,g,g,g,terrain-dry-grass
79,17,g,dry-grass,P,1,.,.,.,g,g,g,g,terrain-dry-grass
80,17,g,dry-grass,P,1,.,.,.,g,g,g,g,terrain-dry-grass
81,17,g,dry-grass,P,1,.,.,.,g,g,g,g,terrain-dry-grass
82,17,g,dry-grass,P,1,.,.,.,g,g,g,g,terrain-dry-grass
83,17,g,dry-grass,P,1,.,.,.,g,g,g,g,terrain-dry-grass
84,17,g,dry-grass,P,1,.,.,.,g,g,g,g,terrain-dry-grass
85,17,g,dry-grass,P,1,.,.,.,g,g,g,g,terrain-dry-grass
86,17,g,dry-grass,P,1,.,.,.,g,g,g,g,terrain-dry-grass
87,17,g,dry-grass,P,1,.,.,.,g,g,g,g,terrain-dry-grass
88,17,g,dry-grass,P,1,.,.,.,g,g,g,g,terrain-dry-grass
89,17,g,dry-grass,P,1,.,.,.,g,g,g,g,terrain-dry-grass
90,17,g,dry-grass,P,1,.,.,.,g,g,g,g,terrain-dry-grass
91,17,g,dry-grass,P,1,.,.,.,g,g,g,g,terrain-dry-grass
92,17,g,dry-grass,P,1,.,.,.,g,g,g,g,terrain-dry-grass
93,17,g,dry-grass,P,1,.,.,.,g,g,g,g,terrain-dry-grass
94,17,g,dry-grass,P,1,.,.,.,g,g,g,g,terrain-dry-grass
95,17,g,dry-grass,P,1,.,.,.,g,g,g,g,terrain-dry-grass
96,17,g,dry-grass,P,1,.,.,.,g,g,g,g,terrain-dry-grass
97,17,g,dry-grass,P,1,.,.,.,g,g,g,g,terrain-dry-grass
98,17,g,dry-grass,P,1,.,.,.,g,X,g,g,terrain-dry-grass
99,17,X,cliff-mountain,M,1,#,.,.,X,VOID,X,g,terrain-cliff-mountain
0,18,F,forest-floor,F,2,#,.,.,F,F,F,VOID,terrain-forest-floor
1,18,F,forest-floor,F,2,.,.,.,F,F,F,F,terrain-forest-floor
2,18,F,forest-floor,F,2,.,.,.,F,F,F,F,terrain-forest-floor
3,18,F,forest-floor,F,2,.,.,.,F,F,F,F,terrain-forest-floor
4,18,F,forest-floor,F,2,.,.,.,F,F,F,F,terrain-forest-floor
5,18,F,forest-floor,F,2,.,.,.,F,F,F,F,terrain-forest-floor
6,18,F,forest-floor,F,2,.,.,.,F,F,F,F,terrain-forest-floor
7,18,F,forest-floor,F,2,.,.,.,F,F,F,F,terrain-forest-floor
8,18,F,forest-floor,F,2,.,.,.,F,F,F,F,terrain-forest-floor
9,18,F,forest-floor,F,2,.,.,.,F,F,F,F,terrain-forest-floor
10,18,F,forest-floor,F,2,.,.,.,F,F,F,F,terrain-forest-floor
11,18,F,forest-floor,F,2,.,.,.,F,F,F,F,terrain-forest-floor
12,18,F,forest-floor,F,2,.,.,.,F,F,F,F,terrain-forest-floor
13,18,F,forest-floor,F,2,.,.,.,F,F,F,F,terrain-forest-floor
14,18,F,forest-floor,F,2,.,.,.,F,F,F,F,terrain-forest-floor
15,18,F,forest-floor,F,2,.,.,.,F,F,F,F,terrain-forest-floor
16,18,F,forest-floor,F,2,.,.,.,F,F,F,F,terrain-forest-floor
17,18,F,forest-floor,F,2,.,.,.,F,F,F,F,terrain-forest-floor
18,18,F,forest-floor,F,2,.,.,.,F,F,F,F,terrain-forest-floor
19,18,F,forest-floor,F,2,.,.,.,F,F,F,F,terrain-forest-floor
20,18,F,forest-floor,F,2,.,.,.,F,F,F,F,terrain-forest-floor
21,18,F,forest-floor,F,2,.,.,.,F,F,F,F,terrain-forest-floor
22,18,F,forest-floor,F,2,.,.,.,F,F,F,F,terrain-forest-floor
23,18,F,forest-floor,F,2,.,.,.,F,F,F,F,terrain-forest-floor
24,18,F,forest-floor,F,2,.,.,.,W,W,F,F,terrain-forest-floor
25,18,W,fresh-deep-water,L,2,#,.,.,W,W,W,F,terrain-fresh-water
26,18,W,fresh-deep-water,L,2,#,.,.,W,W,W,W,terrain-fresh-water
27,18,W,fresh-deep-water,L,2,#,.,.,F,F,W,W,terrain-fresh-water
28,18,F,forest-floor,F,2,.,.,.,F,F,F,W,terrain-forest-floor
29,18,F,forest-floor,F,2,.,.,.,F,F,F,F,terrain-forest-floor
30,18,F,forest-floor,F,2,.,.,.,F,F,F,F,terrain-forest-floor
31,18,F,forest-floor,F,2,.,.,.,F,F,F,F,terrain-forest-floor
32,18,F,forest-floor,F,2,.,.,.,F,F,F,F,terrain-forest-floor
33,18,F,forest-floor,F,2,.,.,.,F,F,F,F,terrain-forest-floor
34,18,F,forest-floor,F,2,.,.,M,F,F,F,F,terrain-forest-floor
35,18,F,forest-floor,F,2,.,.,M,F,F,F,F,terrain-forest-floor
36,18,F,forest-floor,F,2,.,.,M,F,F,F,F,terrain-forest-floor
37,18,F,forest-floor,F,2,.,.,M,F,F,F,F,terrain-forest-floor
38,18,F,forest-floor,F,2,.,.,M,g,g,D,F,terrain-forest-floor
39,18,g,dry-grass,P,1,.,.,M,g,g,g,F,terrain-dry-grass
40,18,g,dry-grass,P,1,.,.,M,g,g,g,g,terrain-dry-grass
41,18,g,dry-grass,P,1,.,.,M,g,g,g,g,terrain-dry-grass
42,18,g,dry-grass,P,1,.,.,M,g,g,g,g,terrain-dry-grass
43,18,g,dry-grass,P,1,.,.,.,g,g,g,g,terrain-dry-grass
44,18,g,dry-grass,P,1,.,.,.,g,g,g,g,terrain-dry-grass
45,18,g,dry-grass,P,1,.,.,.,g,g,g,g,terrain-dry-grass
46,18,g,dry-grass,P,1,.,.,.,g,g,g,g,terrain-dry-grass
47,18,g,dry-grass,P,1,.,.,.,g,g,g,g,terrain-dry-grass
48,18,g,dry-grass,P,1,.,.,.,g,g,g,g,terrain-dry-grass
49,18,g,dry-grass,P,1,.,.,.,g,g,g,g,terrain-dry-grass
50,18,g,dry-grass,P,1,.,.,.,g,g,g,g,terrain-dry-grass
51,18,g,dry-grass,P,1,.,.,.,g,g,g,g,terrain-dry-grass
52,18,g,dry-grass,P,1,.,.,.,g,g,g,g,terrain-dry-grass
53,18,g,dry-grass,P,1,.,.,.,g,g,g,g,terrain-dry-grass
54,18,g,dry-grass,P,1,.,.,.,g,g,g,g,terrain-dry-grass
55,18,g,dry-grass,P,1,.,.,.,g,g,g,g,terrain-dry-grass
56,18,g,dry-grass,P,1,.,.,.,g,g,g,g,terrain-dry-grass
57,18,g,dry-grass,P,1,.,.,.,g,g,g,g,terrain-dry-grass
58,18,g,dry-grass,P,1,.,.,.,g,g,g,g,terrain-dry-grass
59,18,g,dry-grass,P,1,.,.,.,g,W,g,g,terrain-dry-grass
60,18,W,fresh-deep-water,L,2,#,.,.,W,W,W,g,terrain-fresh-water
61,18,W,fresh-deep-water,L,2,#,.,.,W,W,W,W,terrain-fresh-water
62,18,W,fresh-deep-water,L,2,#,.,.,W,g,W,W,terrain-fresh-water
63,18,g,dry-grass,P,1,.,.,.,g,g,g,W,terrain-dry-grass
64,18,g,dry-grass,P,1,.,.,.,g,g,g,g,terrain-dry-grass
65,18,g,dry-grass,P,1,.,.,.,g,g,g,g,terrain-dry-grass
66,18,g,dry-grass,P,1,.,.,.,g,g,g,g,terrain-dry-grass
67,18,g,dry-grass,P,1,.,.,.,g,g,g,g,terrain-dry-grass
68,18,g,dry-grass,P,1,.,.,.,g,g,g,g,terrain-dry-grass
69,18,g,dry-grass,P,1,.,.,.,g,g,g,g,terrain-dry-grass
70,18,g,dry-grass,P,1,.,.,.,g,g,g,g,terrain-dry-grass
71,18,g,dry-grass,P,1,.,.,.,g,g,g,g,terrain-dry-grass
72,18,g,dry-grass,P,1,.,.,.,g,g,g,g,terrain-dry-grass
73,18,g,dry-grass,P,1,.,.,.,g,g,g,g,terrain-dry-grass
74,18,g,dry-grass,P,1,.,.,.,g,g,g,g,terrain-dry-grass
75,18,g,dry-grass,P,1,.,.,.,g,g,g,g,terrain-dry-grass
76,18,g,dry-grass,P,1,.,.,.,g,g,g,g,terrain-dry-grass
77,18,g,dry-grass,P,1,.,.,.,g,g,g,g,terrain-dry-grass
78,18,g,dry-grass,P,1,.,.,.,g,g,g,g,terrain-dry-grass
79,18,g,dry-grass,P,1,.,.,.,g,g,g,g,terrain-dry-grass
80,18,g,dry-grass,P,1,.,.,.,g,g,g,g,terrain-dry-grass
81,18,g,dry-grass,P,1,.,.,.,g,g,g,g,terrain-dry-grass
82,18,g,dry-grass,P,1,.,.,.,g,g,g,g,terrain-dry-grass
83,18,g,dry-grass,P,1,.,.,.,g,g,g,g,terrain-dry-grass
84,18,g,dry-grass,P,1,.,.,.,g,g,g,g,terrain-dry-grass
85,18,g,dry-grass,P,1,.,.,.,g,g,g,g,terrain-dry-grass
86,18,g,dry-grass,P,1,.,.,.,g,g,g,g,terrain-dry-grass
87,18,g,dry-grass,P,1,.,.,.,g,g,g,g,terrain-dry-grass
88,18,g,dry-grass,P,1,.,.,.,g,g,g,g,terrain-dry-grass
89,18,g,dry-grass,P,1,.,.,.,g,g,g,g,terrain-dry-grass
90,18,g,dry-grass,P,1,.,.,.,g,g,g,g,terrain-dry-grass
91,18,g,dry-grass,P,1,.,.,.,g,g,g,g,terrain-dry-grass
92,18,g,dry-grass,P,1,.,.,.,g,g,g,g,terrain-dry-grass
93,18,g,dry-grass,P,1,.,.,.,g,g,g,g,terrain-dry-grass
94,18,g,dry-grass,P,1,.,.,.,g,g,g,g,terrain-dry-grass
95,18,g,dry-grass,P,1,.,.,.,g,g,g,g,terrain-dry-grass
96,18,g,dry-grass,P,1,.,.,.,g,g,g,g,terrain-dry-grass
97,18,g,dry-grass,P,1,.,.,.,g,g,g,g,terrain-dry-grass
98,18,g,dry-grass,P,1,.,.,.,g,X,g,g,terrain-dry-grass
99,18,X,cliff-mountain,M,1,#,.,.,X,VOID,X,g,terrain-cliff-mountain
0,19,F,forest-floor,F,2,#,.,.,F,F,F,VOID,terrain-forest-floor
1,19,F,forest-floor,F,2,.,.,.,F,F,F,F,terrain-forest-floor
2,19,F,forest-floor,F,2,.,.,.,F,F,F,F,terrain-forest-floor
3,19,F,forest-floor,F,2,.,.,.,F,F,F,F,terrain-forest-floor
4,19,F,forest-floor,F,2,.,.,.,F,F,F,F,terrain-forest-floor
5,19,F,forest-floor,F,2,.,.,.,F,F,F,F,terrain-forest-floor
6,19,F,forest-floor,F,2,.,.,.,F,F,F,F,terrain-forest-floor
7,19,F,forest-floor,F,2,.,.,.,F,F,F,F,terrain-forest-floor
8,19,F,forest-floor,F,2,.,.,.,F,F,F,F,terrain-forest-floor
9,19,F,forest-floor,F,2,.,.,.,F,F,F,F,terrain-forest-floor
10,19,F,forest-floor,F,2,.,.,.,F,F,F,F,terrain-forest-floor
11,19,F,forest-floor,F,2,.,.,.,F,F,F,F,terrain-forest-floor
12,19,F,forest-floor,F,2,.,.,.,F,F,F,F,terrain-forest-floor
13,19,F,forest-floor,F,2,.,.,.,F,F,F,F,terrain-forest-floor
14,19,F,forest-floor,F,2,.,.,.,F,F,F,F,terrain-forest-floor
15,19,F,forest-floor,F,2,.,.,.,F,F,F,F,terrain-forest-floor
16,19,F,forest-floor,F,2,.,.,.,F,F,F,F,terrain-forest-floor
17,19,F,forest-floor,F,2,.,.,.,F,F,F,F,terrain-forest-floor
18,19,F,forest-floor,F,2,.,.,.,F,F,F,F,terrain-forest-floor
19,19,F,forest-floor,F,2,.,.,.,F,F,F,F,terrain-forest-floor
20,19,F,forest-floor,F,2,.,.,.,F,F,F,F,terrain-forest-floor
21,19,F,forest-floor,F,2,.,.,.,F,F,F,F,terrain-forest-floor
22,19,F,forest-floor,F,2,.,.,.,F,F,F,F,terrain-forest-floor
23,19,F,forest-floor,F,2,.,.,.,F,F,F,F,terrain-forest-floor
24,19,F,forest-floor,F,2,.,.,.,F,W,F,F,terrain-forest-floor
25,19,W,fresh-deep-water,L,2,#,.,.,W,W,F,F,terrain-fresh-water
26,19,W,fresh-deep-water,L,2,#,.,.,W,W,W,W,terrain-fresh-water
27,19,W,fresh-deep-water,L,2,#,.,.,W,F,W,W,terrain-fresh-water
28,19,F,forest-floor,F,2,.,.,.,F,F,W,W,terrain-forest-floor
29,19,F,forest-floor,F,2,.,.,.,F,F,F,F,terrain-forest-floor
30,19,F,forest-floor,F,2,.,.,.,F,F,F,F,terrain-forest-floor
31,19,F,forest-floor,F,2,.,.,.,F,F,F,F,terrain-forest-floor
32,19,F,forest-floor,F,2,.,.,.,F,F,F,F,terrain-forest-floor
33,19,F,forest-floor,F,2,.,.,.,F,F,F,F,terrain-forest-floor
34,19,F,forest-floor,F,2,.,.,M,F,F,F,F,terrain-forest-floor
35,19,F,forest-floor,F,2,.,.,M,F,F,F,F,terrain-forest-floor
36,19,F,forest-floor,F,2,.,.,M,F,F,F,F,terrain-forest-floor
37,19,F,forest-floor,F,2,.,.,M,F,D,D,F,terrain-forest-floor
38,19,D,packed-dirt,F,2,.,N,M,F,g,D,F,terrain-packed-dirt
39,19,g,dry-grass,P,1,.,.,M,g,g,D,D,terrain-dry-grass
40,19,g,dry-grass,P,1,.,.,M,g,g,g,g,terrain-dry-grass
41,19,g,dry-grass,P,1,.,.,M,g,g,g,g,terrain-dry-grass
42,19,g,dry-grass,P,1,.,.,M,g,g,g,g,terrain-dry-grass
43,19,g,dry-grass,P,1,.,.,.,g,g,g,g,terrain-dry-grass
44,19,g,dry-grass,P,1,.,.,.,g,g,g,g,terrain-dry-grass
45,19,g,dry-grass,P,1,.,.,.,g,g,g,g,terrain-dry-grass
46,19,g,dry-grass,P,1,.,.,.,g,g,g,g,terrain-dry-grass
47,19,g,dry-grass,P,1,.,.,.,g,g,g,g,terrain-dry-grass
48,19,g,dry-grass,P,1,.,.,.,g,g,g,g,terrain-dry-grass
49,19,g,dry-grass,P,1,.,.,.,g,g,g,g,terrain-dry-grass
50,19,g,dry-grass,P,1,.,.,.,g,g,g,g,terrain-dry-grass
51,19,g,dry-grass,P,1,.,.,.,g,g,g,g,terrain-dry-grass
52,19,g,dry-grass,P,1,.,.,.,g,g,g,g,terrain-dry-grass
53,19,g,dry-grass,P,1,.,.,.,g,g,g,g,terrain-dry-grass
54,19,g,dry-grass,P,1,.,.,.,g,g,g,g,terrain-dry-grass
55,19,g,dry-grass,P,1,.,.,.,g,g,g,g,terrain-dry-grass
56,19,g,dry-grass,P,1,.,.,.,g,g,g,g,terrain-dry-grass
57,19,g,dry-grass,P,1,.,.,.,g,g,g,g,terrain-dry-grass
58,19,g,dry-grass,P,1,.,.,.,g,g,g,g,terrain-dry-grass
59,19,g,dry-grass,P,1,.,.,.,g,W,W,g,terrain-dry-grass
60,19,W,fresh-deep-water,L,2,#,.,.,W,W,W,g,terrain-fresh-water
61,19,W,fresh-deep-water,L,2,#,.,.,W,W,W,W,terrain-fresh-water
62,19,W,fresh-deep-water,L,2,#,.,.,W,g,g,W,terrain-fresh-water
63,19,g,dry-grass,P,1,.,.,.,g,g,g,W,terrain-dry-grass
64,19,g,dry-grass,P,1,.,.,.,g,g,g,g,terrain-dry-grass
65,19,g,dry-grass,P,1,.,.,.,g,g,g,g,terrain-dry-grass
66,19,g,dry-grass,P,1,.,.,.,g,g,g,g,terrain-dry-grass
67,19,g,dry-grass,P,1,.,.,.,g,g,g,g,terrain-dry-grass
68,19,g,dry-grass,P,1,.,.,.,g,g,G,g,terrain-dry-grass
69,19,g,dry-grass,P,1,.,.,.,g,g,G,g,terrain-dry-grass
70,19,g,dry-grass,P,1,.,.,.,g,g,G,g,terrain-dry-grass
71,19,g,dry-grass,P,1,.,.,.,g,g,G,g,terrain-dry-grass
72,19,g,dry-grass,P,1,.,.,.,g,g,G,g,terrain-dry-grass
73,19,g,dry-grass,P,1,.,.,.,g,g,g,g,terrain-dry-grass
74,19,g,dry-grass,P,1,.,.,.,g,g,g,g,terrain-dry-grass
75,19,g,dry-grass,P,1,.,.,.,g,g,g,g,terrain-dry-grass
76,19,g,dry-grass,P,1,.,.,.,g,g,g,g,terrain-dry-grass
77,19,g,dry-grass,P,1,.,.,.,g,g,g,g,terrain-dry-grass
78,19,g,dry-grass,P,1,.,.,.,g,g,g,g,terrain-dry-grass
79,19,g,dry-grass,P,1,.,.,.,g,g,g,g,terrain-dry-grass
80,19,g,dry-grass,P,1,.,.,.,g,g,g,g,terrain-dry-grass
81,19,g,dry-grass,P,1,.,.,.,g,g,g,g,terrain-dry-grass
82,19,g,dry-grass,P,1,.,.,.,g,g,g,g,terrain-dry-grass
83,19,g,dry-grass,P,1,.,.,.,g,g,g,g,terrain-dry-grass
84,19,g,dry-grass,P,1,.,.,.,g,g,g,g,terrain-dry-grass
85,19,g,dry-grass,P,1,.,.,.,g,g,g,g,terrain-dry-grass
86,19,g,dry-grass,P,1,.,.,.,g,g,g,g,terrain-dry-grass
87,19,g,dry-grass,P,1,.,.,.,g,g,g,g,terrain-dry-grass
88,19,g,dry-grass,P,1,.,.,.,g,g,g,g,terrain-dry-grass
89,19,g,dry-grass,P,1,.,.,.,g,g,g,g,terrain-dry-grass
90,19,g,dry-grass,P,1,.,.,.,g,g,g,g,terrain-dry-grass
91,19,g,dry-grass,P,1,.,.,.,g,g,g,g,terrain-dry-grass
92,19,g,dry-grass,P,1,.,.,.,g,g,g,g,terrain-dry-grass
93,19,g,dry-grass,P,1,.,.,.,g,g,g,g,terrain-dry-grass
94,19,g,dry-grass,P,1,.,.,.,g,g,g,g,terrain-dry-grass
95,19,g,dry-grass,P,1,.,.,.,g,g,g,g,terrain-dry-grass
96,19,g,dry-grass,P,1,.,.,.,g,g,g,g,terrain-dry-grass
97,19,g,dry-grass,P,1,.,.,.,g,g,g,g,terrain-dry-grass
98,19,g,dry-grass,P,1,.,.,.,g,X,g,g,terrain-dry-grass
99,19,X,cliff-mountain,M,1,#,.,.,X,VOID,X,g,terrain-cliff-mountain
0,20,F,forest-floor,F,2,#,.,.,F,F,F,VOID,terrain-forest-floor
1,20,F,forest-floor,F,2,.,.,.,F,F,F,F,terrain-forest-floor
2,20,F,forest-floor,F,2,.,.,.,F,F,F,F,terrain-forest-floor
3,20,F,forest-floor,F,2,.,.,.,F,F,F,F,terrain-forest-floor
4,20,F,forest-floor,F,2,.,.,.,F,F,F,F,terrain-forest-floor
5,20,F,forest-floor,F,2,.,.,.,F,F,F,F,terrain-forest-floor
6,20,F,forest-floor,F,2,.,.,.,F,F,F,F,terrain-forest-floor
7,20,F,forest-floor,F,2,.,.,.,F,F,F,F,terrain-forest-floor
8,20,F,forest-floor,F,2,.,.,.,F,F,F,F,terrain-forest-floor
9,20,F,forest-floor,F,2,.,.,.,F,F,F,F,terrain-forest-floor
10,20,F,forest-floor,F,2,.,.,.,F,F,F,F,terrain-forest-floor
11,20,F,forest-floor,F,2,.,.,.,F,F,F,F,terrain-forest-floor
12,20,F,forest-floor,F,2,.,.,.,F,F,F,F,terrain-forest-floor
13,20,F,forest-floor,F,2,.,.,.,F,F,F,F,terrain-forest-floor
14,20,F,forest-floor,F,2,.,.,.,F,F,F,F,terrain-forest-floor
15,20,F,forest-floor,F,2,.,.,.,F,F,F,F,terrain-forest-floor
16,20,F,forest-floor,F,2,.,.,.,F,F,F,F,terrain-forest-floor
17,20,F,forest-floor,F,2,.,.,.,F,F,F,F,terrain-forest-floor
18,20,F,forest-floor,F,2,.,.,.,F,F,F,F,terrain-forest-floor
19,20,F,forest-floor,F,2,.,.,.,F,F,F,F,terrain-forest-floor
20,20,F,forest-floor,F,2,.,.,.,F,F,F,F,terrain-forest-floor
21,20,F,forest-floor,F,2,.,.,.,F,F,F,F,terrain-forest-floor
22,20,F,forest-floor,F,2,.,.,.,F,F,F,F,terrain-forest-floor
23,20,F,forest-floor,F,2,.,.,.,F,F,F,F,terrain-forest-floor
24,20,F,forest-floor,F,2,.,.,.,F,F,F,F,terrain-forest-floor
25,20,F,forest-floor,F,2,.,.,.,W,W,F,F,terrain-forest-floor
26,20,W,fresh-deep-water,L,2,#,.,.,W,W,W,F,terrain-fresh-water
27,20,W,fresh-deep-water,L,2,#,.,.,W,W,W,W,terrain-fresh-water
28,20,W,fresh-deep-water,L,2,#,.,.,F,F,W,W,terrain-fresh-water
29,20,F,forest-floor,F,2,.,.,.,F,F,F,W,terrain-forest-floor
30,20,F,forest-floor,F,2,.,.,.,F,F,F,F,terrain-forest-floor
31,20,F,forest-floor,F,2,.,.,.,F,F,F,F,terrain-forest-floor
32,20,F,forest-floor,F,2,.,.,.,F,F,F,F,terrain-forest-floor
33,20,F,forest-floor,F,2,.,.,M,F,F,F,F,terrain-forest-floor
34,20,F,forest-floor,F,2,.,.,M,F,F,F,F,terrain-forest-floor
35,20,F,forest-floor,F,2,.,.,M,F,F,D,F,terrain-forest-floor
36,20,F,forest-floor,F,2,.,.,M,F,D,D,F,terrain-forest-floor
37,20,D,packed-dirt,F,2,.,N,M,F,D,D,F,terrain-packed-dirt
38,20,D,packed-dirt,F,2,.,N,M,D,D,D,D,terrain-packed-dirt
39,20,D,packed-dirt,P,1,.,N,M,g,g,D,D,terrain-packed-dirt
40,20,g,dry-grass,P,1,.,.,M,g,g,D,D,terrain-dry-grass
41,20,g,dry-grass,P,1,.,.,M,g,g,g,g,terrain-dry-grass
42,20,g,dry-grass,P,1,.,.,M,g,g,g,g,terrain-dry-grass
43,20,g,dry-grass,P,1,.,.,M,g,g,g,g,terrain-dry-grass
44,20,g,dry-grass,P,1,.,.,.,g,g,g,g,terrain-dry-grass
45,20,g,dry-grass,P,1,.,.,.,g,g,g,g,terrain-dry-grass
46,20,g,dry-grass,P,1,.,.,.,g,g,g,g,terrain-dry-grass
47,20,g,dry-grass,P,1,.,.,.,g,g,g,g,terrain-dry-grass
48,20,g,dry-grass,P,1,.,.,.,g,g,g,g,terrain-dry-grass
49,20,g,dry-grass,P,1,.,.,.,g,g,g,g,terrain-dry-grass
50,20,g,dry-grass,P,1,.,.,.,g,g,g,g,terrain-dry-grass
51,20,g,dry-grass,P,1,.,.,.,g,g,g,g,terrain-dry-grass
52,20,g,dry-grass,P,1,.,.,.,g,g,g,g,terrain-dry-grass
53,20,g,dry-grass,P,1,.,.,.,g,g,g,g,terrain-dry-grass
54,20,g,dry-grass,P,1,.,.,.,g,g,g,g,terrain-dry-grass
55,20,g,dry-grass,P,1,.,.,.,g,g,g,g,terrain-dry-grass
56,20,g,dry-grass,P,1,.,.,.,g,g,g,g,terrain-dry-grass
57,20,g,dry-grass,P,1,.,.,.,g,g,g,g,terrain-dry-grass
58,20,g,dry-grass,P,1,.,.,.,g,W,g,g,terrain-dry-grass
59,20,W,fresh-deep-water,L,2,#,.,.,g,W,W,g,terrain-fresh-water
60,20,W,fresh-deep-water,L,2,#,.,.,W,W,W,W,terrain-fresh-water
61,20,W,fresh-deep-water,L,2,#,.,.,W,g,W,W,terrain-fresh-water
62,20,g,dry-grass,P,1,.,.,.,W,g,G,W,terrain-dry-grass
63,20,g,dry-grass,P,1,.,.,.,g,g,G,g,terrain-dry-grass
64,20,g,dry-grass,P,1,.,.,.,g,g,G,g,terrain-dry-grass
65,20,g,dry-grass,P,1,.,.,.,g,g,G,g,terrain-dry-grass
66,20,g,dry-grass,P,1,.,.,.,g,g,G,g,terrain-dry-grass
67,20,g,dry-grass,P,1,.,.,.,g,G,G,g,terrain-dry-grass
68,20,G,lush-grass,P,1,.,.,.,g,G,G,g,terrain-lush-grass
69,20,G,lush-grass,P,1,.,.,.,g,G,G,G,terrain-lush-grass
70,20,G,lush-grass,P,1,.,.,.,g,G,G,G,terrain-lush-grass
71,20,G,lush-grass,P,1,.,.,.,g,G,G,G,terrain-lush-grass
72,20,G,lush-grass,P,1,.,.,.,g,g,G,G,terrain-lush-grass
73,20,g,dry-grass,P,1,.,.,.,g,g,G,G,terrain-dry-grass
74,20,g,dry-grass,P,1,.,.,.,g,g,G,g,terrain-dry-grass
75,20,g,dry-grass,P,1,.,.,.,g,g,g,g,terrain-dry-grass
76,20,g,dry-grass,P,1,.,.,.,g,g,g,g,terrain-dry-grass
77,20,g,dry-grass,P,1,.,.,.,g,g,g,g,terrain-dry-grass
78,20,g,dry-grass,P,1,.,.,.,g,g,g,g,terrain-dry-grass
79,20,g,dry-grass,P,1,.,.,.,g,g,g,g,terrain-dry-grass
80,20,g,dry-grass,P,1,.,.,.,g,g,g,g,terrain-dry-grass
81,20,g,dry-grass,P,1,.,.,.,g,g,g,g,terrain-dry-grass
82,20,g,dry-grass,P,1,.,.,.,g,g,g,g,terrain-dry-grass
83,20,g,dry-grass,P,1,.,.,.,g,g,g,g,terrain-dry-grass
84,20,g,dry-grass,P,1,.,.,.,g,g,g,g,terrain-dry-grass
85,20,g,dry-grass,P,1,.,.,.,g,g,g,g,terrain-dry-grass
86,20,g,dry-grass,P,1,.,.,.,g,g,g,g,terrain-dry-grass
87,20,g,dry-grass,P,1,.,.,.,g,g,g,g,terrain-dry-grass
88,20,g,dry-grass,P,1,.,.,.,g,g,g,g,terrain-dry-grass
89,20,g,dry-grass,P,1,.,.,.,g,g,g,g,terrain-dry-grass
90,20,g,dry-grass,P,1,.,.,.,g,g,g,g,terrain-dry-grass
91,20,g,dry-grass,P,1,.,.,.,g,g,g,g,terrain-dry-grass
92,20,g,dry-grass,P,1,.,.,.,g,g,g,g,terrain-dry-grass
93,20,g,dry-grass,P,1,.,.,.,g,g,g,g,terrain-dry-grass
94,20,g,dry-grass,P,1,.,.,.,g,g,g,g,terrain-dry-grass
95,20,g,dry-grass,P,1,.,.,.,g,g,g,g,terrain-dry-grass
96,20,g,dry-grass,P,1,.,.,.,g,g,g,g,terrain-dry-grass
97,20,g,dry-grass,P,1,.,.,.,g,g,g,g,terrain-dry-grass
98,20,g,dry-grass,P,1,.,.,.,g,X,g,g,terrain-dry-grass
99,20,X,cliff-mountain,M,1,#,.,.,X,VOID,X,g,terrain-cliff-mountain
0,21,F,forest-floor,F,2,#,.,.,F,F,F,VOID,terrain-forest-floor
1,21,F,forest-floor,F,2,.,.,.,F,F,F,F,terrain-forest-floor
2,21,F,forest-floor,F,2,.,.,.,F,F,F,F,terrain-forest-floor
3,21,F,forest-floor,F,2,.,.,.,F,F,F,F,terrain-forest-floor
4,21,F,forest-floor,F,2,.,.,.,F,F,F,F,terrain-forest-floor
5,21,F,forest-floor,F,2,.,.,.,F,F,F,F,terrain-forest-floor
6,21,F,forest-floor,F,2,.,.,.,F,F,F,F,terrain-forest-floor
7,21,F,forest-floor,F,2,.,.,.,F,F,F,F,terrain-forest-floor
8,21,F,forest-floor,F,2,.,.,.,F,F,F,F,terrain-forest-floor
9,21,F,forest-floor,F,2,.,.,.,F,F,F,F,terrain-forest-floor
10,21,F,forest-floor,F,2,.,.,.,F,F,F,F,terrain-forest-floor
11,21,F,forest-floor,F,2,.,.,.,F,F,F,F,terrain-forest-floor
12,21,F,forest-floor,F,2,.,.,.,F,F,F,F,terrain-forest-floor
13,21,F,forest-floor,F,2,.,.,.,F,F,F,F,terrain-forest-floor
14,21,F,forest-floor,F,2,.,.,.,F,F,F,F,terrain-forest-floor
15,21,F,forest-floor,F,2,.,.,.,F,F,F,F,terrain-forest-floor
16,21,F,forest-floor,F,2,.,.,.,F,F,F,F,terrain-forest-floor
17,21,F,forest-floor,F,2,.,.,.,F,F,F,F,terrain-forest-floor
18,21,F,forest-floor,F,2,.,.,.,F,F,F,F,terrain-forest-floor
19,21,F,forest-floor,F,2,.,.,.,F,F,F,F,terrain-forest-floor
20,21,F,forest-floor,F,2,.,.,.,F,F,F,F,terrain-forest-floor
21,21,F,forest-floor,F,2,.,.,.,F,F,F,F,terrain-forest-floor
22,21,F,forest-floor,F,2,.,.,.,F,F,F,F,terrain-forest-floor
23,21,F,forest-floor,F,2,.,.,.,F,F,F,F,terrain-forest-floor
24,21,F,forest-floor,F,2,.,.,.,F,F,F,F,terrain-forest-floor
25,21,F,forest-floor,F,2,.,.,.,F,W,F,F,terrain-forest-floor
26,21,W,fresh-deep-water,L,2,#,.,.,W,W,F,F,terrain-fresh-water
27,21,W,fresh-deep-water,L,2,#,.,.,W,W,W,W,terrain-fresh-water
28,21,W,fresh-deep-water,L,2,#,.,.,W,F,W,W,terrain-fresh-water
29,21,F,forest-floor,F,2,.,.,.,F,F,W,W,terrain-forest-floor
30,21,F,forest-floor,F,2,.,.,.,F,F,F,F,terrain-forest-floor
31,21,F,forest-floor,F,2,.,.,.,F,F,F,F,terrain-forest-floor
32,21,F,forest-floor,F,2,.,.,.,F,F,F,F,terrain-forest-floor
33,21,F,forest-floor,F,2,.,.,.,F,F,F,F,terrain-forest-floor
34,21,F,forest-floor,F,2,.,.,M,F,D,D,F,terrain-forest-floor
35,21,D,packed-dirt,F,2,.,N,M,F,D,D,F,terrain-packed-dirt
36,21,D,packed-dirt,F,2,.,N,M,F,D,D,D,terrain-packed-dirt
37,21,D,packed-dirt,F,2,.,N,M,D,D,D,D,terrain-packed-dirt
38,21,D,packed-dirt,F,2,.,N,M,D,D,F,D,terrain-packed-dirt
39,21,D,packed-dirt,P,1,.,N,M,D,D,D,D,terrain-packed-dirt
40,21,D,packed-dirt,P,1,.,N,M,g,g,D,D,terrain-packed-dirt
41,21,g,dry-grass,P,1,.,.,M,g,g,D,D,terrain-dry-grass
42,21,g,dry-grass,P,1,.,.,M,g,g,g,g,terrain-dry-grass
43,21,g,dry-grass,P,1,.,.,.,g,g,g,g,terrain-dry-grass
44,21,g,dry-grass,P,1,.,.,.,g,g,g,g,terrain-dry-grass
45,21,g,dry-grass,P,1,.,.,.,g,g,g,g,terrain-dry-grass
46,21,g,dry-grass,P,1,.,.,.,g,g,g,g,terrain-dry-grass
47,21,g,dry-grass,P,1,.,.,.,g,g,g,g,terrain-dry-grass
48,21,g,dry-grass,P,1,.,.,.,g,g,g,g,terrain-dry-grass
49,21,g,dry-grass,P,1,.,.,.,g,g,g,g,terrain-dry-grass
50,21,g,dry-grass,P,1,.,.,.,g,g,g,g,terrain-dry-grass
51,21,g,dry-grass,P,1,.,.,.,g,g,g,g,terrain-dry-grass
52,21,g,dry-grass,P,1,.,.,.,g,g,g,g,terrain-dry-grass
53,21,g,dry-grass,P,1,.,.,.,g,g,g,g,terrain-dry-grass
54,21,g,dry-grass,P,1,.,.,.,g,g,G,g,terrain-dry-grass
55,21,g,dry-grass,P,1,.,.,.,g,g,G,g,terrain-dry-grass
56,21,g,dry-grass,P,1,.,.,.,g,g,G,g,terrain-dry-grass
57,21,g,dry-grass,P,1,.,.,.,g,g,G,g,terrain-dry-grass
58,21,g,dry-grass,P,1,.,.,.,g,W,G,g,terrain-dry-grass
59,21,W,fresh-deep-water,L,2,#,.,.,W,W,W,g,terrain-fresh-water
60,21,W,fresh-deep-water,L,2,#,.,.,W,W,W,W,terrain-fresh-water
61,21,W,fresh-deep-water,L,2,#,.,.,W,G,W,W,terrain-fresh-water
62,21,G,lush-grass,P,1,.,.,.,g,G,G,W,terrain-lush-grass
63,21,G,lush-grass,P,1,.,.,.,g,G,G,G,terrain-lush-grass
64,21,G,lush-grass,P,1,.,.,.,g,G,G,G,terrain-lush-grass
65,21,G,lush-grass,P,1,.,.,.,g,G,G,G,terrain-lush-grass
66,21,G,lush-grass,P,1,.,.,.,g,G,G,G,terrain-lush-grass
67,21,G,lush-grass,P,1,.,.,.,g,G,G,G,terrain-lush-grass
68,21,G,lush-grass,P,1,.,.,.,G,G,G,G,terrain-lush-grass
69,21,G,lush-grass,P,1,.,.,.,G,G,G,G,terrain-lush-grass
70,21,G,lush-grass,P,1,.,.,.,G,G,G,G,terrain-lush-grass
71,21,G,lush-grass,P,1,.,.,.,G,G,G,G,terrain-lush-grass
72,21,G,lush-grass,P,1,.,.,.,G,G,G,G,terrain-lush-grass
73,21,G,lush-grass,P,1,.,.,.,g,G,G,G,terrain-lush-grass
74,21,G,lush-grass,P,1,.,.,.,g,g,G,G,terrain-lush-grass
75,21,g,dry-grass,P,1,.,.,.,g,g,G,G,terrain-dry-grass
76,21,g,dry-grass,P,1,.,.,.,g,g,G,g,terrain-dry-grass
77,21,g,dry-grass,P,1,.,.,.,g,g,g,g,terrain-dry-grass
78,21,g,dry-grass,P,1,.,.,.,g,g,g,g,terrain-dry-grass
79,21,g,dry-grass,P,1,.,.,.,g,g,g,g,terrain-dry-grass
80,21,g,dry-grass,P,1,.,.,.,g,g,g,g,terrain-dry-grass
81,21,g,dry-grass,P,1,.,.,.,g,g,g,g,terrain-dry-grass
82,21,g,dry-grass,P,1,.,.,.,g,g,g,g,terrain-dry-grass
83,21,g,dry-grass,P,1,.,.,.,g,g,g,g,terrain-dry-grass
84,21,g,dry-grass,P,1,.,.,.,g,g,g,g,terrain-dry-grass
85,21,g,dry-grass,P,1,.,.,.,g,g,g,g,terrain-dry-grass
86,21,g,dry-grass,P,1,.,.,.,g,g,g,g,terrain-dry-grass
87,21,g,dry-grass,P,1,.,.,.,g,g,g,g,terrain-dry-grass
88,21,g,dry-grass,P,1,.,.,.,g,g,g,g,terrain-dry-grass
89,21,g,dry-grass,P,1,.,.,.,g,g,g,g,terrain-dry-grass
90,21,g,dry-grass,P,1,.,.,.,g,g,g,g,terrain-dry-grass
91,21,g,dry-grass,P,1,.,.,.,g,g,g,g,terrain-dry-grass
92,21,g,dry-grass,P,1,.,.,.,g,g,g,g,terrain-dry-grass
93,21,g,dry-grass,P,1,.,.,.,g,g,g,g,terrain-dry-grass
94,21,g,dry-grass,P,1,.,.,.,g,g,g,g,terrain-dry-grass
95,21,g,dry-grass,P,1,.,.,.,g,g,g,g,terrain-dry-grass
96,21,g,dry-grass,P,1,.,.,.,g,g,g,g,terrain-dry-grass
97,21,g,dry-grass,P,1,.,.,.,g,g,g,g,terrain-dry-grass
98,21,g,dry-grass,P,1,.,.,.,g,X,g,g,terrain-dry-grass
99,21,X,cliff-mountain,M,1,#,.,.,X,VOID,X,g,terrain-cliff-mountain
0,22,F,forest-floor,F,1,#,.,.,F,F,F,VOID,terrain-forest-floor
1,22,F,forest-floor,F,2,.,.,.,F,F,F,F,terrain-forest-floor
2,22,F,forest-floor,F,2,.,.,.,F,F,F,F,terrain-forest-floor
3,22,F,forest-floor,F,2,.,.,.,F,F,F,F,terrain-forest-floor
4,22,F,forest-floor,F,2,.,.,.,F,F,F,F,terrain-forest-floor
5,22,F,forest-floor,F,2,.,.,.,F,F,F,F,terrain-forest-floor
6,22,F,forest-floor,F,2,.,.,.,F,F,F,F,terrain-forest-floor
7,22,F,forest-floor,F,2,.,.,.,F,F,F,F,terrain-forest-floor
8,22,F,forest-floor,F,2,.,.,.,F,F,F,F,terrain-forest-floor
9,22,F,forest-floor,F,2,.,.,.,F,F,F,F,terrain-forest-floor
10,22,F,forest-floor,F,2,.,.,.,F,F,F,F,terrain-forest-floor
11,22,F,forest-floor,F,2,.,.,.,F,F,F,F,terrain-forest-floor
12,22,F,forest-floor,F,2,.,.,.,F,F,F,F,terrain-forest-floor
13,22,F,forest-floor,F,2,.,.,.,F,F,F,F,terrain-forest-floor
14,22,F,forest-floor,F,2,.,.,.,F,F,F,F,terrain-forest-floor
15,22,F,forest-floor,F,2,.,.,.,F,F,F,F,terrain-forest-floor
16,22,F,forest-floor,F,2,.,.,.,F,F,F,F,terrain-forest-floor
17,22,F,forest-floor,F,2,.,.,.,F,F,F,F,terrain-forest-floor
18,22,F,forest-floor,F,2,.,.,.,F,F,F,F,terrain-forest-floor
19,22,F,forest-floor,F,2,.,.,.,F,F,F,F,terrain-forest-floor
20,22,F,forest-floor,F,2,.,.,.,F,F,F,F,terrain-forest-floor
21,22,F,forest-floor,F,2,.,.,.,F,F,F,F,terrain-forest-floor
22,22,F,forest-floor,F,2,.,.,.,F,F,F,F,terrain-forest-floor
23,22,F,forest-floor,F,2,.,.,.,F,F,F,F,terrain-forest-floor
24,22,F,forest-floor,F,2,.,.,.,F,F,F,F,terrain-forest-floor
25,22,F,forest-floor,F,2,.,.,.,F,F,F,F,terrain-forest-floor
26,22,F,forest-floor,F,2,.,.,.,W,W,F,F,terrain-forest-floor
27,22,W,fresh-deep-water,L,2,#,.,.,W,W,W,F,terrain-fresh-water
28,22,W,fresh-deep-water,L,2,#,.,.,W,W,W,W,terrain-fresh-water
29,22,W,fresh-deep-water,L,2,#,.,.,F,F,W,W,terrain-fresh-water
30,22,F,forest-floor,F,2,.,.,.,F,F,F,W,terrain-forest-floor
31,22,F,forest-floor,F,2,.,.,.,F,F,F,F,terrain-forest-floor
32,22,F,forest-floor,F,2,.,.,.,F,F,F,F,terrain-forest-floor
33,22,F,forest-floor,F,2,.,.,.,F,D,D,F,terrain-forest-floor
34,22,D,packed-dirt,F,2,.,N,M,F,D,D,F,terrain-packed-dirt
35,22,D,packed-dirt,F,2,.,N,M,D,D,D,D,terrain-packed-dirt
36,22,D,packed-dirt,F,2,.,N,M,D,D,D,D,terrain-packed-dirt
37,22,D,packed-dirt,F,2,.,N,M,D,F,F,D,terrain-packed-dirt
38,22,F,forest-floor,F,2,.,.,M,D,D,g,D,terrain-forest-floor
39,22,D,packed-dirt,P,1,.,N,M,D,D,g,F,terrain-packed-dirt
40,22,D,packed-dirt,P,1,.,N,M,D,D,D,D,terrain-packed-dirt
41,22,D,packed-dirt,P,1,.,N,M,g,g,D,D,terrain-packed-dirt
42,22,g,dry-grass,P,1,.,.,M,g,g,D,D,terrain-dry-grass
43,22,g,dry-grass,P,1,.,.,.,g,g,g,g,terrain-dry-grass
44,22,g,dry-grass,P,1,.,.,.,g,g,g,g,terrain-dry-grass
45,22,g,dry-grass,P,1,.,.,.,g,g,g,g,terrain-dry-grass
46,22,g,dry-grass,P,1,.,.,.,g,g,g,g,terrain-dry-grass
47,22,g,dry-grass,P,1,.,.,.,g,g,G,g,terrain-dry-grass
48,22,g,dry-grass,P,1,.,.,.,g,g,G,g,terrain-dry-grass
49,22,g,dry-grass,P,1,.,.,.,g,g,G,g,terrain-dry-grass
50,22,g,dry-grass,P,1,.,.,.,g,g,G,g,terrain-dry-grass
51,22,g,dry-grass,P,1,.,.,.,g,g,G,g,terrain-dry-grass
52,22,g,dry-grass,P,1,.,.,.,g,g,G,g,terrain-dry-grass
53,22,g,dry-grass,P,1,.,.,.,g,G,G,g,terrain-dry-grass
54,22,G,lush-grass,P,1,.,.,.,g,G,G,g,terrain-lush-grass
55,22,G,lush-grass,P,1,.,.,.,g,G,G,G,terrain-lush-grass
56,22,G,lush-grass,P,1,.,.,.,g,G,G,G,terrain-lush-grass
57,22,G,lush-grass,P,1,.,.,.,g,G,G,G,terrain-lush-grass
58,22,G,lush-grass,P,1,.,.,.,g,W,W,G,terrain-lush-grass
59,22,W,fresh-deep-water,L,2,#,.,.,W,W,W,G,terrain-fresh-water
60,22,W,fresh-deep-water,L,2,#,.,.,W,W,W,W,terrain-fresh-water
61,22,W,fresh-deep-water,L,2,#,.,.,W,G,G,W,terrain-fresh-water
62,22,G,lush-grass,P,1,.,.,.,G,G,G,W,terrain-lush-grass
63,22,G,lush-grass,P,1,.,.,.,G,G,G,G,terrain-lush-grass
64,22,G,lush-grass,P,1,.,.,.,G,G,G,G,terrain-lush-grass
65,22,G,lush-grass,P,1,.,.,.,G,G,G,G,terrain-lush-grass
66,22,G,lush-grass,P,1,.,.,.,G,G,G,G,terrain-lush-grass
67,22,G,lush-grass,P,1,.,.,.,G,G,G,G,terrain-lush-grass
68,22,G,lush-grass,P,1,.,.,.,G,G,G,G,terrain-lush-grass
69,22,G,lush-grass,P,1,.,.,.,G,G,G,G,terrain-lush-grass
70,22,G,lush-grass,P,1,.,.,.,G,G,G,G,terrain-lush-grass
71,22,G,lush-grass,P,1,.,.,.,G,G,G,G,terrain-lush-grass
72,22,G,lush-grass,P,1,.,.,.,G,G,G,G,terrain-lush-grass
73,22,G,lush-grass,P,1,.,.,.,G,G,G,G,terrain-lush-grass
74,22,G,lush-grass,P,1,.,.,.,G,G,G,G,terrain-lush-grass
75,22,G,lush-grass,P,1,.,.,.,g,G,G,G,terrain-lush-grass
76,22,G,lush-grass,P,1,.,.,.,g,g,G,G,terrain-lush-grass
77,22,g,dry-grass,P,1,.,.,.,g,g,G,G,terrain-dry-grass
78,22,g,dry-grass,P,1,.,.,.,g,g,G,g,terrain-dry-grass
79,22,g,dry-grass,P,1,.,.,.,g,g,g,g,terrain-dry-grass
80,22,g,dry-grass,P,1,.,.,.,g,g,g,g,terrain-dry-grass
81,22,g,dry-grass,P,1,.,.,.,g,g,g,g,terrain-dry-grass
82,22,g,dry-grass,P,1,.,.,.,g,g,g,g,terrain-dry-grass
83,22,g,dry-grass,P,1,.,.,.,g,g,g,g,terrain-dry-grass
84,22,g,dry-grass,P,1,.,.,.,g,g,g,g,terrain-dry-grass
85,22,g,dry-grass,P,1,.,.,.,g,g,g,g,terrain-dry-grass
86,22,g,dry-grass,P,1,.,.,.,g,g,g,g,terrain-dry-grass
87,22,g,dry-grass,P,1,.,.,.,g,g,g,g,terrain-dry-grass
88,22,g,dry-grass,P,1,.,.,.,g,g,g,g,terrain-dry-grass
89,22,g,dry-grass,P,1,.,.,.,g,g,g,g,terrain-dry-grass
90,22,g,dry-grass,P,1,.,.,.,g,g,g,g,terrain-dry-grass
91,22,g,dry-grass,P,1,.,.,.,g,g,g,g,terrain-dry-grass
92,22,g,dry-grass,P,1,.,.,.,g,g,g,g,terrain-dry-grass
93,22,g,dry-grass,P,1,.,.,.,g,g,g,g,terrain-dry-grass
94,22,g,dry-grass,P,1,.,.,.,g,g,g,g,terrain-dry-grass
95,22,g,dry-grass,P,1,.,.,.,g,g,g,g,terrain-dry-grass
96,22,g,dry-grass,P,1,.,.,.,g,g,g,g,terrain-dry-grass
97,22,g,dry-grass,P,1,.,.,.,g,g,g,g,terrain-dry-grass
98,22,g,dry-grass,P,1,.,.,.,g,X,g,g,terrain-dry-grass
99,22,X,cliff-mountain,M,1,#,.,.,X,VOID,X,g,terrain-cliff-mountain
0,23,F,forest-floor,F,1,#,.,.,F,F,F,VOID,terrain-forest-floor
1,23,F,forest-floor,F,2,.,.,.,F,F,F,F,terrain-forest-floor
2,23,F,forest-floor,F,2,.,.,.,F,F,F,F,terrain-forest-floor
3,23,F,forest-floor,F,2,.,.,.,F,F,F,F,terrain-forest-floor
4,23,F,forest-floor,F,2,.,.,.,F,F,F,F,terrain-forest-floor
5,23,F,forest-floor,F,2,.,.,.,F,F,F,F,terrain-forest-floor
6,23,F,forest-floor,F,2,.,.,.,F,F,F,F,terrain-forest-floor
7,23,F,forest-floor,F,2,.,.,.,F,F,F,F,terrain-forest-floor
8,23,F,forest-floor,F,2,.,.,.,F,F,F,F,terrain-forest-floor
9,23,F,forest-floor,F,2,.,.,.,F,F,F,F,terrain-forest-floor
10,23,F,forest-floor,F,2,.,.,.,F,F,F,F,terrain-forest-floor
11,23,F,forest-floor,F,2,.,.,.,F,F,F,F,terrain-forest-floor
12,23,F,forest-floor,F,2,.,.,.,F,F,F,F,terrain-forest-floor
13,23,F,forest-floor,F,2,.,.,.,F,F,F,F,terrain-forest-floor
14,23,F,forest-floor,F,2,.,.,.,F,F,F,F,terrain-forest-floor
15,23,F,forest-floor,F,2,.,.,.,F,F,F,F,terrain-forest-floor
16,23,F,forest-floor,F,2,.,.,.,F,F,F,F,terrain-forest-floor
17,23,F,forest-floor,F,2,.,.,.,F,F,F,F,terrain-forest-floor
18,23,F,forest-floor,F,2,.,.,.,F,F,F,F,terrain-forest-floor
19,23,F,forest-floor,F,2,.,.,.,F,F,F,F,terrain-forest-floor
20,23,F,forest-floor,F,2,.,.,.,F,F,F,F,terrain-forest-floor
21,23,F,forest-floor,F,2,.,.,.,F,F,F,F,terrain-forest-floor
22,23,F,forest-floor,F,2,.,.,.,F,F,F,F,terrain-forest-floor
23,23,F,forest-floor,F,2,.,.,.,F,F,F,F,terrain-forest-floor
24,23,F,forest-floor,F,2,.,.,.,F,F,F,F,terrain-forest-floor
25,23,F,forest-floor,F,2,.,.,.,F,F,F,F,terrain-forest-floor
26,23,F,forest-floor,F,2,.,.,.,F,W,F,F,terrain-forest-floor
27,23,W,fresh-deep-water,L,2,#,.,.,W,W,F,F,terrain-fresh-water
28,23,W,fresh-deep-water,L,2,#,.,.,W,W,W,W,terrain-fresh-water
29,23,W,fresh-deep-water,L,2,#,.,.,W,F,W,W,terrain-fresh-water
30,23,F,forest-floor,F,2,.,.,.,F,F,W,W,terrain-forest-floor
31,23,F,forest-floor,F,2,.,.,.,F,F,F,F,terrain-forest-floor
32,23,F,forest-floor,F,2,.,.,.,F,D,D,F,terrain-forest-floor
33,23,D,packed-dirt,F,2,.,N,.,F,D,D,F,terrain-packed-dirt
34,23,D,packed-dirt,F,2,.,N,M,D,D,D,D,terrain-packed-dirt
35,23,D,packed-dirt,F,2,.,N,M,D,D,F,D,terrain-packed-dirt
36,23,D,packed-dirt,F,2,.,N,M,D,F,F,D,terrain-packed-dirt
37,23,F,forest-floor,F,2,.,.,M,D,g,F,D,terrain-forest-floor
38,23,g,dry-grass,P,1,.,.,M,F,g,g,F,terrain-dry-grass
39,23,g,dry-grass,P,1,.,.,M,D,D,g,g,terrain-dry-grass
40,23,D,packed-dirt,P,1,.,N,M,D,D,G,g,terrain-packed-dirt
41,23,D,packed-dirt,P,1,.,N,M,D,D,D,D,terrain-packed-dirt
42,23,D,packed-dirt,P,1,.,N,M,g,g,D,D,terrain-packed-dirt
43,23,g,dry-grass,P,1,.,.,.,g,g,D,D,terrain-dry-grass
44,23,g,dry-grass,P,1,.,.,.,g,g,D,g,terrain-dry-grass
45,23,g,dry-grass,P,1,.,.,.,g,g,G,g,terrain-dry-grass
46,23,g,dry-grass,P,1,.,.,.,g,G,G,g,terrain-dry-grass
47,23,G,lush-grass,P,1,.,.,.,g,G,G,g,terrain-lush-grass
48,23,G,lush-grass,P,1,.,.,.,g,G,G,G,terrain-lush-grass
49,23,G,lush-grass,P,1,.,.,.,g,G,G,G,terrain-lush-grass
50,23,G,lush-grass,P,1,.,.,.,g,G,G,G,terrain-lush-grass
51,23,G,lush-grass,P,1,.,.,.,g,G,G,G,terrain-lush-grass
52,23,G,lush-grass,P,1,.,.,.,g,G,G,G,terrain-lush-grass
53,23,G,lush-grass,P,1,.,.,.,g,G,G,G,terrain-lush-grass
54,23,G,lush-grass,P,1,.,.,.,G,G,G,G,terrain-lush-grass
55,23,G,lush-grass,P,1,.,.,.,G,G,G,G,terrain-lush-grass
56,23,G,lush-grass,P,1,.,.,.,G,G,G,G,terrain-lush-grass
57,23,G,lush-grass,P,1,.,.,.,G,W,G,G,terrain-lush-grass
58,23,W,fresh-deep-water,L,2,#,.,.,G,W,W,G,terrain-fresh-water
59,23,W,fresh-deep-water,L,2,#,.,.,W,W,W,W,terrain-fresh-water
60,23,W,fresh-deep-water,L,2,#,.,.,W,G,W,W,terrain-fresh-water
61,23,G,lush-grass,P,1,.,.,.,W,G,G,W,terrain-lush-grass
62,23,G,lush-grass,P,1,.,.,.,G,G,G,G,terrain-lush-grass
63,23,G,lush-grass,P,1,.,.,.,G,G,G,G,terrain-lush-grass
64,23,G,lush-grass,P,1,.,.,.,G,G,G,G,terrain-lush-grass
65,23,G,lush-grass,P,1,.,.,.,G,G,G,G,terrain-lush-grass
66,23,G,lush-grass,P,1,.,.,.,G,G,G,G,terrain-lush-grass
67,23,G,lush-grass,P,1,.,.,.,G,G,G,G,terrain-lush-grass
68,23,G,lush-grass,P,1,.,.,.,G,G,G,G,terrain-lush-grass
69,23,G,lush-grass,P,1,.,.,.,G,G,G,G,terrain-lush-grass
70,23,G,lush-grass,P,1,.,.,.,G,G,G,G,terrain-lush-grass
71,23,G,lush-grass,P,1,.,.,.,G,G,G,G,terrain-lush-grass
72,23,G,lush-grass,P,1,.,.,.,G,G,G,G,terrain-lush-grass
73,23,G,lush-grass,P,1,.,.,.,G,G,G,G,terrain-lush-grass
74,23,G,lush-grass,P,1,.,.,.,G,G,G,G,terrain-lush-grass
75,23,G,lush-grass,P,1,.,.,.,G,G,G,G,terrain-lush-grass
76,23,G,lush-grass,P,1,.,.,.,G,G,G,G,terrain-lush-grass
77,23,G,lush-grass,P,1,.,.,.,g,G,G,G,terrain-lush-grass
78,23,G,lush-grass,P,1,.,.,.,g,g,G,G,terrain-lush-grass
79,23,g,dry-grass,P,1,.,.,.,g,g,G,G,terrain-dry-grass
80,23,g,dry-grass,P,1,.,.,.,g,g,G,g,terrain-dry-grass
81,23,g,dry-grass,P,1,.,.,.,g,g,g,g,terrain-dry-grass
82,23,g,dry-grass,P,1,.,.,.,g,g,g,g,terrain-dry-grass
83,23,g,dry-grass,P,1,.,.,.,g,g,g,g,terrain-dry-grass
84,23,g,dry-grass,P,1,.,.,.,g,g,g,g,terrain-dry-grass
85,23,g,dry-grass,P,1,.,.,.,g,g,g,g,terrain-dry-grass
86,23,g,dry-grass,P,1,.,.,.,g,g,g,g,terrain-dry-grass
87,23,g,dry-grass,P,1,.,.,.,g,g,g,g,terrain-dry-grass
88,23,g,dry-grass,P,1,.,.,.,g,g,g,g,terrain-dry-grass
89,23,g,dry-grass,P,1,.,.,.,g,g,g,g,terrain-dry-grass
90,23,g,dry-grass,P,1,.,.,.,g,g,g,g,terrain-dry-grass
91,23,g,dry-grass,P,1,.,.,.,g,g,g,g,terrain-dry-grass
92,23,g,dry-grass,P,1,.,.,.,g,g,g,g,terrain-dry-grass
93,23,g,dry-grass,P,1,.,.,.,g,g,g,g,terrain-dry-grass
94,23,g,dry-grass,P,1,.,.,.,g,g,g,g,terrain-dry-grass
95,23,g,dry-grass,P,1,.,.,.,g,g,g,g,terrain-dry-grass
96,23,g,dry-grass,P,1,.,.,.,g,g,g,g,terrain-dry-grass
97,23,g,dry-grass,P,1,.,.,.,g,g,g,g,terrain-dry-grass
98,23,g,dry-grass,P,1,.,.,.,g,X,g,g,terrain-dry-grass
99,23,X,cliff-mountain,M,1,#,.,.,X,VOID,X,g,terrain-cliff-mountain
0,24,F,forest-floor,F,1,#,.,.,F,F,F,VOID,terrain-forest-floor
1,24,F,forest-floor,F,2,.,.,.,F,F,F,F,terrain-forest-floor
2,24,F,forest-floor,F,2,.,.,.,F,F,F,F,terrain-forest-floor
3,24,F,forest-floor,F,2,.,.,.,F,F,F,F,terrain-forest-floor
4,24,F,forest-floor,F,2,.,.,.,F,F,F,F,terrain-forest-floor
5,24,F,forest-floor,F,2,.,.,.,F,F,F,F,terrain-forest-floor
6,24,F,forest-floor,F,2,.,.,.,F,F,F,F,terrain-forest-floor
7,24,F,forest-floor,F,2,.,.,.,F,F,F,F,terrain-forest-floor
8,24,F,forest-floor,F,2,.,.,.,F,F,F,F,terrain-forest-floor
9,24,F,forest-floor,F,2,.,.,.,F,F,F,F,terrain-forest-floor
10,24,F,forest-floor,F,2,.,.,.,F,F,F,F,terrain-forest-floor
11,24,F,forest-floor,F,2,.,.,.,F,F,F,F,terrain-forest-floor
12,24,F,forest-floor,F,2,.,.,.,F,F,F,F,terrain-forest-floor
13,24,F,forest-floor,F,2,.,.,.,F,F,F,F,terrain-forest-floor
14,24,F,forest-floor,F,2,.,.,.,F,F,F,F,terrain-forest-floor
15,24,F,forest-floor,F,2,.,.,.,F,F,F,F,terrain-forest-floor
16,24,F,forest-floor,F,2,.,.,.,F,F,F,F,terrain-forest-floor
17,24,F,forest-floor,F,2,.,.,.,F,F,F,F,terrain-forest-floor
18,24,F,forest-floor,F,2,.,.,.,F,F,F,F,terrain-forest-floor
19,24,F,forest-floor,F,2,.,.,.,F,F,F,F,terrain-forest-floor
20,24,F,forest-floor,F,2,.,.,.,F,F,F,F,terrain-forest-floor
21,24,F,forest-floor,F,2,.,.,.,F,F,F,F,terrain-forest-floor
22,24,F,forest-floor,F,2,.,.,.,F,F,F,F,terrain-forest-floor
23,24,F,forest-floor,F,2,.,.,.,F,F,F,F,terrain-forest-floor
24,24,F,forest-floor,F,2,.,.,.,F,F,F,F,terrain-forest-floor
25,24,F,forest-floor,F,2,.,.,.,F,F,F,F,terrain-forest-floor
26,24,F,forest-floor,F,2,.,.,.,F,F,F,F,terrain-forest-floor
27,24,F,forest-floor,F,2,.,.,.,W,W,F,F,terrain-forest-floor
28,24,W,fresh-deep-water,L,2,#,.,.,W,W,W,F,terrain-fresh-water
29,24,W,fresh-deep-water,L,2,#,.,.,W,W,W,W,terrain-fresh-water
30,24,W,fresh-deep-water,L,2,#,.,.,F,F,W,W,terrain-fresh-water
31,24,F,forest-floor,F,2,.,.,.,F,D,D,W,terrain-forest-floor
32,24,D,packed-dirt,F,2,.,N,.,F,D,D,F,terrain-packed-dirt
33,24,D,packed-dirt,F,2,.,N,.,D,D,D,D,terrain-packed-dirt
34,24,D,packed-dirt,F,2,.,N,.,D,F,F,D,terrain-packed-dirt
35,24,F,forest-floor,F,2,.,.,M,D,F,F,D,terrain-forest-floor
36,24,F,forest-floor,F,2,.,.,M,D,F,G,F,terrain-forest-floor
37,24,F,forest-floor,F,2,.,.,M,F,g,G,F,terrain-forest-floor
38,24,g,dry-grass,P,1,.,.,M,g,g,G,F,terrain-dry-grass
39,24,g,dry-grass,P,1,.,.,M,g,G,G,g,terrain-dry-grass
40,24,G,lush-grass,P,1,.,.,M,D,D,G,g,terrain-lush-grass
41,24,D,packed-dirt,P,1,.,N,M,D,D,G,G,terrain-packed-dirt
42,24,D,packed-dirt,P,1,.,N,.,D,D,D,D,terrain-packed-dirt
43,24,D,packed-dirt,P,1,.,N,.,g,D,D,D,terrain-packed-dirt
44,24,D,packed-dirt,P,1,.,N,.,g,G,D,D,terrain-packed-dirt
45,24,G,lush-grass,P,1,.,.,.,g,G,D,D,terrain-lush-grass
46,24,G,lush-grass,P,1,.,.,.,g,G,G,G,terrain-lush-grass
47,24,G,lush-grass,P,1,.,.,.,G,G,G,G,terrain-lush-grass
48,24,G,lush-grass,P,1,.,.,.,G,G,G,G,terrain-lush-grass
49,24,G,lush-grass,P,1,.,.,.,G,G,G,G,terrain-lush-grass
50,24,G,lush-grass,P,1,.,.,.,G,G,G,G,terrain-lush-grass
51,24,G,lush-grass,P,1,.,.,.,G,G,G,G,terrain-lush-grass
52,24,G,lush-grass,P,1,.,.,.,G,G,G,G,terrain-lush-grass
53,24,G,lush-grass,P,1,.,.,.,G,G,G,G,terrain-lush-grass
54,24,G,lush-grass,P,1,.,.,.,G,G,G,G,terrain-lush-grass
55,24,G,lush-grass,P,1,.,.,.,G,G,G,G,terrain-lush-grass
56,24,G,lush-grass,P,1,.,.,.,G,G,G,G,terrain-lush-grass
57,24,G,lush-grass,P,1,.,.,.,G,W,G,G,terrain-lush-grass
58,24,W,fresh-deep-water,L,2,#,.,.,W,W,W,G,terrain-fresh-water
59,24,W,fresh-deep-water,L,2,#,.,.,W,W,W,W,terrain-fresh-water
60,24,W,fresh-deep-water,L,2,#,.,.,W,G,W,W,terrain-fresh-water
61,24,G,lush-grass,P,1,.,.,.,G,G,G,W,terrain-lush-grass
62,24,G,lush-grass,P,1,.,.,.,G,G,G,G,terrain-lush-grass
63,24,G,lush-grass,P,1,.,.,.,G,G,G,G,terrain-lush-grass
64,24,G,lush-grass,P,1,.,.,.,G,G,G,G,terrain-lush-grass
65,24,G,lush-grass,P,1,.,.,.,G,G,G,G,terrain-lush-grass
66,24,G,lush-grass,P,1,.,.,.,G,G,G,G,terrain-lush-grass
67,24,G,lush-grass,P,1,.,.,.,G,G,G,G,terrain-lush-grass
68,24,G,lush-grass,P,1,.,.,.,G,G,G,G,terrain-lush-grass
69,24,G,lush-grass,P,1,.,.,.,G,G,G,G,terrain-lush-grass
70,24,G,lush-grass,P,1,.,.,.,G,G,G,G,terrain-lush-grass
71,24,G,lush-grass,P,1,.,.,.,G,G,G,G,terrain-lush-grass
72,24,G,lush-grass,P,1,.,.,.,G,G,G,G,terrain-lush-grass
73,24,G,lush-grass,P,1,.,.,.,G,G,G,G,terrain-lush-grass
74,24,G,lush-grass,P,1,.,.,.,G,G,G,G,terrain-lush-grass
75,24,G,lush-grass,P,1,.,.,.,G,G,G,G,terrain-lush-grass
76,24,G,lush-grass,P,1,.,.,.,G,G,G,G,terrain-lush-grass
77,24,G,lush-grass,P,1,.,.,.,G,G,G,G,terrain-lush-grass
78,24,G,lush-grass,P,1,.,.,.,G,G,G,G,terrain-lush-grass
79,24,G,lush-grass,P,1,.,.,.,g,G,G,G,terrain-lush-grass
80,24,G,lush-grass,P,1,.,.,.,g,g,G,G,terrain-lush-grass
81,24,g,dry-grass,P,1,.,.,.,g,g,G,G,terrain-dry-grass
82,24,g,dry-grass,P,1,.,.,.,g,g,G,g,terrain-dry-grass
83,24,g,dry-grass,P,1,.,.,.,g,g,g,g,terrain-dry-grass
84,24,g,dry-grass,P,1,.,.,.,g,g,g,g,terrain-dry-grass
85,24,g,dry-grass,P,1,.,.,.,g,g,g,g,terrain-dry-grass
86,24,g,dry-grass,P,1,.,.,.,g,g,g,g,terrain-dry-grass
87,24,g,dry-grass,P,1,.,.,.,g,g,g,g,terrain-dry-grass
88,24,g,dry-grass,P,1,.,.,.,g,g,g,g,terrain-dry-grass
89,24,g,dry-grass,P,1,.,.,.,g,g,g,g,terrain-dry-grass
90,24,g,dry-grass,P,1,.,.,.,g,g,g,g,terrain-dry-grass
91,24,g,dry-grass,P,1,.,.,.,g,g,g,g,terrain-dry-grass
92,24,g,dry-grass,P,1,.,.,.,g,g,g,g,terrain-dry-grass
93,24,g,dry-grass,P,1,.,.,.,g,g,g,g,terrain-dry-grass
94,24,g,dry-grass,P,1,.,.,.,g,g,g,g,terrain-dry-grass
95,24,g,dry-grass,P,1,.,.,.,g,g,g,g,terrain-dry-grass
96,24,g,dry-grass,P,1,.,.,.,g,g,g,g,terrain-dry-grass
97,24,g,dry-grass,P,1,.,.,.,g,g,g,g,terrain-dry-grass
98,24,g,dry-grass,P,1,.,.,.,g,X,g,g,terrain-dry-grass
99,24,X,cliff-mountain,M,1,#,.,.,X,VOID,X,g,terrain-cliff-mountain
0,25,F,forest-floor,F,1,#,.,.,F,F,F,VOID,terrain-forest-floor
1,25,F,forest-floor,F,2,.,.,.,F,F,F,F,terrain-forest-floor
2,25,F,forest-floor,F,2,.,.,.,F,F,F,F,terrain-forest-floor
3,25,F,forest-floor,F,2,.,.,.,F,F,F,F,terrain-forest-floor
4,25,F,forest-floor,F,2,.,.,.,F,F,F,F,terrain-forest-floor
5,25,F,forest-floor,F,2,.,.,.,F,F,F,F,terrain-forest-floor
6,25,F,forest-floor,F,2,.,.,.,F,F,F,F,terrain-forest-floor
7,25,F,forest-floor,F,2,.,.,.,F,F,F,F,terrain-forest-floor
8,25,F,forest-floor,F,2,.,.,.,F,F,F,F,terrain-forest-floor
9,25,F,forest-floor,F,2,.,.,.,F,F,F,F,terrain-forest-floor
10,25,F,forest-floor,F,2,.,.,.,F,F,F,F,terrain-forest-floor
11,25,F,forest-floor,F,2,.,.,.,F,F,F,F,terrain-forest-floor
12,25,F,forest-floor,F,2,.,.,.,F,F,F,F,terrain-forest-floor
13,25,F,forest-floor,F,2,.,.,.,F,F,F,F,terrain-forest-floor
14,25,F,forest-floor,F,2,.,.,.,F,F,F,F,terrain-forest-floor
15,25,F,forest-floor,F,2,.,.,.,F,F,F,F,terrain-forest-floor
16,25,F,forest-floor,F,2,.,.,.,F,F,F,F,terrain-forest-floor
17,25,F,forest-floor,F,2,.,.,.,F,F,F,F,terrain-forest-floor
18,25,F,forest-floor,F,2,.,.,.,F,F,F,F,terrain-forest-floor
19,25,F,forest-floor,F,2,.,.,.,F,F,F,F,terrain-forest-floor
20,25,F,forest-floor,F,2,.,.,.,F,F,F,F,terrain-forest-floor
21,25,F,forest-floor,F,2,.,.,.,F,F,F,F,terrain-forest-floor
22,25,F,forest-floor,F,2,.,.,.,F,F,F,F,terrain-forest-floor
23,25,F,forest-floor,F,2,.,.,.,F,F,F,F,terrain-forest-floor
24,25,F,forest-floor,F,2,.,.,.,F,F,F,F,terrain-forest-floor
25,25,F,forest-floor,F,2,.,.,.,F,F,F,F,terrain-forest-floor
26,25,F,forest-floor,F,2,.,.,.,F,F,F,F,terrain-forest-floor
27,25,F,forest-floor,F,2,.,.,.,F,W,F,F,terrain-forest-floor
28,25,W,fresh-deep-water,L,2,#,.,.,W,W,W,F,terrain-fresh-water
29,25,W,fresh-deep-water,L,2,#,.,.,W,W,W,W,terrain-fresh-water
30,25,W,fresh-deep-water,L,2,#,.,.,W,D,W,W,terrain-fresh-water
31,25,D,packed-dirt,F,2,.,N,.,F,D,D,W,terrain-packed-dirt
32,25,D,packed-dirt,F,2,.,N,.,D,D,D,D,terrain-packed-dirt
33,25,D,packed-dirt,F,2,.,N,.,D,F,F,D,terrain-packed-dirt
34,25,F,forest-floor,F,2,.,.,.,D,F,F,D,terrain-forest-floor
35,25,F,forest-floor,F,2,.,.,.,F,G,F,F,terrain-forest-floor
36,25,G,lush-grass,P,1,.,.,.,F,G,G,F,terrain-lush-grass
37,25,G,lush-grass,P,1,.,.,.,F,G,G,G,terrain-lush-grass
38,25,G,lush-grass,P,1,.,.,M,g,G,G,G,terrain-lush-grass
39,25,G,lush-grass,P,1,.,.,.,g,G,G,G,terrain-lush-grass
40,25,G,lush-grass,P,1,.,.,.,G,G,G,G,terrain-lush-grass
41,25,G,lush-grass,P,1,.,.,.,D,D,G,G,terrain-lush-grass
42,25,D,packed-dirt,P,1,.,N,.,D,D,G,G,terrain-packed-dirt
43,25,D,packed-dirt,P,1,.,N,.,D,D,D,D,terrain-packed-dirt
44,25,D,packed-dirt,P,1,.,N,.,D,D,D,D,terrain-packed-dirt
45,25,D,packed-dirt,P,1,.,N,.,G,G,D,D,terrain-packed-dirt
46,25,G,lush-grass,P,1,.,.,.,G,G,D,D,terrain-lush-grass
47,25,G,lush-grass,P,1,.,.,.,G,G,G,G,terrain-lush-grass
48,25,G,lush-grass,P,1,.,.,.,G,G,G,G,terrain-lush-grass
49,25,G,lush-grass,P,1,.,.,.,G,G,G,G,terrain-lush-grass
50,25,G,lush-grass,P,1,.,.,.,G,G,G,G,terrain-lush-grass
51,25,G,lush-grass,P,1,.,.,.,G,G,G,G,terrain-lush-grass
52,25,G,lush-grass,P,1,.,.,.,G,G,G,G,terrain-lush-grass
53,25,G,lush-grass,P,1,.,.,.,G,G,G,G,terrain-lush-grass
54,25,G,lush-grass,P,1,.,.,.,G,G,G,G,terrain-lush-grass
55,25,G,lush-grass,P,1,.,.,.,G,G,G,G,terrain-lush-grass
56,25,G,lush-grass,P,1,.,.,.,G,G,G,G,terrain-lush-grass
57,25,G,lush-grass,P,1,.,.,.,G,W,W,G,terrain-lush-grass
58,25,W,fresh-deep-water,L,2,#,.,.,W,W,W,G,terrain-fresh-water
59,25,W,fresh-deep-water,L,2,#,.,.,W,W,W,W,terrain-fresh-water
60,25,W,fresh-deep-water,L,2,#,.,.,W,G,G,W,terrain-fresh-water
61,25,G,lush-grass,P,1,.,.,.,G,G,G,W,terrain-lush-grass
62,25,G,lush-grass,P,1,.,.,.,G,G,G,G,terrain-lush-grass
63,25,G,lush-grass,P,1,.,.,.,G,G,G,G,terrain-lush-grass
64,25,G,lush-grass,P,1,.,.,.,G,G,G,G,terrain-lush-grass
65,25,G,lush-grass,P,1,.,.,.,G,G,G,G,terrain-lush-grass
66,25,G,lush-grass,P,1,.,.,.,G,G,G,G,terrain-lush-grass
67,25,G,lush-grass,P,1,.,.,.,G,G,G,G,terrain-lush-grass
68,25,G,lush-grass,P,1,.,.,.,G,G,G,G,terrain-lush-grass
69,25,G,lush-grass,P,1,.,.,.,G,G,G,G,terrain-lush-grass
70,25,G,lush-grass,P,1,.,.,.,G,G,G,G,terrain-lush-grass
71,25,G,lush-grass,P,1,.,.,.,G,G,G,G,terrain-lush-grass
72,25,G,lush-grass,P,1,.,.,.,G,G,G,G,terrain-lush-grass
73,25,G,lush-grass,P,1,.,.,.,G,G,G,G,terrain-lush-grass
74,25,G,lush-grass,P,1,.,.,.,G,G,G,G,terrain-lush-grass
75,25,G,lush-grass,P,1,.,.,.,G,G,G,G,terrain-lush-grass
76,25,G,lush-grass,P,1,.,.,.,G,G,G,G,terrain-lush-grass
77,25,G,lush-grass,P,1,.,.,.,G,G,G,G,terrain-lush-grass
78,25,G,lush-grass,P,1,.,.,.,G,G,G,G,terrain-lush-grass
79,25,G,lush-grass,P,1,.,.,.,G,G,G,G,terrain-lush-grass
80,25,G,lush-grass,P,1,.,.,.,G,G,G,G,terrain-lush-grass
81,25,G,lush-grass,P,1,.,.,.,g,G,G,G,terrain-lush-grass
82,25,G,lush-grass,P,1,.,.,.,g,g,G,G,terrain-lush-grass
83,25,g,dry-grass,P,1,.,.,.,g,g,G,G,terrain-dry-grass
84,25,g,dry-grass,P,1,.,.,.,g,g,G,g,terrain-dry-grass
85,25,g,dry-grass,P,1,.,.,.,g,g,g,g,terrain-dry-grass
86,25,g,dry-grass,P,1,.,.,.,g,g,g,g,terrain-dry-grass
87,25,g,dry-grass,P,1,.,.,.,g,g,g,g,terrain-dry-grass
88,25,g,dry-grass,P,1,.,.,.,g,g,g,g,terrain-dry-grass
89,25,g,dry-grass,P,1,.,.,.,g,g,g,g,terrain-dry-grass
90,25,g,dry-grass,P,1,.,.,.,g,g,g,g,terrain-dry-grass
91,25,g,dry-grass,P,1,.,.,.,g,g,g,g,terrain-dry-grass
92,25,g,dry-grass,P,1,.,.,.,g,g,g,g,terrain-dry-grass
93,25,g,dry-grass,P,1,.,.,.,g,g,g,g,terrain-dry-grass
94,25,g,dry-grass,P,1,.,.,.,g,g,g,g,terrain-dry-grass
95,25,g,dry-grass,P,1,.,.,.,g,g,g,g,terrain-dry-grass
96,25,g,dry-grass,P,1,.,.,.,g,g,g,g,terrain-dry-grass
97,25,g,dry-grass,P,1,.,.,.,g,g,g,g,terrain-dry-grass
98,25,g,dry-grass,P,1,.,.,.,g,X,g,g,terrain-dry-grass
99,25,X,cliff-mountain,M,1,#,.,.,X,VOID,X,g,terrain-cliff-mountain
0,26,F,forest-floor,F,1,#,.,.,F,F,F,VOID,terrain-forest-floor
1,26,F,forest-floor,F,2,.,.,.,F,F,F,F,terrain-forest-floor
2,26,F,forest-floor,F,2,.,.,.,F,F,F,F,terrain-forest-floor
3,26,F,forest-floor,F,2,.,.,.,F,F,F,F,terrain-forest-floor
4,26,F,forest-floor,F,2,.,.,.,F,F,F,F,terrain-forest-floor
5,26,F,forest-floor,F,2,.,.,.,F,F,F,F,terrain-forest-floor
6,26,F,forest-floor,F,2,.,.,.,F,F,F,F,terrain-forest-floor
7,26,F,forest-floor,F,2,.,.,.,F,F,F,F,terrain-forest-floor
8,26,F,forest-floor,F,2,.,.,.,F,F,F,F,terrain-forest-floor
9,26,F,forest-floor,F,2,.,.,.,F,F,F,F,terrain-forest-floor
10,26,F,forest-floor,F,2,.,.,.,F,F,F,F,terrain-forest-floor
11,26,F,forest-floor,F,2,.,.,.,F,F,F,F,terrain-forest-floor
12,26,F,forest-floor,F,2,.,.,.,F,F,F,F,terrain-forest-floor
13,26,F,forest-floor,F,2,.,.,.,F,F,F,F,terrain-forest-floor
14,26,F,forest-floor,F,2,.,.,.,F,F,F,F,terrain-forest-floor
15,26,F,forest-floor,F,2,.,.,.,F,F,F,F,terrain-forest-floor
16,26,F,forest-floor,F,2,.,.,.,F,F,F,F,terrain-forest-floor
17,26,F,forest-floor,F,2,.,.,.,F,F,F,F,terrain-forest-floor
18,26,F,forest-floor,F,2,.,.,.,F,F,F,F,terrain-forest-floor
19,26,F,forest-floor,F,2,.,.,.,F,F,F,F,terrain-forest-floor
20,26,F,forest-floor,F,2,.,.,.,F,F,F,F,terrain-forest-floor
21,26,F,forest-floor,F,2,.,.,.,F,F,F,F,terrain-forest-floor
22,26,F,forest-floor,F,2,.,.,.,F,F,F,F,terrain-forest-floor
23,26,F,forest-floor,F,2,.,.,.,F,F,F,F,terrain-forest-floor
24,26,F,forest-floor,F,2,.,.,.,F,F,F,F,terrain-forest-floor
25,26,F,forest-floor,F,2,.,.,.,F,F,F,F,terrain-forest-floor
26,26,F,forest-floor,F,2,.,.,.,F,F,F,F,terrain-forest-floor
27,26,F,forest-floor,F,2,.,.,.,F,W,F,F,terrain-forest-floor
28,26,W,fresh-deep-water,L,2,#,.,.,W,W,D,F,terrain-fresh-water
29,26,W,fresh-deep-water,L,2,#,N,.,W,W,W,W,terrain-fresh-water
30,26,W,fresh-deep-water,L,2,#,N,.,W,D,W,W,terrain-fresh-water
31,26,D,packed-dirt,F,2,.,N,.,D,D,W,W,terrain-packed-dirt
32,26,D,packed-dirt,F,2,.,N,.,D,F,F,D,terrain-packed-dirt
33,26,F,forest-floor,F,2,.,.,.,D,F,F,D,terrain-forest-floor
34,26,F,forest-floor,F,2,.,.,.,F,F,F,F,terrain-forest-floor
35,26,F,forest-floor,F,2,.,.,.,F,G,F,F,terrain-forest-floor
36,26,G,lush-grass,P,1,.,.,.,G,G,F,F,terrain-lush-grass
37,26,G,lush-grass,P,1,.,.,.,G,G,G,G,terrain-lush-grass
38,26,G,lush-grass,P,1,.,.,.,G,G,G,G,terrain-lush-grass
39,26,G,lush-grass,P,1,.,.,.,G,G,G,G,terrain-lush-grass
40,26,G,lush-grass,P,1,.,.,.,G,G,G,G,terrain-lush-grass
41,26,G,lush-grass,P,1,.,.,.,G,G,G,G,terrain-lush-grass
42,26,G,lush-grass,P,1,.,.,.,D,D,G,G,terrain-lush-grass
43,26,D,packed-dirt,P,1,.,N,.,D,D,G,G,terrain-packed-dirt
44,26,D,packed-dirt,P,1,.,N,.,D,D,G,D,terrain-packed-dirt
45,26,D,packed-dirt,P,1,.,N,.,D,D,D,D,terrain-packed-dirt
46,26,D,packed-dirt,P,1,.,N,.,G,G,D,D,terrain-packed-dirt
47,26,G,lush-grass,P,1,.,.,.,G,G,D,D,terrain-lush-grass
48,26,G,lush-grass,P,1,.,.,.,G,G,G,G,terrain-lush-grass
49,26,G,lush-grass,P,1,.,.,.,G,G,G,G,terrain-lush-grass
50,26,G,lush-grass,P,1,.,.,.,G,G,G,G,terrain-lush-grass
51,26,G,lush-grass,P,1,.,.,.,G,G,G,G,terrain-lush-grass
52,26,G,lush-grass,P,1,.,.,.,G,G,G,G,terrain-lush-grass
53,26,G,lush-grass,P,1,.,.,.,G,G,G,G,terrain-lush-grass
54,26,G,lush-grass,P,1,.,.,.,G,G,G,G,terrain-lush-grass
55,26,G,lush-grass,P,1,.,.,.,G,G,G,G,terrain-lush-grass
56,26,G,lush-grass,P,1,.,.,.,G,W,G,G,terrain-lush-grass
57,26,W,fresh-deep-water,L,2,#,.,.,G,W,W,G,terrain-fresh-water
58,26,W,fresh-deep-water,L,2,#,.,.,W,W,W,W,terrain-fresh-water
59,26,W,fresh-deep-water,L,2,#,.,.,W,G,W,W,terrain-fresh-water
60,26,G,lush-grass,P,1,.,.,.,W,G,G,W,terrain-lush-grass
61,26,G,lush-grass,P,1,.,.,.,G,G,G,G,terrain-lush-grass
62,26,G,lush-grass,P,1,.,.,.,G,G,G,G,terrain-lush-grass
63,26,G,lush-grass,P,1,.,.,.,G,G,G,G,terrain-lush-grass
64,26,G,lush-grass,P,1,.,.,.,G,G,G,G,terrain-lush-grass
65,26,G,lush-grass,P,1,.,.,.,G,G,G,G,terrain-lush-grass
66,26,G,lush-grass,P,1,.,.,.,G,G,G,G,terrain-lush-grass
67,26,G,lush-grass,P,1,.,.,.,G,G,G,G,terrain-lush-grass
68,26,G,lush-grass,P,1,.,.,.,G,G,G,G,terrain-lush-grass
69,26,G,lush-grass,P,1,.,.,.,G,G,G,G,terrain-lush-grass
70,26,G,lush-grass,P,1,.,.,.,G,G,G,G,terrain-lush-grass
71,26,G,lush-grass,P,1,.,.,.,G,G,G,G,terrain-lush-grass
72,26,G,lush-grass,P,1,.,.,.,G,G,G,G,terrain-lush-grass
73,26,G,lush-grass,P,1,.,.,.,G,G,G,G,terrain-lush-grass
74,26,G,lush-grass,P,1,.,.,.,G,G,G,G,terrain-lush-grass
75,26,G,lush-grass,P,1,.,.,.,G,G,G,G,terrain-lush-grass
76,26,G,lush-grass,P,1,.,.,.,G,G,G,G,terrain-lush-grass
77,26,G,lush-grass,P,1,.,.,.,G,G,G,G,terrain-lush-grass
78,26,G,lush-grass,P,1,.,.,.,G,G,G,G,terrain-lush-grass
79,26,G,lush-grass,P,1,.,.,.,G,G,G,G,terrain-lush-grass
80,26,G,lush-grass,P,1,.,.,.,G,G,G,G,terrain-lush-grass
81,26,G,lush-grass,P,1,.,.,.,G,G,G,G,terrain-lush-grass
82,26,G,lush-grass,P,1,.,.,.,G,G,G,G,terrain-lush-grass
83,26,G,lush-grass,P,1,.,.,.,g,G,G,G,terrain-lush-grass
84,26,G,lush-grass,P,1,.,.,.,g,g,G,G,terrain-lush-grass
85,26,g,dry-grass,P,1,.,.,.,g,g,G,G,terrain-dry-grass
86,26,g,dry-grass,P,1,.,.,.,g,g,G,g,terrain-dry-grass
87,26,g,dry-grass,P,1,.,.,.,g,g,g,g,terrain-dry-grass
88,26,g,dry-grass,P,1,.,.,.,g,g,g,g,terrain-dry-grass
89,26,g,dry-grass,P,1,.,.,.,g,g,g,g,terrain-dry-grass
90,26,g,dry-grass,P,1,.,.,.,g,g,g,g,terrain-dry-grass
91,26,g,dry-grass,P,1,.,.,.,g,g,g,g,terrain-dry-grass
92,26,g,dry-grass,P,1,.,.,.,g,g,g,g,terrain-dry-grass
93,26,g,dry-grass,P,1,.,.,.,g,g,g,g,terrain-dry-grass
94,26,g,dry-grass,P,1,.,.,.,g,g,g,g,terrain-dry-grass
95,26,g,dry-grass,P,1,.,.,.,g,g,g,g,terrain-dry-grass
96,26,g,dry-grass,P,1,.,.,.,g,g,g,g,terrain-dry-grass
97,26,g,dry-grass,P,1,.,.,.,g,g,g,g,terrain-dry-grass
98,26,g,dry-grass,P,1,.,.,.,g,X,g,g,terrain-dry-grass
99,26,X,cliff-mountain,M,1,#,.,.,X,VOID,X,g,terrain-cliff-mountain
0,27,F,forest-floor,F,1,#,.,.,F,F,F,VOID,terrain-forest-floor
1,27,F,forest-floor,F,2,.,.,.,F,F,F,F,terrain-forest-floor
2,27,F,forest-floor,F,2,.,.,.,F,F,F,F,terrain-forest-floor
3,27,F,forest-floor,F,2,.,.,.,F,F,F,F,terrain-forest-floor
4,27,F,forest-floor,F,2,.,.,.,F,F,F,F,terrain-forest-floor
5,27,F,forest-floor,F,2,.,.,.,F,F,F,F,terrain-forest-floor
6,27,F,forest-floor,F,2,.,.,.,F,F,F,F,terrain-forest-floor
7,27,F,forest-floor,F,2,.,.,.,F,F,F,F,terrain-forest-floor
8,27,F,forest-floor,F,2,.,.,.,F,F,F,F,terrain-forest-floor
9,27,F,forest-floor,F,2,.,.,.,F,F,F,F,terrain-forest-floor
10,27,F,forest-floor,F,2,.,.,.,F,F,F,F,terrain-forest-floor
11,27,F,forest-floor,F,2,.,.,.,F,F,F,F,terrain-forest-floor
12,27,F,forest-floor,F,2,.,.,.,F,F,F,F,terrain-forest-floor
13,27,F,forest-floor,F,2,.,.,.,F,F,F,F,terrain-forest-floor
14,27,F,forest-floor,F,2,.,.,.,F,F,F,F,terrain-forest-floor
15,27,F,forest-floor,F,2,.,.,.,F,F,F,F,terrain-forest-floor
16,27,F,forest-floor,F,2,.,.,.,F,F,F,F,terrain-forest-floor
17,27,F,forest-floor,F,2,.,.,.,F,F,F,F,terrain-forest-floor
18,27,F,forest-floor,F,2,.,.,.,F,F,F,F,terrain-forest-floor
19,27,F,forest-floor,F,2,.,.,.,F,F,F,F,terrain-forest-floor
20,27,F,forest-floor,F,2,.,.,.,F,F,F,F,terrain-forest-floor
21,27,F,forest-floor,F,2,.,.,.,F,F,F,F,terrain-forest-floor
22,27,F,forest-floor,F,2,.,.,.,F,F,F,F,terrain-forest-floor
23,27,F,forest-floor,F,2,.,.,.,F,F,F,F,terrain-forest-floor
24,27,F,forest-floor,F,2,.,.,.,F,F,F,F,terrain-forest-floor
25,27,F,forest-floor,F,2,.,.,.,F,F,F,F,terrain-forest-floor
26,27,F,forest-floor,F,2,.,.,.,F,F,F,F,terrain-forest-floor
27,27,F,forest-floor,F,2,.,.,.,F,D,D,F,terrain-forest-floor
28,27,D,packed-dirt,F,2,.,N,.,W,W,D,F,terrain-packed-dirt
29,27,W,fresh-deep-water,L,2,#,N,.,W,W,W,D,terrain-fresh-water
30,27,W,fresh-deep-water,L,2,#,N,.,W,W,W,W,terrain-fresh-water
31,27,W,fresh-deep-water,L,2,#,N,.,D,F,W,W,terrain-fresh-water
32,27,F,forest-floor,F,2,.,.,.,D,F,F,W,terrain-forest-floor
33,27,F,forest-floor,F,2,.,.,.,F,F,F,F,terrain-forest-floor
34,27,F,forest-floor,F,2,.,.,.,F,F,F,F,terrain-forest-floor
35,27,F,forest-floor,F,2,.,.,.,F,F,F,F,terrain-forest-floor
36,27,F,forest-floor,F,2,.,.,.,G,G,F,F,terrain-forest-floor
37,27,G,lush-grass,P,1,.,.,.,G,G,G,F,terrain-lush-grass
38,27,G,lush-grass,P,1,.,.,.,G,G,G,G,terrain-lush-grass
39,27,G,lush-grass,P,1,.,.,.,G,G,G,G,terrain-lush-grass
40,27,G,lush-grass,P,1,.,.,.,G,G,G,G,terrain-lush-grass
41,27,G,lush-grass,P,1,.,.,.,G,G,G,G,terrain-lush-grass
42,27,G,lush-grass,P,1,.,.,.,G,G,G,G,terrain-lush-grass
43,27,G,lush-grass,P,1,.,.,.,D,G,G,G,terrain-lush-grass
44,27,G,lush-grass,P,1,.,.,.,D,D,G,G,terrain-lush-grass
45,27,D,packed-dirt,P,1,.,N,.,D,D,G,G,terrain-packed-dirt
46,27,D,packed-dirt,P,1,.,N,.,D,D,D,D,terrain-packed-dirt
47,27,D,packed-dirt,P,1,.,N,.,G,G,D,D,terrain-packed-dirt
48,27,G,lush-grass,P,1,.,.,.,G,G,D,D,terrain-lush-grass
49,27,G,lush-grass,P,1,.,.,.,G,G,G,G,terrain-lush-grass
50,27,G,lush-grass,P,1,.,.,.,G,G,G,G,terrain-lush-grass
51,27,G,lush-grass,P,1,.,.,.,G,G,G,G,terrain-lush-grass
52,27,G,lush-grass,P,1,.,.,.,G,G,G,G,terrain-lush-grass
53,27,G,lush-grass,P,1,.,.,.,G,G,G,G,terrain-lush-grass
54,27,G,lush-grass,P,1,.,.,.,G,G,G,G,terrain-lush-grass
55,27,G,lush-grass,P,1,.,.,.,G,G,G,G,terrain-lush-grass
56,27,G,lush-grass,P,1,.,.,.,G,W,G,G,terrain-lush-grass
57,27,W,fresh-deep-water,L,2,#,.,.,W,W,W,G,terrain-fresh-water
58,27,W,fresh-deep-water,L,2,#,.,.,W,W,W,W,terrain-fresh-water
59,27,W,fresh-deep-water,L,2,#,.,.,W,G,W,W,terrain-fresh-water
60,27,G,lush-grass,P,1,.,.,.,G,G,G,W,terrain-lush-grass
61,27,G,lush-grass,P,1,.,.,.,G,G,G,G,terrain-lush-grass
62,27,G,lush-grass,P,1,.,.,.,G,G,G,G,terrain-lush-grass
63,27,G,lush-grass,P,1,.,.,.,G,G,G,G,terrain-lush-grass
64,27,G,lush-grass,P,1,.,.,.,G,G,G,G,terrain-lush-grass
65,27,G,lush-grass,P,1,.,.,.,G,G,G,G,terrain-lush-grass
66,27,G,lush-grass,P,1,.,.,.,G,G,G,G,terrain-lush-grass
67,27,G,lush-grass,P,1,.,.,.,G,G,G,G,terrain-lush-grass
68,27,G,lush-grass,P,1,.,.,.,G,G,G,G,terrain-lush-grass
69,27,G,lush-grass,P,1,.,.,.,G,G,G,G,terrain-lush-grass
70,27,G,lush-grass,P,1,.,.,.,G,G,G,G,terrain-lush-grass
71,27,G,lush-grass,P,1,.,.,.,G,G,G,G,terrain-lush-grass
72,27,G,lush-grass,P,1,.,.,.,G,G,G,G,terrain-lush-grass
73,27,G,lush-grass,P,1,.,.,.,G,G,G,G,terrain-lush-grass
74,27,G,lush-grass,P,1,.,.,.,G,G,G,G,terrain-lush-grass
75,27,G,lush-grass,P,1,.,.,.,G,G,G,G,terrain-lush-grass
76,27,G,lush-grass,P,1,.,.,.,G,G,G,G,terrain-lush-grass
77,27,G,lush-grass,P,1,.,.,.,G,G,G,G,terrain-lush-grass
78,27,G,lush-grass,P,1,.,.,.,G,G,G,G,terrain-lush-grass
79,27,G,lush-grass,P,1,.,.,.,G,G,G,G,terrain-lush-grass
80,27,G,lush-grass,P,1,.,.,.,G,G,G,G,terrain-lush-grass
81,27,G,lush-grass,P,1,.,.,.,G,G,G,G,terrain-lush-grass
82,27,G,lush-grass,P,1,.,.,.,G,G,G,G,terrain-lush-grass
83,27,G,lush-grass,P,1,.,.,.,G,G,G,G,terrain-lush-grass
84,27,G,lush-grass,P,1,.,.,.,G,G,G,G,terrain-lush-grass
85,27,G,lush-grass,P,1,.,.,.,g,G,G,G,terrain-lush-grass
86,27,G,lush-grass,P,1,.,.,.,g,g,G,G,terrain-lush-grass
87,27,g,dry-grass,P,1,.,.,B,g,g,D,G,terrain-dry-grass
88,27,g,dry-grass,P,1,.,.,.,g,g,G,g,terrain-dry-grass
89,27,g,dry-grass,P,1,.,.,.,g,g,g,g,terrain-dry-grass
90,27,g,dry-grass,P,1,.,.,.,g,g,g,g,terrain-dry-grass
91,27,g,dry-grass,P,1,.,.,.,g,g,g,g,terrain-dry-grass
92,27,g,dry-grass,P,1,.,.,.,g,g,g,g,terrain-dry-grass
93,27,g,dry-grass,P,1,.,.,.,g,g,g,g,terrain-dry-grass
94,27,g,dry-grass,P,1,.,.,.,g,g,g,g,terrain-dry-grass
95,27,g,dry-grass,P,1,.,.,.,g,g,g,g,terrain-dry-grass
96,27,g,dry-grass,P,1,.,.,.,g,g,g,g,terrain-dry-grass
97,27,g,dry-grass,P,1,.,.,.,g,g,g,g,terrain-dry-grass
98,27,g,dry-grass,P,1,.,.,.,g,X,g,g,terrain-dry-grass
99,27,X,cliff-mountain,M,1,#,.,.,X,VOID,X,g,terrain-cliff-mountain
0,28,F,forest-floor,F,1,#,.,.,F,F,F,VOID,terrain-forest-floor
1,28,F,forest-floor,F,2,.,.,.,F,F,F,F,terrain-forest-floor
2,28,F,forest-floor,F,2,.,.,.,F,F,F,F,terrain-forest-floor
3,28,F,forest-floor,F,2,.,.,.,F,F,F,F,terrain-forest-floor
4,28,F,forest-floor,F,2,.,.,.,F,F,F,F,terrain-forest-floor
5,28,F,forest-floor,F,2,.,.,.,F,F,F,F,terrain-forest-floor
6,28,F,forest-floor,F,2,.,.,.,F,F,F,F,terrain-forest-floor
7,28,F,forest-floor,F,2,.,.,.,F,F,F,F,terrain-forest-floor
8,28,F,forest-floor,F,2,.,.,.,F,F,F,F,terrain-forest-floor
9,28,F,forest-floor,F,2,.,.,.,F,F,F,F,terrain-forest-floor
10,28,F,forest-floor,F,2,.,.,.,F,F,F,F,terrain-forest-floor
11,28,F,forest-floor,F,2,.,.,.,F,F,F,F,terrain-forest-floor
12,28,F,forest-floor,F,2,.,.,.,F,F,F,F,terrain-forest-floor
13,28,F,forest-floor,F,2,.,.,.,F,F,F,F,terrain-forest-floor
14,28,F,forest-floor,F,2,.,.,.,F,F,F,F,terrain-forest-floor
15,28,F,forest-floor,F,2,.,.,.,F,F,F,F,terrain-forest-floor
16,28,F,forest-floor,F,2,.,.,.,F,F,F,F,terrain-forest-floor
17,28,F,forest-floor,F,2,.,.,.,F,F,F,F,terrain-forest-floor
18,28,F,forest-floor,F,2,.,.,.,F,F,F,F,terrain-forest-floor
19,28,F,forest-floor,F,2,.,.,.,F,F,F,F,terrain-forest-floor
20,28,F,forest-floor,F,2,.,.,.,F,F,F,F,terrain-forest-floor
21,28,F,forest-floor,F,2,.,.,.,F,F,F,F,terrain-forest-floor
22,28,F,forest-floor,F,2,.,.,.,F,F,F,F,terrain-forest-floor
23,28,F,forest-floor,F,2,.,.,.,F,F,F,F,terrain-forest-floor
24,28,F,forest-floor,F,2,.,.,.,F,F,F,F,terrain-forest-floor
25,28,F,forest-floor,F,2,.,.,.,F,F,F,F,terrain-forest-floor
26,28,F,forest-floor,F,2,.,.,.,F,D,D,F,terrain-forest-floor
27,28,D,packed-dirt,F,2,.,N,.,F,D,D,F,terrain-packed-dirt
28,28,D,packed-dirt,F,2,.,N,.,D,W,D,D,terrain-packed-dirt
29,28,W,fresh-deep-water,L,2,#,N,.,W,W,F,D,terrain-fresh-water
30,28,W,fresh-deep-water,L,2,#,N,.,W,W,W,W,terrain-fresh-water
31,28,W,fresh-deep-water,L,2,#,.,.,W,F,W,W,terrain-fresh-water
32,28,F,forest-floor,F,2,.,.,.,F,F,W,W,terrain-forest-floor
33,28,F,forest-floor,F,2,.,.,.,F,F,F,F,terrain-forest-floor
34,28,F,forest-floor,F,2,.,.,.,F,F,F,F,terrain-forest-floor
35,28,F,forest-floor,F,2,.,.,.,F,F,F,F,terrain-forest-floor
36,28,F,forest-floor,F,2,.,.,.,F,G,F,F,terrain-forest-floor
37,28,G,lush-grass,P,1,.,.,.,G,G,G,F,terrain-lush-grass
38,28,G,lush-grass,P,1,.,.,.,G,G,G,G,terrain-lush-grass
39,28,G,lush-grass,P,1,.,.,.,G,G,G,G,terrain-lush-grass
40,28,G,lush-grass,P,1,.,.,.,G,G,G,G,terrain-lush-grass
41,28,G,lush-grass,P,1,.,.,.,G,G,G,G,terrain-lush-grass
42,28,G,lush-grass,P,1,.,.,.,G,G,G,G,terrain-lush-grass
43,28,G,lush-grass,P,1,.,.,.,G,G,G,G,terrain-lush-grass
44,28,G,lush-grass,P,1,.,.,.,G,G,G,G,terrain-lush-grass
45,28,G,lush-grass,P,1,.,.,.,D,D,G,G,terrain-lush-grass
46,28,D,packed-dirt,P,1,.,N,.,D,D,G,G,terrain-packed-dirt
47,28,D,packed-dirt,P,1,.,N,.,D,D,D,D,terrain-packed-dirt
48,28,D,packed-dirt,P,1,.,N,.,G,G,D,D,terrain-packed-dirt
49,28,G,lush-grass,P,1,.,.,.,G,G,D,D,terrain-lush-grass
50,28,G,lush-grass,P,1,.,.,.,G,G,G,G,terrain-lush-grass
51,28,G,lush-grass,P,1,.,.,.,G,G,G,G,terrain-lush-grass
52,28,G,lush-grass,P,1,.,.,.,G,G,G,G,terrain-lush-grass
53,28,G,lush-grass,P,1,.,.,.,G,G,G,G,terrain-lush-grass
54,28,G,lush-grass,P,1,.,.,.,G,G,G,G,terrain-lush-grass
55,28,G,lush-grass,P,1,.,.,.,G,G,G,G,terrain-lush-grass
56,28,G,lush-grass,P,1,.,.,.,G,W,W,G,terrain-lush-grass
57,28,W,fresh-deep-water,L,2,#,.,.,W,W,W,G,terrain-fresh-water
58,28,W,fresh-deep-water,L,2,#,.,.,W,W,W,W,terrain-fresh-water
59,28,W,fresh-deep-water,L,2,#,.,.,W,G,G,W,terrain-fresh-water
60,28,G,lush-grass,P,1,.,.,.,G,G,G,W,terrain-lush-grass
61,28,G,lush-grass,P,1,.,.,.,G,G,G,G,terrain-lush-grass
62,28,G,lush-grass,P,1,.,.,.,G,G,G,G,terrain-lush-grass
63,28,G,lush-grass,P,1,.,.,.,G,G,G,G,terrain-lush-grass
64,28,G,lush-grass,P,1,.,.,.,G,G,G,G,terrain-lush-grass
65,28,G,lush-grass,P,1,.,.,.,G,G,G,G,terrain-lush-grass
66,28,G,lush-grass,P,1,.,.,.,G,G,G,G,terrain-lush-grass
67,28,G,lush-grass,P,1,.,.,.,G,G,G,G,terrain-lush-grass
68,28,G,lush-grass,P,1,.,.,.,G,G,G,G,terrain-lush-grass
69,28,G,lush-grass,P,1,.,.,.,G,G,G,G,terrain-lush-grass
70,28,G,lush-grass,P,1,.,.,.,G,G,G,G,terrain-lush-grass
71,28,G,lush-grass,P,1,.,.,.,G,G,G,G,terrain-lush-grass
72,28,G,lush-grass,P,1,.,.,.,G,G,G,G,terrain-lush-grass
73,28,G,lush-grass,P,1,.,.,.,G,G,G,G,terrain-lush-grass
74,28,G,lush-grass,P,1,.,.,.,G,G,G,G,terrain-lush-grass
75,28,G,lush-grass,P,1,.,.,.,G,G,G,G,terrain-lush-grass
76,28,G,lush-grass,P,1,.,.,.,G,G,G,G,terrain-lush-grass
77,28,G,lush-grass,P,1,.,.,.,G,G,G,G,terrain-lush-grass
78,28,G,lush-grass,P,1,.,.,.,G,G,G,G,terrain-lush-grass
79,28,G,lush-grass,P,1,.,.,.,G,G,G,G,terrain-lush-grass
80,28,G,lush-grass,P,1,.,.,.,G,G,G,G,terrain-lush-grass
81,28,G,lush-grass,P,1,.,.,.,G,G,G,G,terrain-lush-grass
82,28,G,lush-grass,P,1,.,.,.,G,G,G,G,terrain-lush-grass
83,28,G,lush-grass,P,1,.,.,.,G,G,D,G,terrain-lush-grass
84,28,G,lush-grass,P,1,.,.,B,G,G,D,G,terrain-lush-grass
85,28,G,lush-grass,P,1,.,.,B,G,G,D,G,terrain-lush-grass
86,28,G,lush-grass,P,1,.,.,B,G,D,D,G,terrain-lush-grass
87,28,D,packed-dirt,P,1,.,.,B,g,G,D,G,terrain-packed-dirt
88,28,G,lush-grass,P,1,.,.,B,g,g,D,D,terrain-lush-grass
89,28,g,dry-grass,P,1,.,.,B,g,g,D,G,terrain-dry-grass
90,28,g,dry-grass,P,1,.,.,B,g,g,D,g,terrain-dry-grass
91,28,g,dry-grass,P,1,.,.,.,g,g,D,g,terrain-dry-grass
92,28,g,dry-grass,P,1,.,.,.,g,g,g,g,terrain-dry-grass
93,28,g,dry-grass,P,1,.,.,.,g,g,g,g,terrain-dry-grass
94,28,g,dry-grass,P,1,.,.,.,g,g,g,g,terrain-dry-grass
95,28,g,dry-grass,P,1,.,.,.,g,g,g,g,terrain-dry-grass
96,28,g,dry-grass,P,1,.,.,.,g,g,g,g,terrain-dry-grass
97,28,g,dry-grass,P,1,.,.,.,g,g,g,g,terrain-dry-grass
98,28,g,dry-grass,P,1,.,.,.,g,X,g,g,terrain-dry-grass
99,28,X,cliff-mountain,M,1,#,.,.,X,VOID,X,g,terrain-cliff-mountain
0,29,F,forest-floor,F,1,#,.,.,F,F,F,VOID,terrain-forest-floor
1,29,F,forest-floor,F,2,.,.,.,F,F,F,F,terrain-forest-floor
2,29,F,forest-floor,F,2,.,.,.,F,F,F,F,terrain-forest-floor
3,29,F,forest-floor,F,2,.,.,.,F,F,F,F,terrain-forest-floor
4,29,F,forest-floor,F,2,.,.,.,F,F,F,F,terrain-forest-floor
5,29,F,forest-floor,F,2,.,.,.,F,F,F,F,terrain-forest-floor
6,29,F,forest-floor,F,2,.,.,.,F,F,F,F,terrain-forest-floor
7,29,F,forest-floor,F,2,.,.,.,F,F,F,F,terrain-forest-floor
8,29,F,forest-floor,F,2,.,.,.,F,F,F,F,terrain-forest-floor
9,29,F,forest-floor,F,2,.,.,.,F,F,F,F,terrain-forest-floor
10,29,F,forest-floor,F,2,.,.,.,F,F,F,F,terrain-forest-floor
11,29,F,forest-floor,F,2,.,.,.,F,F,F,F,terrain-forest-floor
12,29,F,forest-floor,F,2,.,.,.,F,F,F,F,terrain-forest-floor
13,29,F,forest-floor,F,2,.,.,.,F,F,F,F,terrain-forest-floor
14,29,F,forest-floor,F,2,.,.,.,F,F,F,F,terrain-forest-floor
15,29,F,forest-floor,F,2,.,.,.,F,F,F,F,terrain-forest-floor
16,29,F,forest-floor,F,2,.,.,.,F,F,F,F,terrain-forest-floor
17,29,F,forest-floor,F,2,.,.,.,F,F,F,F,terrain-forest-floor
18,29,F,forest-floor,F,2,.,.,.,F,F,F,F,terrain-forest-floor
19,29,F,forest-floor,F,2,.,.,.,F,F,F,F,terrain-forest-floor
20,29,F,forest-floor,F,2,.,.,.,F,F,F,F,terrain-forest-floor
21,29,F,forest-floor,F,2,.,.,.,F,F,F,F,terrain-forest-floor
22,29,F,forest-floor,F,2,.,.,.,F,F,F,F,terrain-forest-floor
23,29,F,forest-floor,F,2,.,.,.,F,F,F,F,terrain-forest-floor
24,29,F,forest-floor,F,2,.,.,.,F,F,F,F,terrain-forest-floor
25,29,F,forest-floor,F,2,.,.,.,F,D,D,F,terrain-forest-floor
26,29,D,packed-dirt,F,2,.,N,.,F,D,D,F,terrain-packed-dirt
27,29,D,packed-dirt,F,2,.,N,.,D,D,D,D,terrain-packed-dirt
28,29,D,packed-dirt,F,2,.,N,.,D,F,F,D,terrain-packed-dirt
29,29,F,forest-floor,F,2,.,.,.,W,W,F,D,terrain-forest-floor
30,29,W,fresh-deep-water,L,2,#,.,.,W,W,W,F,terrain-fresh-water
31,29,W,fresh-deep-water,L,2,#,.,.,W,W,X,W,terrain-fresh-water
32,29,W,fresh-deep-water,L,2,#,.,.,F,F,W,W,terrain-fresh-water
33,29,F,forest-floor,F,2,.,.,.,F,F,F,W,terrain-forest-floor
34,29,F,forest-floor,F,2,.,.,.,F,F,F,F,terrain-forest-floor
35,29,F,forest-floor,F,2,.,.,.,F,F,F,F,terrain-forest-floor
36,29,F,forest-floor,F,2,.,.,.,F,G,F,F,terrain-forest-floor
37,29,G,lush-grass,P,1,.,.,.,G,G,G,F,terrain-lush-grass
38,29,G,lush-grass,P,1,.,.,.,G,G,G,G,terrain-lush-grass
39,29,G,lush-grass,P,1,.,.,.,G,G,G,G,terrain-lush-grass
40,29,G,lush-grass,P,1,.,.,.,G,G,G,G,terrain-lush-grass
41,29,G,lush-grass,P,1,.,.,.,G,G,G,G,terrain-lush-grass
42,29,G,lush-grass,P,1,.,.,.,G,G,G,G,terrain-lush-grass
43,29,G,lush-grass,P,1,.,.,.,G,G,G,G,terrain-lush-grass
44,29,G,lush-grass,P,1,.,.,.,G,G,G,G,terrain-lush-grass
45,29,G,lush-grass,P,1,.,.,.,G,G,G,G,terrain-lush-grass
46,29,G,lush-grass,P,1,.,.,.,D,D,G,G,terrain-lush-grass
47,29,D,packed-dirt,P,1,.,N,.,D,D,D,G,terrain-packed-dirt
48,29,D,packed-dirt,P,1,.,N,.,D,D,D,D,terrain-packed-dirt
49,29,D,packed-dirt,P,1,.,N,.,G,G,D,D,terrain-packed-dirt
50,29,G,lush-grass,P,1,.,.,.,G,G,G,D,terrain-lush-grass
51,29,G,lush-grass,P,1,.,.,.,G,G,G,G,terrain-lush-grass
52,29,G,lush-grass,P,1,.,.,.,G,G,G,G,terrain-lush-grass
53,29,G,lush-grass,P,1,.,.,.,G,G,G,G,terrain-lush-grass
54,29,G,lush-grass,P,1,.,.,.,G,G,G,G,terrain-lush-grass
55,29,G,lush-grass,P,1,.,.,.,G,W,G,G,terrain-lush-grass
56,29,W,fresh-deep-water,L,2,#,.,.,G,W,W,G,terrain-fresh-water
57,29,W,fresh-deep-water,L,2,#,.,.,W,W,W,W,terrain-fresh-water
58,29,W,fresh-deep-water,L,2,#,.,.,W,G,W,W,terrain-fresh-water
59,29,G,lush-grass,P,1,.,.,.,W,G,G,W,terrain-lush-grass
60,29,G,lush-grass,P,1,.,.,.,G,G,G,G,terrain-lush-grass
61,29,G,lush-grass,P,1,.,.,.,G,G,G,G,terrain-lush-grass
62,29,G,lush-grass,P,1,.,.,.,G,G,G,G,terrain-lush-grass
63,29,G,lush-grass,P,1,.,.,.,G,G,G,G,terrain-lush-grass
64,29,G,lush-grass,P,1,.,.,.,G,G,G,G,terrain-lush-grass
65,29,G,lush-grass,P,1,.,.,.,G,G,G,G,terrain-lush-grass
66,29,G,lush-grass,P,1,.,.,.,G,G,G,G,terrain-lush-grass
67,29,G,lush-grass,P,1,.,.,.,G,G,G,G,terrain-lush-grass
68,29,G,lush-grass,P,1,.,.,.,G,G,G,G,terrain-lush-grass
69,29,G,lush-grass,P,1,.,.,.,G,G,G,G,terrain-lush-grass
70,29,G,lush-grass,P,1,.,.,.,G,G,G,G,terrain-lush-grass
71,29,G,lush-grass,P,1,.,.,.,G,G,G,G,terrain-lush-grass
72,29,G,lush-grass,P,1,.,.,.,G,G,G,G,terrain-lush-grass
73,29,G,lush-grass,P,1,.,.,.,G,G,G,G,terrain-lush-grass
74,29,G,lush-grass,P,1,.,.,.,G,G,G,G,terrain-lush-grass
75,29,G,lush-grass,P,1,.,.,.,G,G,G,G,terrain-lush-grass
76,29,G,lush-grass,P,1,.,.,.,G,G,G,G,terrain-lush-grass
77,29,G,lush-grass,P,1,.,.,.,G,G,G,G,terrain-lush-grass
78,29,G,lush-grass,P,1,.,.,.,G,G,G,G,terrain-lush-grass
79,29,G,lush-grass,P,1,.,.,.,G,G,G,G,terrain-lush-grass
80,29,G,lush-grass,P,1,.,.,.,G,G,G,G,terrain-lush-grass
81,29,G,lush-grass,P,1,.,.,.,G,G,G,G,terrain-lush-grass
82,29,G,lush-grass,P,1,.,.,B,G,D,D,G,terrain-lush-grass
83,29,D,packed-dirt,P,1,.,.,B,G,D,D,G,terrain-packed-dirt
84,29,D,packed-dirt,P,1,.,.,B,G,D,D,D,terrain-packed-dirt
85,29,D,packed-dirt,P,1,.,.,B,G,D,D,D,terrain-packed-dirt
86,29,D,packed-dirt,P,1,.,.,B,G,D,D,D,terrain-packed-dirt
87,29,D,packed-dirt,P,1,.,.,B,D,D,D,D,terrain-packed-dirt
88,29,D,packed-dirt,P,1,.,.,B,G,D,D,D,terrain-packed-dirt
89,29,D,packed-dirt,P,1,.,.,B,g,D,D,D,terrain-packed-dirt
90,29,D,packed-dirt,P,1,.,.,B,g,D,D,D,terrain-packed-dirt
91,29,D,packed-dirt,P,1,.,.,B,g,g,D,D,terrain-packed-dirt
92,29,g,dry-grass,P,1,.,.,B,g,g,D,D,terrain-dry-grass
93,29,g,dry-grass,P,1,.,.,.,g,g,g,g,terrain-dry-grass
94,29,g,dry-grass,P,1,.,.,.,g,g,g,g,terrain-dry-grass
95,29,g,dry-grass,P,1,.,.,.,g,g,g,g,terrain-dry-grass
96,29,g,dry-grass,P,1,.,.,.,g,g,g,g,terrain-dry-grass
97,29,g,dry-grass,P,1,.,.,.,g,g,g,g,terrain-dry-grass
98,29,g,dry-grass,P,1,.,.,.,g,X,g,g,terrain-dry-grass
99,29,X,cliff-mountain,M,1,#,.,.,X,VOID,X,g,terrain-cliff-mountain
0,30,F,forest-floor,F,1,#,.,.,F,F,F,VOID,terrain-forest-floor
1,30,F,forest-floor,F,2,.,.,.,F,F,F,F,terrain-forest-floor
2,30,F,forest-floor,F,2,.,.,.,F,F,F,F,terrain-forest-floor
3,30,F,forest-floor,F,2,.,.,.,F,F,F,F,terrain-forest-floor
4,30,F,forest-floor,F,2,.,.,.,F,F,F,F,terrain-forest-floor
5,30,F,forest-floor,F,2,.,.,.,F,F,F,F,terrain-forest-floor
6,30,F,forest-floor,F,2,.,.,.,F,F,F,F,terrain-forest-floor
7,30,F,forest-floor,F,2,.,.,.,F,F,F,F,terrain-forest-floor
8,30,F,forest-floor,F,2,.,.,.,F,F,F,F,terrain-forest-floor
9,30,F,forest-floor,F,2,.,.,.,F,F,F,F,terrain-forest-floor
10,30,F,forest-floor,F,2,.,.,.,F,F,F,F,terrain-forest-floor
11,30,F,forest-floor,F,2,.,.,.,F,F,F,F,terrain-forest-floor
12,30,F,forest-floor,F,2,.,.,.,F,F,F,F,terrain-forest-floor
13,30,F,forest-floor,F,2,.,.,.,F,F,F,F,terrain-forest-floor
14,30,F,forest-floor,F,2,.,.,.,F,F,F,F,terrain-forest-floor
15,30,F,forest-floor,F,2,.,.,.,F,F,F,F,terrain-forest-floor
16,30,F,forest-floor,F,2,.,.,.,F,F,F,F,terrain-forest-floor
17,30,F,forest-floor,F,2,.,.,.,F,F,F,F,terrain-forest-floor
18,30,F,forest-floor,F,2,.,.,.,F,F,F,F,terrain-forest-floor
19,30,F,forest-floor,F,2,.,.,.,F,F,F,F,terrain-forest-floor
20,30,F,forest-floor,F,2,.,.,.,F,F,F,F,terrain-forest-floor
21,30,F,forest-floor,F,2,.,.,.,F,F,F,F,terrain-forest-floor
22,30,F,forest-floor,F,2,.,.,.,F,F,F,F,terrain-forest-floor
23,30,F,forest-floor,F,2,.,.,.,F,F,F,F,terrain-forest-floor
24,30,F,forest-floor,F,2,.,.,.,F,D,D,F,terrain-forest-floor
25,30,D,packed-dirt,F,2,.,N,.,F,D,D,F,terrain-packed-dirt
26,30,D,packed-dirt,F,2,.,N,.,D,D,D,D,terrain-packed-dirt
27,30,D,packed-dirt,F,2,.,N,.,D,F,F,D,terrain-packed-dirt
28,30,F,forest-floor,F,2,.,.,.,D,F,F,D,terrain-forest-floor
29,30,F,forest-floor,F,2,.,.,.,F,W,F,F,terrain-forest-floor
30,30,W,fresh-deep-water,L,2,#,.,.,W,X,X,F,terrain-fresh-water
31,30,X,cliff-mountain,M,2,#,.,.,W,W,X,W,terrain-cliff-mountain
32,30,W,fresh-deep-water,L,2,#,.,.,W,F,X,X,terrain-fresh-water
33,30,F,forest-floor,F,2,.,.,.,F,F,W,W,terrain-forest-floor
34,30,F,forest-floor,F,2,.,.,.,F,F,F,F,terrain-forest-floor
35,30,F,forest-floor,F,2,.,.,.,F,F,F,F,terrain-forest-floor
36,30,F,forest-floor,F,2,.,.,.,F,G,F,F,terrain-forest-floor
37,30,G,lush-grass,P,1,.,.,.,G,G,G,F,terrain-lush-grass
38,30,G,lush-grass,P,1,.,.,.,G,G,G,G,terrain-lush-grass
39,30,G,lush-grass,P,1,.,.,.,G,G,G,G,terrain-lush-grass
40,30,G,lush-grass,P,1,.,.,.,G,G,G,G,terrain-lush-grass
41,30,G,lush-grass,P,1,.,.,.,G,G,G,G,terrain-lush-grass
42,30,G,lush-grass,P,1,.,.,.,G,G,G,G,terrain-lush-grass
43,30,G,lush-grass,P,1,.,.,.,G,G,G,G,terrain-lush-grass
44,30,G,lush-grass,P,1,.,.,.,G,G,G,G,terrain-lush-grass
45,30,G,lush-grass,P,1,.,.,.,G,G,G,G,terrain-lush-grass
46,30,G,lush-grass,P,1,.,.,.,G,D,G,G,terrain-lush-grass
47,30,D,packed-dirt,P,1,.,N,.,D,D,G,G,terrain-packed-dirt
48,30,D,packed-dirt,P,1,.,N,.,D,D,D,D,terrain-packed-dirt
49,30,D,packed-dirt,P,1,.,N,.,D,G,D,D,terrain-packed-dirt
50,30,G,lush-grass,P,1,.,.,.,G,G,D,D,terrain-lush-grass
51,30,G,lush-grass,P,1,.,.,.,G,G,G,G,terrain-lush-grass
52,30,G,lush-grass,P,1,.,.,.,G,G,G,G,terrain-lush-grass
53,30,G,lush-grass,P,1,.,.,.,G,G,G,G,terrain-lush-grass
54,30,G,lush-grass,P,1,.,.,.,G,G,G,G,terrain-lush-grass
55,30,G,lush-grass,P,1,.,.,.,G,W,G,G,terrain-lush-grass
56,30,W,fresh-deep-water,L,2,#,.,.,W,W,W,G,terrain-fresh-water
57,30,W,fresh-deep-water,L,2,#,.,.,W,W,W,W,terrain-fresh-water
58,30,W,fresh-deep-water,L,2,#,.,.,W,G,W,W,terrain-fresh-water
59,30,G,lush-grass,P,1,.,.,.,G,G,G,W,terrain-lush-grass
60,30,G,lush-grass,P,1,.,.,.,G,G,G,G,terrain-lush-grass
61,30,G,lush-grass,P,1,.,.,.,G,G,G,G,terrain-lush-grass
62,30,G,lush-grass,P,1,.,.,.,G,G,G,G,terrain-lush-grass
63,30,G,lush-grass,P,1,.,.,.,G,G,G,G,terrain-lush-grass
64,30,G,lush-grass,P,1,.,.,.,G,G,G,G,terrain-lush-grass
65,30,G,lush-grass,P,1,.,.,.,G,G,G,G,terrain-lush-grass
66,30,G,lush-grass,P,1,.,.,.,G,G,G,G,terrain-lush-grass
67,30,G,lush-grass,P,1,.,.,.,G,G,G,G,terrain-lush-grass
68,30,G,lush-grass,P,1,.,.,.,G,G,G,G,terrain-lush-grass
69,30,G,lush-grass,P,1,.,.,.,G,G,G,G,terrain-lush-grass
70,30,G,lush-grass,P,1,.,.,.,G,G,G,G,terrain-lush-grass
71,30,G,lush-grass,P,1,.,.,.,G,G,G,G,terrain-lush-grass
72,30,G,lush-grass,P,1,.,.,.,G,G,G,G,terrain-lush-grass
73,30,G,lush-grass,P,1,.,.,.,G,G,G,G,terrain-lush-grass
74,30,G,lush-grass,P,1,.,.,.,G,G,G,G,terrain-lush-grass
75,30,G,lush-grass,P,1,.,.,.,G,G,G,G,terrain-lush-grass
76,30,G,lush-grass,P,1,.,.,.,G,G,G,G,terrain-lush-grass
77,30,G,lush-grass,P,1,.,.,.,G,G,G,G,terrain-lush-grass
78,30,G,lush-grass,P,1,.,.,.,G,G,G,G,terrain-lush-grass
79,30,G,lush-grass,P,1,.,.,.,G,G,G,G,terrain-lush-grass
80,30,G,lush-grass,P,1,.,.,.,G,G,G,G,terrain-lush-grass
81,30,G,lush-grass,P,1,.,.,B,G,D,D,G,terrain-lush-grass
82,30,D,packed-dirt,P,1,.,.,B,G,D,D,G,terrain-packed-dirt
83,30,D,packed-dirt,P,1,.,.,B,D,D,D,D,terrain-packed-dirt
84,30,D,packed-dirt,P,1,.,.,B,D,D,D,D,terrain-packed-dirt
85,30,D,packed-dirt,P,1,.,.,B,D,D,D,D,terrain-packed-dirt
86,30,D,packed-dirt,P,1,.,.,B,D,D,D,D,terrain-packed-dirt
87,30,D,packed-dirt,P,1,.,.,B,D,D,D,D,terrain-packed-dirt
88,30,D,packed-dirt,P,1,.,.,B,D,D,D,D,terrain-packed-dirt
89,30,D,packed-dirt,P,1,.,.,B,D,D,D,D,terrain-packed-dirt
90,30,D,packed-dirt,P,1,.,.,B,D,D,D,D,terrain-packed-dirt
91,30,D,packed-dirt,P,1,.,.,B,D,D,D,D,terrain-packed-dirt
92,30,D,packed-dirt,P,1,.,.,B,g,g,D,D,terrain-packed-dirt
93,30,g,dry-grass,P,1,.,.,B,g,g,D,D,terrain-dry-grass
94,30,g,dry-grass,P,1,.,.,.,g,g,g,g,terrain-dry-grass
95,30,g,dry-grass,P,1,.,.,.,g,g,g,g,terrain-dry-grass
96,30,g,dry-grass,P,1,.,.,.,g,g,g,g,terrain-dry-grass
97,30,g,dry-grass,P,1,.,.,.,g,g,g,g,terrain-dry-grass
98,30,g,dry-grass,P,1,.,.,.,g,X,g,g,terrain-dry-grass
99,30,X,cliff-mountain,M,1,#,.,.,X,VOID,X,g,terrain-cliff-mountain
0,31,F,forest-floor,F,1,#,.,.,F,F,F,VOID,terrain-forest-floor
1,31,F,forest-floor,F,2,.,.,.,F,F,F,F,terrain-forest-floor
2,31,F,forest-floor,F,2,.,.,.,F,F,F,F,terrain-forest-floor
3,31,F,forest-floor,F,2,.,.,.,F,F,F,F,terrain-forest-floor
4,31,F,forest-floor,F,2,.,.,.,F,F,F,F,terrain-forest-floor
5,31,F,forest-floor,F,2,.,.,.,F,F,F,F,terrain-forest-floor
6,31,F,forest-floor,F,2,.,.,.,F,F,F,F,terrain-forest-floor
7,31,F,forest-floor,F,2,.,.,.,F,F,F,F,terrain-forest-floor
8,31,F,forest-floor,F,2,.,.,.,F,F,F,F,terrain-forest-floor
9,31,F,forest-floor,F,2,.,.,.,F,F,F,F,terrain-forest-floor
10,31,F,forest-floor,F,2,.,.,.,F,F,F,F,terrain-forest-floor
11,31,F,forest-floor,F,2,.,.,.,F,F,F,F,terrain-forest-floor
12,31,F,forest-floor,F,2,.,.,.,F,F,F,F,terrain-forest-floor
13,31,F,forest-floor,F,2,.,.,.,F,F,F,F,terrain-forest-floor
14,31,F,forest-floor,F,2,.,.,.,F,F,F,F,terrain-forest-floor
15,31,F,forest-floor,F,2,.,.,.,F,F,F,F,terrain-forest-floor
16,31,F,forest-floor,F,2,.,.,.,F,F,F,F,terrain-forest-floor
17,31,F,forest-floor,F,2,.,.,.,F,F,F,F,terrain-forest-floor
18,31,F,forest-floor,F,2,.,.,.,F,F,F,F,terrain-forest-floor
19,31,F,forest-floor,F,2,.,.,.,F,F,F,F,terrain-forest-floor
20,31,F,forest-floor,F,2,.,.,.,F,F,F,F,terrain-forest-floor
21,31,F,forest-floor,F,2,.,.,.,F,F,F,F,terrain-forest-floor
22,31,F,forest-floor,F,2,.,.,.,F,F,F,F,terrain-forest-floor
23,31,F,forest-floor,F,2,.,.,.,F,D,F,F,terrain-forest-floor
24,31,D,packed-dirt,F,2,.,N,.,F,D,D,F,terrain-packed-dirt
25,31,D,packed-dirt,F,2,.,N,.,D,D,D,D,terrain-packed-dirt
26,31,D,packed-dirt,F,2,.,N,.,D,F,D,D,terrain-packed-dirt
27,31,F,forest-floor,F,2,.,.,.,D,F,F,D,terrain-forest-floor
28,31,F,forest-floor,F,2,.,.,.,F,F,F,F,terrain-forest-floor
29,31,F,forest-floor,F,2,.,.,.,F,X,F,F,terrain-forest-floor
30,31,X,cliff-mountain,M,2,#,.,.,W,X,F,F,terrain-cliff-mountain
31,31,X,cliff-mountain,M,2,#,.,.,X,X,X,X,terrain-cliff-mountain
32,31,X,cliff-mountain,M,2,#,.,.,W,W,X,X,terrain-cliff-mountain
33,31,W,fresh-deep-water,L,2,#,.,.,F,F,X,X,terrain-fresh-water
34,31,F,forest-floor,F,2,.,.,.,F,F,F,W,terrain-forest-floor
35,31,F,forest-floor,F,2,.,.,.,F,F,F,F,terrain-forest-floor
36,31,F,forest-floor,F,2,.,.,.,F,G,F,F,terrain-forest-floor
37,31,G,lush-grass,P,1,.,.,.,G,G,F,F,terrain-lush-grass
38,31,G,lush-grass,P,1,.,.,.,G,G,G,G,terrain-lush-grass
39,31,G,lush-grass,P,1,.,.,.,G,G,G,G,terrain-lush-grass
40,31,G,lush-grass,P,1,.,.,.,G,G,G,G,terrain-lush-grass
41,31,G,lush-grass,P,1,.,.,.,G,G,G,G,terrain-lush-grass
42,31,G,lush-grass,P,1,.,.,.,G,G,G,G,terrain-lush-grass
43,31,G,lush-grass,P,1,.,.,.,G,G,G,G,terrain-lush-grass
44,31,G,lush-grass,P,1,.,.,.,G,G,G,G,terrain-lush-grass
45,31,G,lush-grass,P,1,.,.,.,G,G,G,G,terrain-lush-grass
46,31,G,lush-grass,P,1,.,.,.,G,G,G,G,terrain-lush-grass
47,31,G,lush-grass,P,1,.,.,.,D,D,G,G,terrain-lush-grass
48,31,D,packed-dirt,P,1,.,N,.,D,D,D,G,terrain-packed-dirt
49,31,D,packed-dirt,P,1,.,N,.,D,D,D,D,terrain-packed-dirt
50,31,D,packed-dirt,P,1,.,N,.,G,G,D,D,terrain-packed-dirt
51,31,G,lush-grass,P,1,.,.,.,G,G,G,D,terrain-lush-grass
52,31,G,lush-grass,P,1,.,.,.,G,G,G,G,terrain-lush-grass
53,31,G,lush-grass,P,1,.,.,.,G,G,G,G,terrain-lush-grass
54,31,G,lush-grass,P,1,.,.,.,G,G,G,G,terrain-lush-grass
55,31,G,lush-grass,P,1,.,.,.,G,W,W,G,terrain-lush-grass
56,31,W,fresh-deep-water,L,2,#,.,.,W,W,W,G,terrain-fresh-water
57,31,W,fresh-deep-water,L,2,#,.,.,W,W,W,W,terrain-fresh-water
58,31,W,fresh-deep-water,L,2,#,.,.,W,G,G,W,terrain-fresh-water
59,31,G,lush-grass,P,1,.,.,.,G,G,G,W,terrain-lush-grass
60,31,G,lush-grass,P,1,.,.,.,G,G,G,G,terrain-lush-grass
61,31,G,lush-grass,P,1,.,.,.,G,G,G,G,terrain-lush-grass
62,31,G,lush-grass,P,1,.,.,.,G,G,G,G,terrain-lush-grass
63,31,G,lush-grass,P,1,.,.,.,G,G,G,G,terrain-lush-grass
64,31,G,lush-grass,P,1,.,.,.,G,G,G,G,terrain-lush-grass
65,31,G,lush-grass,P,1,.,.,.,G,G,G,G,terrain-lush-grass
66,31,G,lush-grass,P,1,.,.,.,G,G,G,G,terrain-lush-grass
67,31,G,lush-grass,P,1,.,.,.,G,G,G,G,terrain-lush-grass
68,31,G,lush-grass,P,1,.,.,.,G,G,G,G,terrain-lush-grass
69,31,G,lush-grass,P,1,.,.,.,G,G,G,G,terrain-lush-grass
70,31,G,lush-grass,P,1,.,.,.,G,G,G,G,terrain-lush-grass
71,31,G,lush-grass,P,1,.,.,.,G,G,G,G,terrain-lush-grass
72,31,G,lush-grass,P,1,.,.,.,G,G,G,G,terrain-lush-grass
73,31,G,lush-grass,P,1,.,.,.,G,G,G,G,terrain-lush-grass
74,31,G,lush-grass,P,1,.,.,.,G,G,G,G,terrain-lush-grass
75,31,G,lush-grass,P,1,.,.,.,G,G,G,G,terrain-lush-grass
76,31,G,lush-grass,P,1,.,.,.,G,G,G,G,terrain-lush-grass
77,31,G,lush-grass,P,1,.,.,.,G,G,G,G,terrain-lush-grass
78,31,G,lush-grass,P,1,.,.,.,G,G,G,G,terrain-lush-grass
79,31,G,lush-grass,P,1,.,.,.,G,G,G,G,terrain-lush-grass
80,31,G,lush-grass,P,1,.,.,.,G,D,D,G,terrain-lush-grass
81,31,D,packed-dirt,P,1,.,.,B,G,D,D,G,terrain-packed-dirt
82,31,D,packed-dirt,P,1,.,.,B,D,D,D,D,terrain-packed-dirt
83,31,D,packed-dirt,P,1,.,.,B,D,D,D,D,terrain-packed-dirt
84,31,D,packed-dirt,P,1,.,.,B,D,D,D,D,terrain-packed-dirt
85,31,D,packed-dirt,P,1,.,.,B,D,D,D,D,terrain-packed-dirt
86,31,D,packed-dirt,P,1,.,.,B,D,D,D,D,terrain-packed-dirt
87,31,D,packed-dirt,P,1,.,.,B,D,D,D,D,terrain-packed-dirt
88,31,D,packed-dirt,P,1,.,.,B,D,D,D,D,terrain-packed-dirt
89,31,D,packed-dirt,P,1,.,.,B,D,D,D,D,terrain-packed-dirt
90,31,D,packed-dirt,P,1,.,.,B,D,D,D,D,terrain-packed-dirt
91,31,D,packed-dirt,P,1,.,.,B,D,D,D,D,terrain-packed-dirt
92,31,D,packed-dirt,P,1,.,.,B,D,D,D,D,terrain-packed-dirt
93,31,D,packed-dirt,P,1,.,.,B,g,g,D,D,terrain-packed-dirt
94,31,g,dry-grass,P,1,.,.,.,g,g,D,D,terrain-dry-grass
95,31,g,dry-grass,P,1,.,.,.,g,g,g,g,terrain-dry-grass
96,31,g,dry-grass,P,1,.,.,.,g,g,g,g,terrain-dry-grass
97,31,g,dry-grass,P,1,.,.,.,g,g,g,g,terrain-dry-grass
98,31,g,dry-grass,P,1,.,.,.,g,X,g,g,terrain-dry-grass
99,31,X,cliff-mountain,M,1,#,.,.,X,VOID,X,g,terrain-cliff-mountain
0,32,F,forest-floor,F,1,#,.,.,F,F,F,VOID,terrain-forest-floor
1,32,F,forest-floor,F,1,.,.,.,F,F,F,F,terrain-forest-floor
2,32,F,forest-floor,F,1,.,.,.,F,F,F,F,terrain-forest-floor
3,32,F,forest-floor,F,1,.,.,.,F,F,F,F,terrain-forest-floor
4,32,F,forest-floor,F,1,.,.,.,F,F,F,F,terrain-forest-floor
5,32,F,forest-floor,F,1,.,.,.,F,F,F,F,terrain-forest-floor
6,32,F,forest-floor,F,1,.,.,.,F,F,F,F,terrain-forest-floor
7,32,F,forest-floor,F,1,.,.,.,F,F,F,F,terrain-forest-floor
8,32,F,forest-floor,F,1,.,.,.,F,F,F,F,terrain-forest-floor
9,32,F,forest-floor,F,1,.,.,.,F,F,F,F,terrain-forest-floor
10,32,F,forest-floor,F,1,.,.,.,F,F,F,F,terrain-forest-floor
11,32,F,forest-floor,F,1,.,.,.,F,F,F,F,terrain-forest-floor
12,32,F,forest-floor,F,1,.,.,.,F,F,F,F,terrain-forest-floor
13,32,F,forest-floor,F,1,.,.,.,F,F,F,F,terrain-forest-floor
14,32,F,forest-floor,F,1,.,.,.,F,F,F,F,terrain-forest-floor
15,32,F,forest-floor,F,1,.,.,.,F,F,F,F,terrain-forest-floor
16,32,F,forest-floor,F,1,.,.,.,F,F,F,F,terrain-forest-floor
17,32,F,forest-floor,F,1,.,.,.,F,F,F,F,terrain-forest-floor
18,32,F,forest-floor,F,1,.,.,.,F,F,F,F,terrain-forest-floor
19,32,F,forest-floor,F,1,.,.,.,F,F,F,F,terrain-forest-floor
20,32,F,forest-floor,F,1,.,.,.,F,F,F,F,terrain-forest-floor
21,32,F,forest-floor,F,1,.,.,.,F,F,F,F,terrain-forest-floor
22,32,F,forest-floor,F,1,.,.,.,F,F,F,F,terrain-forest-floor
23,32,F,forest-floor,F,1,.,.,.,F,D,D,F,terrain-forest-floor
24,32,D,packed-dirt,F,1,.,N,.,D,D,D,F,terrain-packed-dirt
25,32,D,packed-dirt,F,1,.,N,.,D,D,D,D,terrain-packed-dirt
26,32,D,packed-dirt,F,1,.,N,.,D,F,F,D,terrain-packed-dirt
27,32,F,forest-floor,F,1,.,.,.,F,F,F,D,terrain-forest-floor
28,32,F,forest-floor,F,1,.,.,.,F,F,F,F,terrain-forest-floor
29,32,F,forest-floor,F,1,.,.,.,F,F,F,F,terrain-forest-floor
30,32,F,forest-floor,F,1,.,.,.,X,X,F,F,terrain-forest-floor
31,32,X,cliff-mountain,M,2,#,.,.,X,X,F,F,terrain-cliff-mountain
32,32,X,cliff-mountain,M,2,#,.,.,X,X,X,X,terrain-cliff-mountain
33,32,X,cliff-mountain,M,2,#,.,.,W,F,X,X,terrain-cliff-mountain
34,32,F,forest-floor,F,1,.,.,.,F,F,X,X,terrain-forest-floor
35,32,F,forest-floor,F,1,.,.,.,F,F,F,F,terrain-forest-floor
36,32,F,forest-floor,F,1,.,.,.,F,F,F,F,terrain-forest-floor
37,32,F,forest-floor,F,1,.,.,.,G,G,F,F,terrain-forest-floor
38,32,G,lush-grass,P,1,.,.,.,G,G,G,F,terrain-lush-grass
39,32,G,lush-grass,P,1,.,.,.,G,G,G,G,terrain-lush-grass
40,32,G,lush-grass,P,1,.,.,.,G,G,G,G,terrain-lush-grass
41,32,G,lush-grass,P,1,.,.,.,G,G,G,G,terrain-lush-grass
42,32,G,lush-grass,P,1,.,.,.,G,G,G,G,terrain-lush-grass
43,32,G,lush-grass,P,1,.,.,.,G,G,G,G,terrain-lush-grass
44,32,G,lush-grass,P,1,.,.,.,G,G,G,G,terrain-lush-grass
45,32,G,lush-grass,P,1,.,.,.,G,G,G,G,terrain-lush-grass
46,32,G,lush-grass,P,1,.,.,.,G,G,G,G,terrain-lush-grass
47,32,G,lush-grass,P,1,.,.,.,G,D,G,G,terrain-lush-grass
48,32,D,packed-dirt,P,1,.,N,.,D,D,G,G,terrain-packed-dirt
49,32,D,packed-dirt,P,1,.,N,.,D,D,D,D,terrain-packed-dirt
50,32,D,packed-dirt,P,1,.,N,.,D,G,D,D,terrain-packed-dirt
51,32,G,lush-grass,P,1,.,.,.,G,G,D,D,terrain-lush-grass
52,32,G,lush-grass,P,1,.,.,.,G,G,G,G,terrain-lush-grass
53,32,G,lush-grass,P,1,.,.,.,G,G,G,G,terrain-lush-grass
54,32,G,lush-grass,P,1,.,.,.,G,W,G,G,terrain-lush-grass
55,32,W,fresh-deep-water,L,2,#,.,.,G,W,W,G,terrain-fresh-water
56,32,W,fresh-deep-water,L,2,#,.,.,W,W,W,W,terrain-fresh-water
57,32,W,fresh-deep-water,L,2,#,.,.,W,G,W,W,terrain-fresh-water
58,32,G,lush-grass,P,1,.,.,.,W,G,G,W,terrain-lush-grass
59,32,G,lush-grass,P,1,.,.,.,G,G,G,G,terrain-lush-grass
60,32,G,lush-grass,P,1,.,.,.,G,G,G,G,terrain-lush-grass
61,32,G,lush-grass,P,1,.,.,.,G,G,G,G,terrain-lush-grass
62,32,G,lush-grass,P,1,.,.,.,G,G,G,G,terrain-lush-grass
63,32,G,lush-grass,P,1,.,.,.,G,G,G,G,terrain-lush-grass
64,32,G,lush-grass,P,1,.,.,.,G,G,G,G,terrain-lush-grass
65,32,G,lush-grass,P,1,.,.,.,G,G,G,G,terrain-lush-grass
66,32,G,lush-grass,P,1,.,.,.,G,G,G,G,terrain-lush-grass
67,32,G,lush-grass,P,1,.,.,.,G,G,G,G,terrain-lush-grass
68,32,G,lush-grass,P,1,.,.,.,G,G,G,G,terrain-lush-grass
69,32,G,lush-grass,P,1,.,.,.,G,G,G,G,terrain-lush-grass
70,32,G,lush-grass,P,1,.,.,.,G,G,G,G,terrain-lush-grass
71,32,G,lush-grass,P,1,.,.,.,G,G,G,G,terrain-lush-grass
72,32,G,lush-grass,P,1,.,.,.,G,G,G,G,terrain-lush-grass
73,32,G,lush-grass,P,1,.,.,.,G,G,G,G,terrain-lush-grass
74,32,G,lush-grass,P,1,.,.,.,G,G,G,G,terrain-lush-grass
75,32,G,lush-grass,P,1,.,.,.,G,G,G,G,terrain-lush-grass
76,32,G,lush-grass,P,1,.,.,.,G,G,G,G,terrain-lush-grass
77,32,G,lush-grass,P,1,.,.,.,G,G,G,G,terrain-lush-grass
78,32,G,lush-grass,P,1,.,.,.,G,G,G,G,terrain-lush-grass
79,32,G,lush-grass,P,1,.,.,.,G,D,G,G,terrain-lush-grass
80,32,D,packed-dirt,P,1,.,.,B,G,D,D,G,terrain-packed-dirt
81,32,D,packed-dirt,P,1,.,.,B,D,D,D,D,terrain-packed-dirt
82,32,D,packed-dirt,P,1,.,.,B,D,D,D,D,terrain-packed-dirt
83,32,D,packed-dirt,P,1,.,.,B,D,D,D,D,terrain-packed-dirt
84,32,D,packed-dirt,P,1,.,.,B,D,D,D,D,terrain-packed-dirt
85,32,D,packed-dirt,P,1,.,.,B,D,D,D,D,terrain-packed-dirt
86,32,D,packed-dirt,P,1,.,.,B,D,D,A,D,terrain-packed-dirt
87,32,D,packed-dirt,P,1,.,.,B,D,D,A,D,terrain-packed-dirt
88,32,D,packed-dirt,P,1,.,.,B,D,D,A,D,terrain-packed-dirt
89,32,D,packed-dirt,P,1,.,.,B,D,D,D,D,terrain-packed-dirt
90,32,D,packed-dirt,P,1,.,.,B,D,D,D,D,terrain-packed-dirt
91,32,D,packed-dirt,P,1,.,.,B,D,D,D,D,terrain-packed-dirt
92,32,D,packed-dirt,P,1,.,.,B,D,D,D,D,terrain-packed-dirt
93,32,D,packed-dirt,P,1,.,.,B,D,D,D,D,terrain-packed-dirt
94,32,D,packed-dirt,P,1,.,.,B,g,g,D,D,terrain-packed-dirt
95,32,g,dry-grass,P,1,.,.,.,g,g,g,D,terrain-dry-grass
96,32,g,dry-grass,P,1,.,.,.,g,g,g,g,terrain-dry-grass
97,32,g,dry-grass,P,1,.,.,.,g,g,g,g,terrain-dry-grass
98,32,g,dry-grass,P,1,.,.,.,g,X,g,g,terrain-dry-grass
99,32,X,cliff-mountain,M,1,#,.,.,X,VOID,X,g,terrain-cliff-mountain
0,33,F,forest-floor,F,1,#,.,.,F,F,F,VOID,terrain-forest-floor
1,33,F,forest-floor,F,1,.,.,.,F,F,F,F,terrain-forest-floor
2,33,F,forest-floor,F,1,.,.,.,F,F,F,F,terrain-forest-floor
3,33,F,forest-floor,F,1,.,.,.,F,F,F,F,terrain-forest-floor
4,33,F,forest-floor,F,1,.,.,.,F,F,F,F,terrain-forest-floor
5,33,F,forest-floor,F,1,.,.,.,F,F,F,F,terrain-forest-floor
6,33,F,forest-floor,F,1,.,.,.,F,F,F,F,terrain-forest-floor
7,33,F,forest-floor,F,1,.,.,.,F,F,F,F,terrain-forest-floor
8,33,F,forest-floor,F,1,.,.,.,F,F,F,F,terrain-forest-floor
9,33,F,forest-floor,F,1,.,.,.,F,F,F,F,terrain-forest-floor
10,33,F,forest-floor,F,1,.,.,.,F,F,F,F,terrain-forest-floor
11,33,F,forest-floor,F,1,.,.,.,F,F,F,F,terrain-forest-floor
12,33,F,forest-floor,F,1,.,.,.,F,F,F,F,terrain-forest-floor
13,33,F,forest-floor,F,1,.,.,.,F,F,F,F,terrain-forest-floor
14,33,F,forest-floor,F,1,.,.,.,F,F,F,F,terrain-forest-floor
15,33,F,forest-floor,F,1,.,.,.,F,F,F,F,terrain-forest-floor
16,33,F,forest-floor,F,1,.,.,.,F,F,F,F,terrain-forest-floor
17,33,F,forest-floor,F,1,.,.,.,F,F,F,F,terrain-forest-floor
18,33,F,forest-floor,F,1,.,.,.,F,F,F,F,terrain-forest-floor
19,33,F,forest-floor,F,1,.,.,.,F,F,F,F,terrain-forest-floor
20,33,F,forest-floor,F,1,.,.,F,F,F,F,F,terrain-forest-floor
21,33,F,forest-floor,F,1,.,.,.,F,F,F,F,terrain-forest-floor
22,33,F,forest-floor,F,1,.,.,.,F,D,D,F,terrain-forest-floor
23,33,D,packed-dirt,F,1,.,N,.,F,D,D,F,terrain-packed-dirt
24,33,D,packed-dirt,F,1,.,N,.,D,D,D,D,terrain-packed-dirt
25,33,D,packed-dirt,F,1,.,N,.,D,F,F,D,terrain-packed-dirt
26,33,F,forest-floor,F,1,.,.,.,D,F,F,D,terrain-forest-floor
27,33,F,forest-floor,F,1,.,.,.,F,F,F,F,terrain-forest-floor
28,33,F,forest-floor,F,1,.,.,.,F,F,F,F,terrain-forest-floor
29,33,F,forest-floor,F,1,.,.,.,F,F,F,F,terrain-forest-floor
30,33,F,forest-floor,F,1,.,.,.,F,F,F,F,terrain-forest-floor
31,33,F,forest-floor,F,1,.,.,.,X,X,F,F,terrain-forest-floor
32,33,X,cliff-mountain,M,2,#,.,.,X,X,W,F,terrain-cliff-mountain
33,33,X,cliff-mountain,M,2,#,.,.,X,X,X,X,terrain-cliff-mountain
34,33,X,cliff-mountain,M,2,#,.,.,F,F,X,X,terrain-cliff-mountain
35,33,F,forest-floor,F,1,.,.,.,F,F,X,X,terrain-forest-floor
36,33,F,forest-floor,F,1,.,.,.,F,F,F,F,terrain-forest-floor
37,33,F,forest-floor,F,1,.,.,.,F,G,g,F,terrain-forest-floor
38,33,G,lush-grass,P,1,.,.,.,G,G,G,F,terrain-lush-grass
39,33,G,lush-grass,P,1,.,.,.,G,G,G,G,terrain-lush-grass
40,33,G,lush-grass,P,1,.,.,.,G,G,G,G,terrain-lush-grass
41,33,G,lush-grass,P,1,.,.,.,G,G,G,G,terrain-lush-grass
42,33,G,lush-grass,P,1,.,.,.,G,G,G,G,terrain-lush-grass
43,33,G,lush-grass,P,1,.,.,.,G,G,G,G,terrain-lush-grass
44,33,G,lush-grass,P,1,.,.,.,G,G,G,G,terrain-lush-grass
45,33,G,lush-grass,P,1,.,.,.,G,G,G,G,terrain-lush-grass
46,33,G,lush-grass,P,1,.,.,.,G,G,G,G,terrain-lush-grass
47,33,G,lush-grass,P,1,.,.,.,G,G,G,G,terrain-lush-grass
48,33,G,lush-grass,P,1,.,.,.,D,D,G,G,terrain-lush-grass
49,33,D,packed-dirt,P,1,.,N,.,D,D,D,G,terrain-packed-dirt
50,33,D,packed-dirt,P,1,.,N,.,D,D,D,D,terrain-packed-dirt
51,33,D,packed-dirt,P,1,.,N,.,G,G,D,D,terrain-packed-dirt
52,33,G,lush-grass,P,1,.,.,.,G,G,G,D,terrain-lush-grass
53,33,G,lush-grass,P,1,.,.,.,G,G,G,G,terrain-lush-grass
54,33,G,lush-grass,P,1,.,.,.,G,W,G,G,terrain-lush-grass
55,33,W,fresh-deep-water,L,1,#,.,.,W,W,W,G,terrain-fresh-water
56,33,W,fresh-deep-water,L,1,#,.,.,W,W,W,W,terrain-fresh-water
57,33,W,fresh-deep-water,L,1,#,.,.,W,G,W,W,terrain-fresh-water
58,33,G,lush-grass,P,1,.,.,.,G,G,G,W,terrain-lush-grass
59,33,G,lush-grass,P,1,.,.,.,G,G,G,G,terrain-lush-grass
60,33,G,lush-grass,P,1,.,.,.,G,G,G,G,terrain-lush-grass
61,33,G,lush-grass,P,1,.,.,.,G,G,G,G,terrain-lush-grass
62,33,G,lush-grass,P,1,.,.,.,G,G,G,G,terrain-lush-grass
63,33,G,lush-grass,P,1,.,.,.,G,G,G,G,terrain-lush-grass
64,33,G,lush-grass,P,1,.,.,.,G,G,G,G,terrain-lush-grass
65,33,G,lush-grass,P,1,.,.,.,G,G,G,G,terrain-lush-grass
66,33,G,lush-grass,P,1,.,.,.,G,G,G,G,terrain-lush-grass
67,33,G,lush-grass,P,1,.,.,.,G,G,G,G,terrain-lush-grass
68,33,G,lush-grass,P,1,.,.,.,G,G,G,G,terrain-lush-grass
69,33,G,lush-grass,P,1,.,.,.,G,G,G,G,terrain-lush-grass
70,33,G,lush-grass,P,1,.,.,.,G,G,G,G,terrain-lush-grass
71,33,G,lush-grass,P,1,.,.,.,G,G,G,G,terrain-lush-grass
72,33,G,lush-grass,P,1,.,.,.,G,G,G,G,terrain-lush-grass
73,33,G,lush-grass,P,1,.,.,.,G,G,G,G,terrain-lush-grass
74,33,G,lush-grass,P,1,.,.,.,G,G,G,G,terrain-lush-grass
75,33,G,lush-grass,P,1,.,.,.,G,G,G,G,terrain-lush-grass
76,33,G,lush-grass,P,1,.,.,.,G,G,G,G,terrain-lush-grass
77,33,G,lush-grass,P,1,.,.,.,G,G,G,G,terrain-lush-grass
78,33,G,lush-grass,P,1,.,.,.,G,G,G,G,terrain-lush-grass
79,33,G,lush-grass,P,1,.,.,.,G,D,G,G,terrain-lush-grass
80,33,D,packed-dirt,P,1,.,.,B,D,D,D,G,terrain-packed-dirt
81,33,D,packed-dirt,P,1,.,.,B,D,D,D,D,terrain-packed-dirt
82,33,D,packed-dirt,P,1,.,.,B,D,D,D,D,terrain-packed-dirt
83,33,D,packed-dirt,P,1,.,.,B,D,D,D,D,terrain-packed-dirt
84,33,D,packed-dirt,P,1,.,.,B,D,D,D,D,terrain-packed-dirt
85,33,D,packed-dirt,P,1,.,.,B,D,A,A,D,terrain-packed-dirt
86,33,A,cracked-asphalt,P,1,.,M,B,D,A,A,D,terrain-cracked-asphalt
87,33,A,cracked-asphalt,P,1,.,M,B,D,A,A,A,terrain-cracked-asphalt
88,33,A,cracked-asphalt,P,1,.,M,B,D,D,A,A,terrain-cracked-asphalt
89,33,D,packed-dirt,P,1,.,.,B,D,D,A,A,terrain-packed-dirt
90,33,D,packed-dirt,P,1,.,.,B,D,D,A,D,terrain-packed-dirt
91,33,D,packed-dirt,P,1,.,.,B,D,D,D,D,terrain-packed-dirt
92,33,D,packed-dirt,P,1,.,.,B,D,D,D,D,terrain-packed-dirt
93,33,D,packed-dirt,P,1,.,.,B,D,D,D,D,terrain-packed-dirt
94,33,D,packed-dirt,P,1,.,.,B,D,g,D,D,terrain-packed-dirt
95,33,g,dry-grass,P,1,.,.,.,g,g,g,D,terrain-dry-grass
96,33,g,dry-grass,P,1,.,.,.,g,g,g,g,terrain-dry-grass
97,33,g,dry-grass,P,1,.,.,.,g,g,g,g,terrain-dry-grass
98,33,g,dry-grass,P,1,.,.,.,g,X,g,g,terrain-dry-grass
99,33,X,cliff-mountain,M,1,#,.,.,X,VOID,X,g,terrain-cliff-mountain
0,34,F,forest-floor,F,1,#,.,.,F,F,F,VOID,terrain-forest-floor
1,34,F,forest-floor,F,1,.,.,.,F,F,F,F,terrain-forest-floor
2,34,F,forest-floor,F,1,.,.,.,F,F,F,F,terrain-forest-floor
3,34,F,forest-floor,F,1,.,.,.,F,F,F,F,terrain-forest-floor
4,34,F,forest-floor,F,1,.,.,.,F,F,F,F,terrain-forest-floor
5,34,F,forest-floor,F,1,.,.,.,F,F,F,F,terrain-forest-floor
6,34,F,forest-floor,F,1,.,.,.,F,F,F,F,terrain-forest-floor
7,34,F,forest-floor,F,1,.,.,.,F,F,F,F,terrain-forest-floor
8,34,F,forest-floor,F,1,.,.,.,F,F,F,F,terrain-forest-floor
9,34,F,forest-floor,F,1,.,.,.,F,F,F,F,terrain-forest-floor
10,34,F,forest-floor,F,1,.,.,.,F,F,F,F,terrain-forest-floor
11,34,F,forest-floor,F,1,.,.,.,F,F,F,F,terrain-forest-floor
12,34,F,forest-floor,F,1,.,.,.,F,F,F,F,terrain-forest-floor
13,34,F,forest-floor,F,1,.,.,.,F,F,F,F,terrain-forest-floor
14,34,F,forest-floor,F,1,.,.,.,F,F,F,F,terrain-forest-floor
15,34,F,forest-floor,F,1,.,.,.,F,F,F,F,terrain-forest-floor
16,34,F,forest-floor,F,1,.,.,.,F,F,F,F,terrain-forest-floor
17,34,F,forest-floor,F,1,.,.,F,F,F,F,F,terrain-forest-floor
18,34,F,forest-floor,F,1,.,.,F,F,F,F,F,terrain-forest-floor
19,34,F,forest-floor,F,1,.,.,F,F,F,F,F,terrain-forest-floor
20,34,F,forest-floor,F,1,.,.,F,F,F,F,F,terrain-forest-floor
21,34,F,forest-floor,F,1,.,.,F,F,D,D,F,terrain-forest-floor
22,34,D,packed-dirt,F,1,.,N,F,F,D,D,F,terrain-packed-dirt
23,34,D,packed-dirt,F,1,.,N,F,D,D,D,D,terrain-packed-dirt
24,34,D,packed-dirt,F,1,.,N,.,D,F,F,D,terrain-packed-dirt
25,34,F,forest-floor,F,1,.,.,.,D,F,F,D,terrain-forest-floor
26,34,F,forest-floor,F,1,.,.,.,F,F,F,F,terrain-forest-floor
27,34,F,forest-floor,F,1,.,.,.,F,F,F,F,terrain-forest-floor
28,34,F,forest-floor,F,1,.,.,.,F,F,F,F,terrain-forest-floor
29,34,F,forest-floor,F,1,.,.,.,F,F,F,F,terrain-forest-floor
30,34,F,forest-floor,F,1,.,.,.,F,F,F,F,terrain-forest-floor
31,34,F,forest-floor,F,1,.,.,.,F,W,F,F,terrain-forest-floor
32,34,W,fresh-deep-water,L,1,#,.,.,X,X,W,F,terrain-fresh-water
33,34,X,cliff-mountain,M,1,#,.,.,X,X,W,W,terrain-cliff-mountain
34,34,X,cliff-mountain,M,1,#,.,.,X,X,X,X,terrain-cliff-mountain
35,34,X,cliff-mountain,M,1,#,.,.,F,F,X,X,terrain-cliff-mountain
36,34,F,forest-floor,F,1,.,.,.,F,g,X,X,terrain-forest-floor
37,34,g,dry-grass,P,1,.,.,.,F,G,g,F,terrain-dry-grass
38,34,G,lush-grass,P,1,.,.,.,G,G,G,g,terrain-lush-grass
39,34,G,lush-grass,P,1,.,.,.,G,G,G,G,terrain-lush-grass
40,34,G,lush-grass,P,1,.,.,.,G,G,G,G,terrain-lush-grass
41,34,G,lush-grass,P,1,.,.,.,G,G,G,G,terrain-lush-grass
42,34,G,lush-grass,P,1,.,.,.,G,G,G,G,terrain-lush-grass
43,34,G,lush-grass,P,1,.,.,.,G,G,G,G,terrain-lush-grass
44,34,G,lush-grass,P,1,.,.,.,G,G,G,G,terrain-lush-grass
45,34,G,lush-grass,P,1,.,.,.,G,G,G,G,terrain-lush-grass
46,34,G,lush-grass,P,1,.,.,.,G,G,G,G,terrain-lush-grass
47,34,G,lush-grass,P,1,.,.,.,G,G,G,G,terrain-lush-grass
48,34,G,lush-grass,P,1,.,.,.,G,D,G,G,terrain-lush-grass
49,34,D,packed-dirt,P,1,.,N,.,D,D,G,G,terrain-packed-dirt
50,34,D,packed-dirt,P,1,.,N,.,D,D,D,D,terrain-packed-dirt
51,34,D,packed-dirt,P,1,.,N,.,D,G,D,D,terrain-packed-dirt
52,34,G,lush-grass,P,1,.,.,.,G,G,D,D,terrain-lush-grass
53,34,G,lush-grass,P,1,.,.,.,G,G,G,G,terrain-lush-grass
54,34,G,lush-grass,P,1,.,.,.,G,W,W,G,terrain-lush-grass
55,34,W,fresh-deep-water,L,1,#,.,.,W,W,W,G,terrain-fresh-water
56,34,W,fresh-deep-water,L,1,#,.,.,W,W,W,W,terrain-fresh-water
57,34,W,fresh-deep-water,L,1,#,.,.,W,G,G,W,terrain-fresh-water
58,34,G,lush-grass,P,1,.,.,.,G,G,G,W,terrain-lush-grass
59,34,G,lush-grass,P,1,.,.,.,G,G,G,G,terrain-lush-grass
60,34,G,lush-grass,P,1,.,.,.,G,G,G,G,terrain-lush-grass
61,34,G,lush-grass,P,1,.,.,.,G,G,G,G,terrain-lush-grass
62,34,G,lush-grass,P,1,.,.,.,G,G,G,G,terrain-lush-grass
63,34,G,lush-grass,P,1,.,.,.,G,G,G,G,terrain-lush-grass
64,34,G,lush-grass,P,1,.,.,.,G,G,G,G,terrain-lush-grass
65,34,G,lush-grass,P,1,.,.,.,G,G,G,G,terrain-lush-grass
66,34,G,lush-grass,P,1,.,.,.,G,G,G,G,terrain-lush-grass
67,34,G,lush-grass,P,1,.,.,.,G,G,G,G,terrain-lush-grass
68,34,G,lush-grass,P,1,.,.,.,G,G,G,G,terrain-lush-grass
69,34,G,lush-grass,P,1,.,.,.,G,G,G,G,terrain-lush-grass
70,34,G,lush-grass,P,1,.,.,.,G,G,G,G,terrain-lush-grass
71,34,G,lush-grass,P,1,.,.,.,G,G,G,G,terrain-lush-grass
72,34,G,lush-grass,P,1,.,.,.,G,G,G,G,terrain-lush-grass
73,34,G,lush-grass,P,1,.,.,.,G,G,G,G,terrain-lush-grass
74,34,G,lush-grass,P,1,.,.,.,G,G,G,G,terrain-lush-grass
75,34,G,lush-grass,P,1,.,.,.,G,G,G,G,terrain-lush-grass
76,34,G,lush-grass,P,1,.,.,.,G,G,G,G,terrain-lush-grass
77,34,G,lush-grass,P,1,.,.,.,G,G,G,G,terrain-lush-grass
78,34,G,lush-grass,P,1,.,.,.,G,G,G,G,terrain-lush-grass
79,34,G,lush-grass,P,1,.,.,.,G,D,D,G,terrain-lush-grass
80,34,D,packed-dirt,P,1,.,.,B,D,D,D,G,terrain-packed-dirt
81,34,D,packed-dirt,P,1,.,.,B,D,D,D,D,terrain-packed-dirt
82,34,D,packed-dirt,P,1,.,.,B,D,D,D,D,terrain-packed-dirt
83,34,D,packed-dirt,P,1,.,.,B,D,D,D,D,terrain-packed-dirt
84,34,D,packed-dirt,P,1,.,.,B,D,A,D,D,terrain-packed-dirt
85,34,A,cracked-asphalt,P,1,.,M,B,D,A,A,D,terrain-cracked-asphalt
86,34,A,cracked-asphalt,P,1,.,M,B,A,A,A,A,terrain-cracked-asphalt
87,34,A,cracked-asphalt,P,1,.,M,B,A,A,A,A,terrain-cracked-asphalt
88,34,A,cracked-asphalt,P,1,.,M,B,A,A,A,A,terrain-cracked-asphalt
89,34,A,cracked-asphalt,P,1,.,M,B,D,A,A,A,terrain-cracked-asphalt
90,34,A,cracked-asphalt,P,1,.,M,B,D,D,A,A,terrain-cracked-asphalt
91,34,D,packed-dirt,P,1,.,.,B,D,D,A,A,terrain-packed-dirt
92,34,D,packed-dirt,P,1,.,.,B,D,D,D,D,terrain-packed-dirt
93,34,D,packed-dirt,P,1,.,.,B,D,D,D,D,terrain-packed-dirt
94,34,D,packed-dirt,P,1,.,.,B,D,g,D,D,terrain-packed-dirt
95,34,g,dry-grass,P,1,.,.,.,g,g,D,D,terrain-dry-grass
96,34,g,dry-grass,P,1,.,.,.,g,g,g,g,terrain-dry-grass
97,34,g,dry-grass,P,1,.,.,.,g,g,g,g,terrain-dry-grass
98,34,g,dry-grass,P,1,.,.,.,g,X,g,g,terrain-dry-grass
99,34,X,cliff-mountain,M,1,#,.,.,X,VOID,X,g,terrain-cliff-mountain
0,35,F,forest-floor,F,1,#,.,.,F,F,F,VOID,terrain-forest-floor
1,35,F,forest-floor,F,1,.,.,.,F,F,F,F,terrain-forest-floor
2,35,F,forest-floor,F,1,.,.,.,F,F,F,F,terrain-forest-floor
3,35,F,forest-floor,F,1,.,.,.,F,F,F,F,terrain-forest-floor
4,35,F,forest-floor,F,1,.,.,.,F,F,F,F,terrain-forest-floor
5,35,F,forest-floor,F,1,.,.,.,F,F,F,F,terrain-forest-floor
6,35,F,forest-floor,F,1,.,.,.,F,F,F,F,terrain-forest-floor
7,35,F,forest-floor,F,1,.,.,.,F,F,F,F,terrain-forest-floor
8,35,F,forest-floor,F,1,.,.,.,F,F,F,F,terrain-forest-floor
9,35,F,forest-floor,F,1,.,.,.,F,F,F,F,terrain-forest-floor
10,35,F,forest-floor,F,1,.,.,.,F,F,F,F,terrain-forest-floor
11,35,F,forest-floor,F,1,.,.,.,F,F,F,F,terrain-forest-floor
12,35,F,forest-floor,F,1,.,.,.,F,F,F,F,terrain-forest-floor
13,35,F,forest-floor,F,1,.,.,.,F,F,F,F,terrain-forest-floor
14,35,F,forest-floor,F,1,.,.,.,F,F,F,F,terrain-forest-floor
15,35,F,forest-floor,F,1,.,.,.,F,F,F,F,terrain-forest-floor
16,35,F,forest-floor,F,1,.,.,F,F,F,F,F,terrain-forest-floor
17,35,F,forest-floor,F,1,.,.,F,F,F,F,F,terrain-forest-floor
18,35,F,forest-floor,F,1,.,.,F,F,F,F,F,terrain-forest-floor
19,35,F,forest-floor,F,1,.,.,F,F,F,F,F,terrain-forest-floor
20,35,F,forest-floor,F,1,.,.,F,F,D,F,F,terrain-forest-floor
21,35,D,packed-dirt,F,1,.,N,F,F,D,D,F,terrain-packed-dirt
22,35,D,packed-dirt,F,1,.,N,F,D,D,D,D,terrain-packed-dirt
23,35,D,packed-dirt,F,1,.,N,F,D,F,D,D,terrain-packed-dirt
24,35,F,forest-floor,F,1,.,.,F,D,F,F,D,terrain-forest-floor
25,35,F,forest-floor,F,1,.,.,.,F,F,F,F,terrain-forest-floor
26,35,F,forest-floor,F,1,.,.,.,F,F,F,F,terrain-forest-floor
27,35,F,forest-floor,F,1,.,.,.,F,F,F,F,terrain-forest-floor
28,35,F,forest-floor,F,1,.,.,.,F,F,F,F,terrain-forest-floor
29,35,F,forest-floor,F,1,.,.,.,F,F,F,F,terrain-forest-floor
30,35,F,forest-floor,F,1,.,.,.,F,F,F,F,terrain-forest-floor
31,35,F,forest-floor,F,1,.,.,.,F,W,F,F,terrain-forest-floor
32,35,W,fresh-deep-water,L,1,#,.,.,W,W,F,F,terrain-fresh-water
33,35,W,fresh-deep-water,L,1,#,.,.,X,X,W,W,terrain-fresh-water
34,35,X,cliff-mountain,M,1,#,.,.,X,X,X,W,terrain-cliff-mountain
35,35,X,cliff-mountain,M,1,#,.,.,X,X,X,X,terrain-cliff-mountain
36,35,X,cliff-mountain,M,1,#,.,.,F,g,X,X,terrain-cliff-mountain
37,35,g,dry-grass,P,1,.,.,.,g,G,g,X,terrain-dry-grass
38,35,G,lush-grass,P,1,.,.,.,G,G,g,g,terrain-lush-grass
39,35,G,lush-grass,P,1,.,.,.,G,G,G,G,terrain-lush-grass
40,35,G,lush-grass,P,1,.,.,.,G,G,G,G,terrain-lush-grass
41,35,G,lush-grass,P,1,.,.,.,G,G,G,G,terrain-lush-grass
42,35,G,lush-grass,P,1,.,.,.,G,G,G,G,terrain-lush-grass
43,35,G,lush-grass,P,1,.,.,.,G,G,G,G,terrain-lush-grass
44,35,G,lush-grass,P,1,.,.,.,G,G,G,G,terrain-lush-grass
45,35,G,lush-grass,P,1,.,.,.,G,G,G,G,terrain-lush-grass
46,35,G,lush-grass,P,1,.,.,.,G,G,G,G,terrain-lush-grass
47,35,G,lush-grass,P,1,.,.,.,G,G,G,G,terrain-lush-grass
48,35,G,lush-grass,P,1,.,.,.,G,G,G,G,terrain-lush-grass
49,35,G,lush-grass,P,1,.,.,.,D,D,G,G,terrain-lush-grass
50,35,D,packed-dirt,P,1,.,N,.,D,D,D,G,terrain-packed-dirt
51,35,D,packed-dirt,P,1,.,N,.,D,D,D,D,terrain-packed-dirt
52,35,D,packed-dirt,P,1,.,N,.,G,G,D,D,terrain-packed-dirt
53,35,G,lush-grass,P,1,.,.,.,G,W,G,D,terrain-lush-grass
54,35,W,fresh-deep-water,L,1,#,.,.,G,W,W,G,terrain-fresh-water
55,35,W,fresh-deep-water,L,1,#,.,.,W,W,W,W,terrain-fresh-water
56,35,W,fresh-deep-water,L,1,#,.,.,W,G,W,W,terrain-fresh-water
57,35,G,lush-grass,P,1,.,.,.,W,G,G,W,terrain-lush-grass
58,35,G,lush-grass,P,1,.,.,.,G,G,G,G,terrain-lush-grass
59,35,G,lush-grass,P,1,.,.,.,G,G,G,G,terrain-lush-grass
60,35,G,lush-grass,P,1,.,.,.,G,G,G,G,terrain-lush-grass
61,35,G,lush-grass,P,1,.,.,.,G,G,G,G,terrain-lush-grass
62,35,G,lush-grass,P,1,.,.,.,G,G,G,G,terrain-lush-grass
63,35,G,lush-grass,P,1,.,.,.,G,G,G,G,terrain-lush-grass
64,35,G,lush-grass,P,1,.,.,.,G,G,G,G,terrain-lush-grass
65,35,G,lush-grass,P,1,.,.,.,G,G,G,G,terrain-lush-grass
66,35,G,lush-grass,P,1,.,.,.,G,G,G,G,terrain-lush-grass
67,35,G,lush-grass,P,1,.,.,.,G,G,G,G,terrain-lush-grass
68,35,G,lush-grass,P,1,.,.,.,G,G,G,G,terrain-lush-grass
69,35,G,lush-grass,P,1,.,.,.,G,G,G,G,terrain-lush-grass
70,35,G,lush-grass,P,1,.,.,.,G,G,G,G,terrain-lush-grass
71,35,G,lush-grass,P,1,.,.,.,G,G,g,G,terrain-lush-grass
72,35,G,lush-grass,P,1,.,.,.,G,G,g,G,terrain-lush-grass
73,35,G,lush-grass,P,1,.,.,.,G,G,g,G,terrain-lush-grass
74,35,G,lush-grass,P,1,.,.,.,G,G,g,G,terrain-lush-grass
75,35,G,lush-grass,P,1,.,.,.,G,G,g,G,terrain-lush-grass
76,35,G,lush-grass,P,1,.,.,.,G,G,g,G,terrain-lush-grass
77,35,G,lush-grass,P,1,.,.,.,G,G,g,G,terrain-lush-grass
78,35,G,lush-grass,P,1,.,.,.,G,D,g,G,terrain-lush-grass
79,35,D,packed-dirt,P,1,.,.,B,G,D,g,G,terrain-packed-dirt
80,35,D,packed-dirt,T,1,.,.,B,D,D,D,D,terrain-packed-dirt
81,35,D,packed-dirt,T,1,.,.,B,D,D,D,D,terrain-packed-dirt
82,35,D,packed-dirt,T,1,.,.,B,D,D,D,D,terrain-packed-dirt
83,35,D,packed-dirt,T,1,.,.,B,D,D,D,D,terrain-packed-dirt
84,35,D,packed-dirt,P,1,.,M,B,D,A,D,D,terrain-packed-dirt
85,35,A,cracked-asphalt,P,1,.,M,B,A,A,A,D,terrain-cracked-asphalt
86,35,A,cracked-asphalt,P,1,.,M,B,A,A,A,A,terrain-cracked-asphalt
87,35,A,cracked-asphalt,P,1,.,M,B,A,A,A,A,terrain-cracked-asphalt
88,35,A,cracked-asphalt,P,1,.,M,B,A,A,A,A,terrain-cracked-asphalt
89,35,A,cracked-asphalt,P,1,.,M,B,A,A,A,A,terrain-cracked-asphalt
90,35,A,cracked-asphalt,P,1,.,M,B,A,A,A,A,terrain-cracked-asphalt
91,35,A,cracked-asphalt,P,1,.,M,B,D,D,A,A,terrain-cracked-asphalt
92,35,D,packed-dirt,P,1,.,.,B,D,D,A,A,terrain-packed-dirt
93,35,D,packed-dirt,P,1,.,.,B,D,D,A,D,terrain-packed-dirt
94,35,D,packed-dirt,P,1,.,.,B,D,D,D,D,terrain-packed-dirt
95,35,D,packed-dirt,P,1,.,.,B,g,g,g,D,terrain-packed-dirt
96,35,g,dry-grass,P,1,.,.,.,g,g,g,D,terrain-dry-grass
97,35,g,dry-grass,P,1,.,.,.,g,g,g,g,terrain-dry-grass
98,35,g,dry-grass,P,1,.,.,.,g,X,g,g,terrain-dry-grass
99,35,X,cliff-mountain,M,1,#,.,.,X,VOID,X,g,terrain-cliff-mountain
0,36,F,forest-floor,F,1,#,.,.,F,F,F,VOID,terrain-forest-floor
1,36,F,forest-floor,F,1,.,.,.,F,F,F,F,terrain-forest-floor
2,36,F,forest-floor,F,1,.,.,.,F,F,F,F,terrain-forest-floor
3,36,F,forest-floor,F,1,.,.,.,F,F,F,F,terrain-forest-floor
4,36,F,forest-floor,F,1,.,.,.,F,F,F,F,terrain-forest-floor
5,36,F,forest-floor,F,1,.,.,.,F,F,F,F,terrain-forest-floor
6,36,F,forest-floor,F,1,.,.,.,F,F,F,F,terrain-forest-floor
7,36,F,forest-floor,F,1,.,.,.,F,F,F,F,terrain-forest-floor
8,36,F,forest-floor,F,1,.,.,.,F,F,F,F,terrain-forest-floor
9,36,F,forest-floor,F,1,.,.,.,F,F,F,F,terrain-forest-floor
10,36,F,forest-floor,F,1,.,.,.,F,F,F,F,terrain-forest-floor
11,36,F,forest-floor,F,1,.,.,.,F,F,F,F,terrain-forest-floor
12,36,F,forest-floor,F,1,.,.,.,F,F,F,F,terrain-forest-floor
13,36,F,forest-floor,F,1,.,.,.,F,F,F,F,terrain-forest-floor
14,36,F,forest-floor,F,1,.,.,.,F,F,F,F,terrain-forest-floor
15,36,F,forest-floor,F,1,.,.,.,F,F,F,F,terrain-forest-floor
16,36,F,forest-floor,F,1,.,.,F,F,F,F,F,terrain-forest-floor
17,36,F,forest-floor,F,1,.,.,F,F,F,F,F,terrain-forest-floor
18,36,F,forest-floor,F,1,.,.,F,F,F,F,F,terrain-forest-floor
19,36,F,forest-floor,F,1,.,.,F,F,F,F,F,terrain-forest-floor
20,36,F,forest-floor,F,1,.,.,F,F,D,D,F,terrain-forest-floor
21,36,D,packed-dirt,F,1,.,N,F,D,D,D,F,terrain-packed-dirt
22,36,D,packed-dirt,F,1,.,N,F,D,D,D,D,terrain-packed-dirt
23,36,D,packed-dirt,F,1,.,N,F,D,F,F,D,terrain-packed-dirt
24,36,F,forest-floor,F,1,.,.,F,F,F,F,D,terrain-forest-floor
25,36,F,forest-floor,F,1,.,.,.,F,F,F,F,terrain-forest-floor
26,36,F,forest-floor,F,1,.,.,.,F,F,F,F,terrain-forest-floor
27,36,F,forest-floor,F,1,.,.,.,F,F,F,F,terrain-forest-floor
28,36,F,forest-floor,F,1,.,.,.,F,F,F,F,terrain-forest-floor
29,36,F,forest-floor,F,1,.,.,.,F,F,F,F,terrain-forest-floor
30,36,F,forest-floor,F,1,.,.,.,F,F,F,F,terrain-forest-floor
31,36,F,forest-floor,F,1,.,.,.,F,F,F,F,terrain-forest-floor
32,36,F,forest-floor,F,1,.,.,.,W,W,F,F,terrain-forest-floor
33,36,W,fresh-deep-water,L,1,#,.,.,W,X,H,F,terrain-fresh-water
34,36,X,cliff-mountain,M,1,#,.,.,X,X,H,W,terrain-cliff-mountain
35,36,X,cliff-mountain,M,1,#,.,.,X,X,H,X,terrain-cliff-mountain
36,36,X,cliff-mountain,M,1,#,.,.,X,g,H,X,terrain-cliff-mountain
37,36,g,dry-grass,P,1,.,.,.,g,g,H,X,terrain-dry-grass
38,36,g,dry-grass,P,1,.,.,.,G,G,g,g,terrain-dry-grass
39,36,G,lush-grass,P,1,.,.,.,G,G,G,g,terrain-lush-grass
40,36,G,lush-grass,P,1,.,.,.,G,G,G,G,terrain-lush-grass
41,36,G,lush-grass,P,1,.,.,.,G,G,G,G,terrain-lush-grass
42,36,G,lush-grass,P,1,.,.,.,G,G,G,G,terrain-lush-grass
43,36,G,lush-grass,P,1,.,.,.,G,G,G,G,terrain-lush-grass
44,36,G,lush-grass,P,1,.,.,.,G,G,G,G,terrain-lush-grass
45,36,G,lush-grass,P,1,.,.,.,G,G,G,G,terrain-lush-grass
46,36,G,lush-grass,P,1,.,.,.,G,G,G,G,terrain-lush-grass
47,36,G,lush-grass,P,1,.,.,.,G,G,G,G,terrain-lush-grass
48,36,G,lush-grass,P,1,.,.,.,G,G,G,G,terrain-lush-grass
49,36,G,lush-grass,P,1,.,.,.,G,D,G,G,terrain-lush-grass
50,36,D,packed-dirt,P,1,.,N,.,D,D,G,G,terrain-packed-dirt
51,36,D,packed-dirt,P,1,.,N,.,D,D,D,D,terrain-packed-dirt
52,36,D,packed-dirt,P,1,.,N,.,D,G,D,D,terrain-packed-dirt
53,36,G,lush-grass,P,1,.,.,.,G,W,D,D,terrain-lush-grass
54,36,W,fresh-deep-water,L,1,#,.,.,W,W,W,G,terrain-fresh-water
55,36,W,fresh-deep-water,L,1,#,.,.,W,W,W,W,terrain-fresh-water
56,36,W,fresh-deep-water,L,1,#,.,.,W,G,W,W,terrain-fresh-water
57,36,G,lush-grass,P,1,.,.,.,G,G,G,W,terrain-lush-grass
58,36,G,lush-grass,P,1,.,.,.,G,G,G,G,terrain-lush-grass
59,36,G,lush-grass,P,1,.,.,.,G,G,G,G,terrain-lush-grass
60,36,G,lush-grass,P,1,.,.,.,G,G,G,G,terrain-lush-grass
61,36,G,lush-grass,P,1,.,.,.,G,G,G,G,terrain-lush-grass
62,36,G,lush-grass,P,1,.,.,.,G,G,G,G,terrain-lush-grass
63,36,G,lush-grass,P,1,.,.,.,G,G,g,G,terrain-lush-grass
64,36,G,lush-grass,P,1,.,.,.,G,G,g,G,terrain-lush-grass
65,36,G,lush-grass,P,1,.,.,.,G,G,g,G,terrain-lush-grass
66,36,G,lush-grass,P,1,.,.,.,G,G,g,G,terrain-lush-grass
67,36,G,lush-grass,P,1,.,.,.,G,G,g,G,terrain-lush-grass
68,36,G,lush-grass,P,1,.,.,.,G,G,g,G,terrain-lush-grass
69,36,G,lush-grass,P,1,.,.,.,G,G,g,G,terrain-lush-grass
70,36,G,lush-grass,P,1,.,.,.,G,g,g,G,terrain-lush-grass
71,36,g,dry-grass,T,1,.,.,.,G,g,g,G,terrain-dry-grass
72,36,g,dry-grass,T,1,.,.,.,G,g,g,g,terrain-dry-grass
73,36,g,dry-grass,T,1,.,.,.,G,g,g,g,terrain-dry-grass
74,36,g,dry-grass,T,1,.,.,.,G,g,g,g,terrain-dry-grass
75,36,g,dry-grass,T,1,.,.,.,G,g,g,g,terrain-dry-grass
76,36,g,dry-grass,T,1,.,.,.,G,g,g,g,terrain-dry-grass
77,36,g,dry-grass,T,1,.,.,.,G,g,g,g,terrain-dry-grass
78,36,g,dry-grass,T,1,.,.,.,G,g,g,g,terrain-dry-grass
79,36,g,dry-grass,T,1,.,.,.,D,D,g,g,terrain-dry-grass
80,36,D,packed-dirt,T,1,.,.,B,D,D,D,g,terrain-packed-dirt
81,36,D,packed-dirt,T,1,.,.,B,D,D,D,D,terrain-packed-dirt
82,36,D,packed-dirt,T,1,.,.,B,D,D,D,D,terrain-packed-dirt
83,36,D,packed-dirt,T,1,.,.,B,D,D,D,D,terrain-packed-dirt
84,36,D,packed-dirt,T,1,.,M,B,D,A,D,D,terrain-packed-dirt
85,36,A,cracked-asphalt,P,1,.,M,B,A,A,D,D,terrain-cracked-asphalt
86,36,A,cracked-asphalt,P,1,.,M,B,A,A,A,A,terrain-cracked-asphalt
87,36,A,cracked-asphalt,P,1,.,M,B,A,A,A,A,terrain-cracked-asphalt
88,36,A,cracked-asphalt,P,1,.,M,B,A,A,A,A,terrain-cracked-asphalt
89,36,A,cracked-asphalt,P,1,.,M,B,A,A,A,A,terrain-cracked-asphalt
90,36,A,cracked-asphalt,P,1,.,M,B,A,A,A,A,terrain-cracked-asphalt
91,36,A,cracked-asphalt,P,1,.,M,B,A,A,A,A,terrain-cracked-asphalt
92,36,A,cracked-asphalt,P,1,.,M,B,D,A,A,A,terrain-cracked-asphalt
93,36,A,cracked-asphalt,P,1,.,M,B,D,D,A,A,terrain-cracked-asphalt
94,36,D,packed-dirt,P,1,.,.,B,D,g,A,A,terrain-packed-dirt
95,36,g,dry-grass,P,1,.,.,.,D,g,g,D,terrain-dry-grass
96,36,g,dry-grass,P,1,.,.,.,g,g,g,g,terrain-dry-grass
97,36,g,dry-grass,P,1,.,.,.,g,g,g,g,terrain-dry-grass
98,36,g,dry-grass,P,1,.,.,.,g,X,g,g,terrain-dry-grass
99,36,X,cliff-mountain,M,1,#,.,.,X,VOID,X,g,terrain-cliff-mountain
0,37,F,forest-floor,F,1,#,.,.,F,F,F,VOID,terrain-forest-floor
1,37,F,forest-floor,F,1,.,.,.,F,F,F,F,terrain-forest-floor
2,37,F,forest-floor,F,1,.,.,.,F,F,F,F,terrain-forest-floor
3,37,F,forest-floor,F,1,.,.,.,F,F,F,F,terrain-forest-floor
4,37,F,forest-floor,F,1,.,.,.,F,F,F,F,terrain-forest-floor
5,37,F,forest-floor,F,1,.,.,.,F,F,F,F,terrain-forest-floor
6,37,F,forest-floor,F,1,.,.,.,F,F,F,F,terrain-forest-floor
7,37,F,forest-floor,F,1,.,.,.,F,F,F,F,terrain-forest-floor
8,37,F,forest-floor,F,1,.,.,.,F,F,F,F,terrain-forest-floor
9,37,F,forest-floor,F,1,.,.,.,F,F,F,F,terrain-forest-floor
10,37,F,forest-floor,F,1,.,.,.,F,F,F,F,terrain-forest-floor
11,37,F,forest-floor,F,1,.,.,.,F,F,F,F,terrain-forest-floor
12,37,F,forest-floor,F,1,.,.,.,F,F,F,F,terrain-forest-floor
13,37,F,forest-floor,F,1,.,.,.,F,F,F,F,terrain-forest-floor
14,37,F,forest-floor,F,1,.,.,.,F,F,F,F,terrain-forest-floor
15,37,F,forest-floor,F,1,.,.,.,F,F,F,F,terrain-forest-floor
16,37,F,forest-floor,F,1,.,.,F,F,F,F,F,terrain-forest-floor
17,37,F,forest-floor,F,1,.,.,F,F,F,F,F,terrain-forest-floor
18,37,F,forest-floor,F,1,.,.,F,F,F,F,F,terrain-forest-floor
19,37,F,forest-floor,F,1,.,.,F,F,D,D,F,terrain-forest-floor
20,37,D,packed-dirt,F,1,.,N,F,F,D,D,F,terrain-packed-dirt
21,37,D,packed-dirt,F,1,.,N,F,D,D,D,D,terrain-packed-dirt
22,37,D,packed-dirt,F,1,.,N,F,D,F,F,D,terrain-packed-dirt
23,37,F,forest-floor,F,1,.,.,F,D,F,F,D,terrain-forest-floor
24,37,F,forest-floor,F,1,.,.,F,F,F,F,F,terrain-forest-floor
25,37,F,forest-floor,F,1,.,.,.,F,F,F,F,terrain-forest-floor
26,37,F,forest-floor,F,1,.,.,.,F,F,F,F,terrain-forest-floor
27,37,F,forest-floor,F,1,.,.,.,F,F,F,F,terrain-forest-floor
28,37,F,forest-floor,F,1,.,.,.,F,F,F,F,terrain-forest-floor
29,37,F,forest-floor,F,1,.,.,.,F,F,F,F,terrain-forest-floor
30,37,F,forest-floor,F,1,.,.,.,F,F,F,F,terrain-forest-floor
31,37,F,forest-floor,F,1,.,.,.,F,F,F,F,terrain-forest-floor
32,37,F,forest-floor,F,1,.,.,.,F,H,F,F,terrain-forest-floor
33,37,H,wood-bridge,L,1,.,B,.,W,H,H,F,terrain-wood-bridge
34,37,H,wood-bridge,M,1,.,B,.,X,H,H,H,terrain-wood-bridge
35,37,H,wood-bridge,M,1,.,B,.,X,H,H,H,terrain-wood-bridge
36,37,H,wood-bridge,M,1,.,B,.,X,H,H,H,terrain-wood-bridge
37,37,H,wood-bridge,P,1,.,B,.,g,g,H,H,terrain-wood-bridge
38,37,g,dry-grass,P,1,.,.,.,g,G,g,H,terrain-dry-grass
39,37,G,lush-grass,P,1,.,.,.,G,G,G,g,terrain-lush-grass
40,37,G,lush-grass,P,1,.,.,.,G,G,G,G,terrain-lush-grass
41,37,G,lush-grass,P,1,.,.,.,G,G,G,G,terrain-lush-grass
42,37,G,lush-grass,P,1,.,.,.,G,G,G,G,terrain-lush-grass
43,37,G,lush-grass,P,1,.,.,.,G,G,G,G,terrain-lush-grass
44,37,G,lush-grass,P,1,.,.,.,G,G,G,G,terrain-lush-grass
45,37,G,lush-grass,P,1,.,.,.,G,G,G,G,terrain-lush-grass
46,37,G,lush-grass,P,1,.,.,.,G,G,G,G,terrain-lush-grass
47,37,G,lush-grass,P,1,.,.,.,G,G,G,G,terrain-lush-grass
48,37,G,lush-grass,P,1,.,.,.,G,G,G,G,terrain-lush-grass
49,37,G,lush-grass,P,1,.,.,.,G,G,G,G,terrain-lush-grass
50,37,G,lush-grass,P,1,.,.,.,D,D,G,G,terrain-lush-grass
51,37,D,packed-dirt,P,1,.,N,.,D,D,D,G,terrain-packed-dirt
52,37,D,packed-dirt,P,1,.,N,.,D,D,D,D,terrain-packed-dirt
53,37,D,packed-dirt,P,1,.,N,.,G,W,W,D,terrain-packed-dirt
54,37,W,fresh-deep-water,L,1,#,.,.,W,W,W,D,terrain-fresh-water
55,37,W,fresh-deep-water,L,1,#,.,.,W,W,W,W,terrain-fresh-water
56,37,W,fresh-deep-water,L,1,#,.,.,W,G,G,W,terrain-fresh-water
57,37,G,lush-grass,P,1,.,.,.,G,G,G,W,terrain-lush-grass
58,37,G,lush-grass,P,1,.,.,.,G,G,G,G,terrain-lush-grass
59,37,G,lush-grass,P,1,.,.,.,G,G,g,G,terrain-lush-grass
60,37,G,lush-grass,P,1,.,.,.,G,G,g,G,terrain-lush-grass
61,37,G,lush-grass,P,1,.,.,.,G,G,g,G,terrain-lush-grass
62,37,G,lush-grass,P,1,.,.,.,G,g,g,G,terrain-lush-grass
63,37,g,dry-grass,T,1,.,.,.,G,g,g,G,terrain-dry-grass
64,37,g,dry-grass,T,1,.,.,.,G,g,g,g,terrain-dry-grass
65,37,g,dry-grass,T,1,.,.,.,G,g,g,g,terrain-dry-grass
66,37,g,dry-grass,T,1,.,.,.,G,g,g,g,terrain-dry-grass
67,37,g,dry-grass,T,1,.,.,.,G,g,g,g,terrain-dry-grass
68,37,g,dry-grass,T,1,.,.,.,G,g,g,g,terrain-dry-grass
69,37,g,dry-grass,T,1,.,.,.,G,g,g,g,terrain-dry-grass
70,37,g,dry-grass,T,1,.,.,.,G,g,g,g,terrain-dry-grass
71,37,g,dry-grass,T,1,.,.,.,g,g,g,g,terrain-dry-grass
72,37,g,dry-grass,T,1,.,.,.,g,g,g,g,terrain-dry-grass
73,37,g,dry-grass,T,1,.,.,.,g,g,g,g,terrain-dry-grass
74,37,g,dry-grass,T,1,.,.,.,g,g,g,g,terrain-dry-grass
75,37,g,dry-grass,T,1,.,.,.,g,g,g,g,terrain-dry-grass
76,37,g,dry-grass,T,1,.,.,.,g,g,g,g,terrain-dry-grass
77,37,g,dry-grass,T,1,.,.,.,g,g,g,g,terrain-dry-grass
78,37,g,dry-grass,T,1,.,.,.,g,g,g,g,terrain-dry-grass
79,37,g,dry-grass,T,1,.,.,.,g,D,g,g,terrain-dry-grass
80,37,D,packed-dirt,T,1,.,.,B,D,D,D,g,terrain-packed-dirt
81,37,D,packed-dirt,T,1,.,.,B,D,D,D,D,terrain-packed-dirt
82,37,D,packed-dirt,T,1,.,.,B,D,D,D,D,terrain-packed-dirt
83,37,D,packed-dirt,T,1,.,M,B,D,D,D,D,terrain-packed-dirt
84,37,D,packed-dirt,T,1,.,M,B,D,D,D,D,terrain-packed-dirt
85,37,D,packed-dirt,T,1,.,M,B,A,A,D,D,terrain-packed-dirt
86,37,A,cracked-asphalt,P,1,.,M,B,A,A,D,D,terrain-cracked-asphalt
87,37,A,cracked-asphalt,P,1,.,M,B,A,A,A,A,terrain-cracked-asphalt
88,37,A,cracked-asphalt,P,1,.,M,B,A,A,A,A,terrain-cracked-asphalt
89,37,A,cracked-asphalt,P,1,.,M,B,A,A,A,A,terrain-cracked-asphalt
90,37,A,cracked-asphalt,P,1,.,M,B,A,A,A,A,terrain-cracked-asphalt
91,37,A,cracked-asphalt,P,1,.,M,B,A,A,A,A,terrain-cracked-asphalt
92,37,A,cracked-asphalt,P,1,.,M,B,A,A,A,A,terrain-cracked-asphalt
93,37,A,cracked-asphalt,P,1,.,M,B,A,A,A,A,terrain-cracked-asphalt
94,37,A,cracked-asphalt,P,1,.,M,B,D,g,A,A,terrain-cracked-asphalt
95,37,g,dry-grass,P,1,.,.,.,g,g,A,A,terrain-dry-grass
96,37,g,dry-grass,P,1,.,.,.,g,g,g,g,terrain-dry-grass
97,37,g,dry-grass,P,1,.,.,.,g,g,g,g,terrain-dry-grass
98,37,g,dry-grass,P,1,.,.,.,g,X,g,g,terrain-dry-grass
99,37,X,cliff-mountain,M,1,#,.,.,X,VOID,X,g,terrain-cliff-mountain
0,38,F,forest-floor,F,1,#,.,.,F,F,F,VOID,terrain-forest-floor
1,38,F,forest-floor,F,1,.,.,.,F,F,F,F,terrain-forest-floor
2,38,F,forest-floor,F,1,.,.,.,F,F,F,F,terrain-forest-floor
3,38,F,forest-floor,F,1,.,.,.,F,F,F,F,terrain-forest-floor
4,38,F,forest-floor,F,1,.,.,.,F,F,F,F,terrain-forest-floor
5,38,F,forest-floor,F,1,.,.,.,F,F,F,F,terrain-forest-floor
6,38,F,forest-floor,F,1,.,.,.,F,F,F,F,terrain-forest-floor
7,38,F,forest-floor,F,1,.,.,.,F,F,F,F,terrain-forest-floor
8,38,F,forest-floor,F,1,.,.,.,F,F,F,F,terrain-forest-floor
9,38,F,forest-floor,F,1,.,.,.,F,F,F,F,terrain-forest-floor
10,38,F,forest-floor,F,1,.,.,.,F,F,F,F,terrain-forest-floor
11,38,F,forest-floor,F,1,.,.,.,F,F,F,F,terrain-forest-floor
12,38,F,forest-floor,F,1,.,.,.,F,F,F,F,terrain-forest-floor
13,38,F,forest-floor,F,1,.,.,.,F,F,F,F,terrain-forest-floor
14,38,F,forest-floor,F,1,.,.,.,F,F,F,F,terrain-forest-floor
15,38,F,forest-floor,F,1,.,.,F,F,F,F,F,terrain-forest-floor
16,38,F,forest-floor,F,1,.,.,F,F,F,F,F,terrain-forest-floor
17,38,F,forest-floor,F,1,.,.,F,F,F,F,F,terrain-forest-floor
18,38,F,forest-floor,F,1,.,.,F,F,D,F,F,terrain-forest-floor
19,38,D,packed-dirt,F,1,.,N,F,F,D,D,F,terrain-packed-dirt
20,38,D,packed-dirt,F,1,.,N,F,D,D,D,D,terrain-packed-dirt
21,38,D,packed-dirt,F,1,.,N,F,D,F,D,D,terrain-packed-dirt
22,38,F,forest-floor,F,1,.,.,F,D,F,F,D,terrain-forest-floor
23,38,F,forest-floor,F,1,.,.,F,F,F,F,F,terrain-forest-floor
24,38,F,forest-floor,F,1,.,.,F,F,F,F,F,terrain-forest-floor
25,38,F,forest-floor,F,1,.,.,F,F,F,F,F,terrain-forest-floor
26,38,F,forest-floor,F,1,.,.,.,F,F,F,F,terrain-forest-floor
27,38,F,forest-floor,F,1,.,.,.,F,F,F,F,terrain-forest-floor
28,38,F,forest-floor,F,1,.,.,.,F,F,F,F,terrain-forest-floor
29,38,F,forest-floor,F,1,.,.,.,F,F,F,F,terrain-forest-floor
30,38,F,forest-floor,F,1,.,.,.,F,F,F,F,terrain-forest-floor
31,38,F,forest-floor,F,1,.,.,.,F,F,F,F,terrain-forest-floor
32,38,F,forest-floor,F,1,.,.,.,F,H,F,F,terrain-forest-floor
33,38,H,wood-bridge,M,1,.,B,.,H,H,H,F,terrain-wood-bridge
34,38,H,wood-bridge,M,1,.,B,.,H,H,H,H,terrain-wood-bridge
35,38,H,wood-bridge,M,1,.,B,.,H,H,H,H,terrain-wood-bridge
36,38,H,wood-bridge,L,1,.,B,.,H,H,H,H,terrain-wood-bridge
37,38,H,wood-bridge,P,1,.,B,.,H,g,H,H,terrain-wood-bridge
38,38,g,dry-grass,P,1,.,.,.,g,G,g,H,terrain-dry-grass
39,38,G,lush-grass,P,1,.,.,.,G,G,G,g,terrain-lush-grass
40,38,G,lush-grass,P,1,.,.,.,G,G,G,G,terrain-lush-grass
41,38,G,lush-grass,P,1,.,.,.,G,G,G,G,terrain-lush-grass
42,38,G,lush-grass,P,1,.,.,.,G,G,G,G,terrain-lush-grass
43,38,G,lush-grass,P,1,.,.,.,G,G,G,G,terrain-lush-grass
44,38,G,lush-grass,P,1,.,.,.,G,G,G,G,terrain-lush-grass
45,38,G,lush-grass,P,1,.,.,.,G,G,G,G,terrain-lush-grass
46,38,G,lush-grass,P,1,.,.,.,G,G,G,G,terrain-lush-grass
47,38,G,lush-grass,P,1,.,.,.,G,G,G,G,terrain-lush-grass
48,38,G,lush-grass,P,1,.,.,.,G,G,G,G,terrain-lush-grass
49,38,G,lush-grass,P,1,.,.,.,G,G,G,G,terrain-lush-grass
50,38,G,lush-grass,P,1,.,.,.,G,D,G,G,terrain-lush-grass
51,38,D,packed-dirt,P,1,.,N,.,D,D,G,G,terrain-packed-dirt
52,38,D,packed-dirt,P,1,.,N,.,D,W,D,D,terrain-packed-dirt
53,38,W,fresh-deep-water,L,1,#,N,.,D,W,W,D,terrain-fresh-water
54,38,W,fresh-deep-water,L,1,#,.,.,W,W,W,W,terrain-fresh-water
55,38,W,fresh-deep-water,L,1,#,.,.,W,G,W,W,terrain-fresh-water
56,38,G,lush-grass,P,1,.,.,.,W,G,G,W,terrain-lush-grass
57,38,G,lush-grass,P,1,.,.,.,G,G,G,G,terrain-lush-grass
58,38,G,lush-grass,P,1,.,.,.,G,g,G,G,terrain-lush-grass
59,38,g,dry-grass,T,1,.,.,.,G,g,g,G,terrain-dry-grass
60,38,g,dry-grass,T,1,.,.,.,G,g,g,g,terrain-dry-grass
61,38,g,dry-grass,T,1,.,.,.,G,g,g,g,terrain-dry-grass
62,38,g,dry-grass,T,1,.,.,.,G,g,g,g,terrain-dry-grass
63,38,g,dry-grass,T,1,.,.,.,g,g,g,g,terrain-dry-grass
64,38,g,dry-grass,T,1,.,.,.,g,g,g,g,terrain-dry-grass
65,38,g,dry-grass,T,1,.,.,.,g,g,g,g,terrain-dry-grass
66,38,g,dry-grass,T,1,.,.,.,g,g,g,g,terrain-dry-grass
67,38,g,dry-grass,T,1,.,.,.,g,g,g,g,terrain-dry-grass
68,38,g,dry-grass,T,1,.,.,.,g,g,g,g,terrain-dry-grass
69,38,g,dry-grass,T,1,.,.,.,g,g,g,g,terrain-dry-grass
70,38,g,dry-grass,T,1,.,.,.,g,g,g,g,terrain-dry-grass
71,38,g,dry-grass,T,1,.,.,.,g,g,g,g,terrain-dry-grass
72,38,g,dry-grass,T,1,.,.,.,g,g,g,g,terrain-dry-grass
73,38,g,dry-grass,T,1,.,.,.,g,g,g,g,terrain-dry-grass
74,38,g,dry-grass,T,1,.,.,.,g,g,g,g,terrain-dry-grass
75,38,g,dry-grass,T,1,.,.,.,g,g,g,g,terrain-dry-grass
76,38,g,dry-grass,T,1,.,.,.,g,g,g,g,terrain-dry-grass
77,38,g,dry-grass,T,1,.,.,.,g,g,g,g,terrain-dry-grass
78,38,g,dry-grass,T,1,.,.,.,g,g,g,g,terrain-dry-grass
79,38,g,dry-grass,T,1,.,.,.,g,D,g,g,terrain-dry-grass
80,38,D,packed-dirt,T,1,.,.,B,D,D,g,g,terrain-packed-dirt
81,38,D,packed-dirt,T,1,.,.,B,D,D,D,D,terrain-packed-dirt
82,38,D,packed-dirt,T,1,.,M,B,D,D,D,D,terrain-packed-dirt
83,38,D,packed-dirt,T,1,.,M,B,D,D,D,D,terrain-packed-dirt
84,38,D,packed-dirt,T,1,.,M,B,D,D,D,D,terrain-packed-dirt
85,38,D,packed-dirt,T,1,.,M,B,D,D,D,D,terrain-packed-dirt
86,38,D,packed-dirt,T,1,.,M,B,A,A,D,D,terrain-packed-dirt
87,38,A,cracked-asphalt,P,1,.,M,B,A,A,D,D,terrain-cracked-asphalt
88,38,A,cracked-asphalt,P,1,.,M,B,A,A,D,A,terrain-cracked-asphalt
89,38,A,cracked-asphalt,P,1,.,M,B,A,A,A,A,terrain-cracked-asphalt
90,38,A,cracked-asphalt,P,1,.,M,B,A,A,A,A,terrain-cracked-asphalt
91,38,A,cracked-asphalt,P,1,.,M,B,A,A,A,A,terrain-cracked-asphalt
92,38,A,cracked-asphalt,P,1,.,M,B,A,A,A,A,terrain-cracked-asphalt
93,38,A,cracked-asphalt,P,1,.,M,B,A,A,A,A,terrain-cracked-asphalt
94,38,A,cracked-asphalt,P,1,.,M,B,A,A,A,A,terrain-cracked-asphalt
95,38,A,cracked-asphalt,P,1,.,M,.,g,g,A,A,terrain-cracked-asphalt
96,38,g,dry-grass,P,1,.,.,.,g,g,g,A,terrain-dry-grass
97,38,g,dry-grass,P,1,.,.,.,g,g,g,g,terrain-dry-grass
98,38,g,dry-grass,P,1,.,.,.,g,X,g,g,terrain-dry-grass
99,38,X,cliff-mountain,M,1,#,.,.,X,VOID,X,g,terrain-cliff-mountain
0,39,F,forest-floor,F,1,#,.,.,F,F,F,VOID,terrain-forest-floor
1,39,F,forest-floor,F,1,.,.,.,F,F,F,F,terrain-forest-floor
2,39,F,forest-floor,F,1,.,.,.,F,F,F,F,terrain-forest-floor
3,39,F,forest-floor,F,1,.,.,.,F,F,F,F,terrain-forest-floor
4,39,F,forest-floor,F,1,.,.,.,F,F,F,F,terrain-forest-floor
5,39,F,forest-floor,F,1,.,.,.,F,F,F,F,terrain-forest-floor
6,39,F,forest-floor,F,1,.,.,.,F,F,F,F,terrain-forest-floor
7,39,F,forest-floor,F,1,.,.,.,F,F,F,F,terrain-forest-floor
8,39,F,forest-floor,F,1,.,.,.,F,F,F,F,terrain-forest-floor
9,39,F,forest-floor,F,1,.,.,.,F,F,F,F,terrain-forest-floor
10,39,F,forest-floor,F,1,.,.,.,F,F,F,F,terrain-forest-floor
11,39,F,forest-floor,F,1,.,.,.,F,F,F,F,terrain-forest-floor
12,39,F,forest-floor,F,1,.,.,.,F,F,F,F,terrain-forest-floor
13,39,F,forest-floor,F,1,.,.,.,F,F,F,F,terrain-forest-floor
14,39,F,forest-floor,F,1,.,.,.,F,F,F,F,terrain-forest-floor
15,39,F,forest-floor,F,1,.,.,.,F,F,F,F,terrain-forest-floor
16,39,F,forest-floor,F,1,.,.,F,F,F,F,F,terrain-forest-floor
17,39,F,forest-floor,F,1,.,.,F,F,F,F,F,terrain-forest-floor
18,39,F,forest-floor,F,1,.,.,F,F,D,F,F,terrain-forest-floor
19,39,D,packed-dirt,F,1,.,N,F,D,D,D,F,terrain-packed-dirt
20,39,D,packed-dirt,F,1,.,N,F,D,D,D,D,terrain-packed-dirt
21,39,D,packed-dirt,F,1,.,N,F,D,F,D,D,terrain-packed-dirt
22,39,F,forest-floor,F,1,.,.,F,F,F,F,D,terrain-forest-floor
23,39,F,forest-floor,F,1,.,.,F,F,F,F,F,terrain-forest-floor
24,39,F,forest-floor,F,1,.,.,F,F,F,F,F,terrain-forest-floor
25,39,F,forest-floor,F,1,.,.,.,F,F,F,F,terrain-forest-floor
26,39,F,forest-floor,F,1,.,.,.,F,F,F,F,terrain-forest-floor
27,39,F,forest-floor,F,1,.,.,.,F,F,F,F,terrain-forest-floor
28,39,F,forest-floor,F,1,.,.,.,F,F,F,F,terrain-forest-floor
29,39,F,forest-floor,F,1,.,.,.,F,F,F,F,terrain-forest-floor
30,39,F,forest-floor,F,1,.,.,.,F,F,F,F,terrain-forest-floor
31,39,F,forest-floor,F,1,.,.,.,F,F,F,F,terrain-forest-floor
32,39,F,forest-floor,F,1,.,.,.,F,H,F,F,terrain-forest-floor
33,39,H,wood-bridge,M,1,.,B,.,H,H,H,F,terrain-wood-bridge
34,39,H,wood-bridge,M,1,.,B,.,H,H,H,H,terrain-wood-bridge
35,39,H,wood-bridge,M,1,.,B,.,H,H,H,H,terrain-wood-bridge
36,39,H,wood-bridge,L,1,.,B,.,H,H,H,H,terrain-wood-bridge
37,39,H,wood-bridge,P,1,.,B,.,H,g,H,H,terrain-wood-bridge
38,39,g,dry-grass,P,1,.,.,.,g,G,g,H,terrain-dry-grass
39,39,G,lush-grass,P,1,.,.,.,G,G,g,g,terrain-lush-grass
40,39,G,lush-grass,P,1,.,.,.,G,G,G,G,terrain-lush-grass
41,39,G,lush-grass,P,1,.,.,.,G,G,G,G,terrain-lush-grass
42,39,G,lush-grass,P,1,.,.,.,G,G,G,G,terrain-lush-grass
43,39,G,lush-grass,P,1,.,.,.,G,G,G,G,terrain-lush-grass
44,39,G,lush-grass,P,1,.,.,.,G,G,G,G,terrain-lush-grass
45,39,G,lush-grass,P,1,.,.,.,G,G,G,G,terrain-lush-grass
46,39,G,lush-grass,P,1,.,.,.,G,G,G,G,terrain-lush-grass
47,39,G,lush-grass,P,1,.,.,.,G,G,G,G,terrain-lush-grass
48,39,G,lush-grass,P,1,.,.,.,G,G,G,G,terrain-lush-grass
49,39,G,lush-grass,P,1,.,.,.,G,G,G,G,terrain-lush-grass
50,39,G,lush-grass,P,1,.,.,.,G,G,G,G,terrain-lush-grass
51,39,G,lush-grass,P,1,.,.,.,D,D,G,G,terrain-lush-grass
52,39,D,packed-dirt,P,1,.,N,.,D,W,D,G,terrain-packed-dirt
53,39,W,fresh-deep-water,L,1,#,N,.,W,W,W,D,terrain-fresh-water
54,39,W,fresh-deep-water,L,1,#,N,.,W,W,W,W,terrain-fresh-water
55,39,W,fresh-deep-water,L,1,#,.,.,W,G,W,W,terrain-fresh-water
56,39,G,lush-grass,P,1,.,.,.,G,G,G,W,terrain-lush-grass
57,39,G,lush-grass,P,1,.,.,.,G,G,G,G,terrain-lush-grass
58,39,G,lush-grass,P,1,.,.,.,G,g,G,G,terrain-lush-grass
59,39,g,dry-grass,T,1,.,.,.,g,g,g,G,terrain-dry-grass
60,39,g,dry-grass,T,1,.,.,.,g,g,g,g,terrain-dry-grass
61,39,g,dry-grass,T,1,.,.,.,g,g,g,g,terrain-dry-grass
62,39,g,dry-grass,T,1,.,.,.,g,g,g,g,terrain-dry-grass
63,39,g,dry-grass,T,1,.,.,.,g,g,g,g,terrain-dry-grass
64,39,g,dry-grass,T,1,.,.,.,g,g,g,g,terrain-dry-grass
65,39,g,dry-grass,T,1,.,.,.,g,g,g,g,terrain-dry-grass
66,39,g,dry-grass,T,1,.,.,.,g,g,g,g,terrain-dry-grass
67,39,g,dry-grass,T,1,.,.,.,g,g,g,g,terrain-dry-grass
68,39,g,dry-grass,T,1,.,.,.,g,g,g,g,terrain-dry-grass
69,39,g,dry-grass,T,1,.,.,.,g,g,g,g,terrain-dry-grass
70,39,g,dry-grass,T,1,.,.,.,g,g,g,g,terrain-dry-grass
71,39,g,dry-grass,T,1,.,.,.,g,g,g,g,terrain-dry-grass
72,39,g,dry-grass,T,1,.,.,.,g,g,g,g,terrain-dry-grass
73,39,g,dry-grass,T,1,.,.,.,g,g,g,g,terrain-dry-grass
74,39,g,dry-grass,T,1,.,.,.,g,g,g,g,terrain-dry-grass
75,39,g,dry-grass,T,1,.,.,.,g,g,g,g,terrain-dry-grass
76,39,g,dry-grass,T,1,.,.,.,g,g,g,g,terrain-dry-grass
77,39,g,dry-grass,T,1,.,.,.,g,g,g,g,terrain-dry-grass
78,39,g,dry-grass,T,1,.,.,.,g,g,g,g,terrain-dry-grass
79,39,g,dry-grass,T,1,.,.,.,g,g,g,g,terrain-dry-grass
80,39,g,dry-grass,T,1,.,.,.,D,D,g,g,terrain-dry-grass
81,39,D,packed-dirt,T,1,.,.,B,D,D,A,g,terrain-packed-dirt
82,39,D,packed-dirt,T,1,.,M,B,D,D,D,D,terrain-packed-dirt
83,39,D,packed-dirt,T,1,.,M,B,D,D,D,D,terrain-packed-dirt
84,39,D,packed-dirt,T,1,.,M,B,D,D,D,D,terrain-packed-dirt
85,39,D,packed-dirt,T,1,.,M,B,D,D,D,D,terrain-packed-dirt
86,39,D,packed-dirt,T,1,.,M,B,D,D,D,D,terrain-packed-dirt
87,39,D,packed-dirt,T,1,.,M,B,A,D,D,D,terrain-packed-dirt
88,39,D,packed-dirt,P,1,.,.,B,A,A,D,D,terrain-packed-dirt
89,39,A,cracked-asphalt,P,1,.,M,B,A,A,D,D,terrain-cracked-asphalt
90,39,A,cracked-asphalt,P,1,.,M,B,A,A,A,A,terrain-cracked-asphalt
91,39,A,cracked-asphalt,P,1,.,M,B,A,A,A,A,terrain-cracked-asphalt
92,39,A,cracked-asphalt,P,1,.,M,B,A,A,A,A,terrain-cracked-asphalt
93,39,A,cracked-asphalt,P,1,.,M,B,A,A,A,A,terrain-cracked-asphalt
94,39,A,cracked-asphalt,P,1,.,M,.,A,A,A,A,terrain-cracked-asphalt
95,39,A,cracked-asphalt,P,1,.,M,.,A,g,A,A,terrain-cracked-asphalt
96,39,g,dry-grass,P,1,.,.,.,g,g,g,A,terrain-dry-grass
97,39,g,dry-grass,P,1,.,.,.,g,g,g,g,terrain-dry-grass
98,39,g,dry-grass,P,1,.,.,.,g,X,g,g,terrain-dry-grass
99,39,X,cliff-mountain,M,1,#,.,.,X,VOID,X,g,terrain-cliff-mountain
0,40,F,forest-floor,F,1,#,.,.,F,F,F,VOID,terrain-forest-floor
1,40,F,forest-floor,F,1,.,.,.,F,F,F,F,terrain-forest-floor
2,40,F,forest-floor,F,1,.,.,.,F,F,F,F,terrain-forest-floor
3,40,F,forest-floor,F,1,.,.,.,F,F,F,F,terrain-forest-floor
4,40,F,forest-floor,F,1,.,.,.,F,F,F,F,terrain-forest-floor
5,40,F,forest-floor,F,1,.,.,.,F,F,F,F,terrain-forest-floor
6,40,F,forest-floor,F,1,.,.,.,F,F,F,F,terrain-forest-floor
7,40,F,forest-floor,F,1,.,.,.,F,F,F,F,terrain-forest-floor
8,40,F,forest-floor,F,1,.,.,.,F,F,F,F,terrain-forest-floor
9,40,F,forest-floor,F,1,.,.,.,F,F,F,F,terrain-forest-floor
10,40,F,forest-floor,F,1,.,.,.,F,F,F,F,terrain-forest-floor
11,40,F,forest-floor,F,1,.,.,.,F,F,F,F,terrain-forest-floor
12,40,F,forest-floor,F,1,.,.,.,F,F,F,F,terrain-forest-floor
13,40,F,forest-floor,F,1,.,.,.,F,F,F,F,terrain-forest-floor
14,40,F,forest-floor,F,1,.,.,.,F,F,F,F,terrain-forest-floor
15,40,F,forest-floor,F,1,.,.,.,F,F,F,F,terrain-forest-floor
16,40,F,forest-floor,F,1,.,.,F,F,F,F,F,terrain-forest-floor
17,40,F,forest-floor,F,1,.,.,F,F,F,F,F,terrain-forest-floor
18,40,F,forest-floor,F,1,.,.,F,F,D,D,F,terrain-forest-floor
19,40,D,packed-dirt,F,1,.,N,F,D,D,D,F,terrain-packed-dirt
20,40,D,packed-dirt,F,1,.,N,F,D,D,D,D,terrain-packed-dirt
21,40,D,packed-dirt,F,1,.,N,F,D,F,F,D,terrain-packed-dirt
22,40,F,forest-floor,F,1,.,.,F,F,F,F,D,terrain-forest-floor
23,40,F,forest-floor,F,1,.,.,F,F,F,F,F,terrain-forest-floor
24,40,F,forest-floor,F,1,.,.,F,F,F,F,F,terrain-forest-floor
25,40,F,forest-floor,F,1,.,.,.,F,F,F,F,terrain-forest-floor
26,40,F,forest-floor,F,1,.,.,.,F,F,F,F,terrain-forest-floor
27,40,F,forest-floor,F,1,.,.,.,F,F,F,F,terrain-forest-floor
28,40,F,forest-floor,F,1,.,.,.,F,F,F,F,terrain-forest-floor
29,40,F,forest-floor,F,1,.,.,.,F,F,F,F,terrain-forest-floor
30,40,F,forest-floor,F,1,.,.,.,F,F,F,F,terrain-forest-floor
31,40,F,forest-floor,F,1,.,.,.,F,F,F,F,terrain-forest-floor
32,40,F,forest-floor,F,1,.,.,.,F,H,F,F,terrain-forest-floor
33,40,H,wood-bridge,M,1,.,B,.,H,H,H,F,terrain-wood-bridge
34,40,H,wood-bridge,M,1,.,B,.,H,H,H,H,terrain-wood-bridge
35,40,H,wood-bridge,M,1,.,B,.,H,H,H,H,terrain-wood-bridge
36,40,H,wood-bridge,L,1,.,B,.,H,H,H,H,terrain-wood-bridge
37,40,H,wood-bridge,L,1,.,B,.,H,g,H,H,terrain-wood-bridge
38,40,g,dry-grass,P,1,.,.,.,g,g,g,H,terrain-dry-grass
39,40,g,dry-grass,P,1,.,.,.,G,G,g,g,terrain-dry-grass
40,40,G,lush-grass,P,1,.,.,.,G,G,G,g,terrain-lush-grass
41,40,G,lush-grass,P,1,.,.,.,G,G,G,G,terrain-lush-grass
42,40,G,lush-grass,P,1,.,.,.,G,G,G,G,terrain-lush-grass
43,40,G,lush-grass,P,1,.,.,.,G,G,G,G,terrain-lush-grass
44,40,G,lush-grass,P,1,.,.,.,G,G,G,G,terrain-lush-grass
45,40,G,lush-grass,P,1,.,.,.,G,G,G,G,terrain-lush-grass
46,40,G,lush-grass,P,1,.,.,.,G,G,G,G,terrain-lush-grass
47,40,G,lush-grass,P,1,.,.,.,G,G,G,G,terrain-lush-grass
48,40,G,lush-grass,P,1,.,.,.,G,G,G,G,terrain-lush-grass
49,40,G,lush-grass,P,1,.,.,.,G,G,G,G,terrain-lush-grass
50,40,G,lush-grass,P,1,.,.,.,G,G,G,G,terrain-lush-grass
51,40,G,lush-grass,P,1,.,.,.,G,D,G,G,terrain-lush-grass
52,40,D,packed-dirt,P,1,.,N,.,D,W,W,G,terrain-packed-dirt
53,40,W,fresh-deep-water,L,1,#,N,.,W,W,W,D,terrain-fresh-water
54,40,W,fresh-deep-water,L,1,#,N,.,W,W,W,W,terrain-fresh-water
55,40,W,fresh-deep-water,L,1,#,.,.,W,G,D,W,terrain-fresh-water
56,40,G,lush-grass,P,1,.,.,.,G,G,G,W,terrain-lush-grass
57,40,G,lush-grass,P,1,.,.,.,G,G,G,G,terrain-lush-grass
58,40,G,lush-grass,P,1,.,.,R,G,g,G,G,terrain-lush-grass
59,40,g,dry-grass,T,1,.,.,.,g,g,g,G,terrain-dry-grass
60,40,g,dry-grass,T,1,.,.,.,g,g,g,g,terrain-dry-grass
61,40,g,dry-grass,T,1,.,.,.,g,g,g,g,terrain-dry-grass
62,40,g,dry-grass,T,1,.,.,.,g,g,g,g,terrain-dry-grass
63,40,g,dry-grass,T,1,.,.,.,g,g,g,g,terrain-dry-grass
64,40,g,dry-grass,T,1,.,.,.,g,g,g,g,terrain-dry-grass
65,40,g,dry-grass,T,1,.,.,.,g,g,g,g,terrain-dry-grass
66,40,g,dry-grass,T,1,.,.,.,g,g,g,g,terrain-dry-grass
67,40,g,dry-grass,T,1,.,.,.,g,g,g,g,terrain-dry-grass
68,40,g,dry-grass,T,1,.,.,.,g,g,g,g,terrain-dry-grass
69,40,g,dry-grass,T,1,.,.,.,g,g,g,g,terrain-dry-grass
70,40,g,dry-grass,T,1,.,.,.,g,g,g,g,terrain-dry-grass
71,40,g,dry-grass,T,1,.,.,.,g,g,g,g,terrain-dry-grass
72,40,g,dry-grass,T,1,.,.,.,g,g,g,g,terrain-dry-grass
73,40,g,dry-grass,T,1,.,.,.,g,g,g,g,terrain-dry-grass
74,40,g,dry-grass,T,1,.,.,.,g,g,g,g,terrain-dry-grass
75,40,g,dry-grass,T,1,.,.,.,g,g,g,g,terrain-dry-grass
76,40,g,dry-grass,T,1,.,.,.,g,g,g,g,terrain-dry-grass
77,40,g,dry-grass,T,1,.,.,.,g,g,g,g,terrain-dry-grass
78,40,g,dry-grass,T,1,.,.,.,g,g,g,g,terrain-dry-grass
79,40,g,dry-grass,T,1,.,.,.,g,g,g,g,terrain-dry-grass
80,40,g,dry-grass,T,1,.,.,.,g,A,A,g,terrain-dry-grass
81,40,A,cracked-asphalt,T,1,.,M,B,D,D,A,g,terrain-cracked-asphalt
82,40,D,packed-dirt,T,1,.,M,B,D,D,A,A,terrain-packed-dirt
83,40,D,packed-dirt,T,1,.,M,B,D,D,D,D,terrain-packed-dirt
84,40,D,packed-dirt,T,1,.,M,B,D,D,D,D,terrain-packed-dirt
85,40,D,packed-dirt,T,1,.,M,B,D,D,D,D,terrain-packed-dirt
86,40,D,packed-dirt,T,1,.,M,B,D,D,D,D,terrain-packed-dirt
87,40,D,packed-dirt,T,1,.,.,B,D,D,D,D,terrain-packed-dirt
88,40,D,packed-dirt,P,1,.,.,B,D,D,D,D,terrain-packed-dirt
89,40,D,packed-dirt,P,1,.,.,B,A,A,D,D,terrain-packed-dirt
90,40,A,cracked-asphalt,P,1,.,M,B,A,A,D,D,terrain-cracked-asphalt
91,40,A,cracked-asphalt,P,1,.,M,B,A,A,D,A,terrain-cracked-asphalt
92,40,A,cracked-asphalt,P,1,.,M,B,A,A,A,A,terrain-cracked-asphalt
93,40,A,cracked-asphalt,P,1,.,M,B,A,A,A,A,terrain-cracked-asphalt
94,40,A,cracked-asphalt,P,1,.,M,.,A,A,A,A,terrain-cracked-asphalt
95,40,A,cracked-asphalt,P,1,.,M,.,A,g,g,A,terrain-cracked-asphalt
96,40,g,dry-grass,P,1,.,.,.,g,g,g,A,terrain-dry-grass
97,40,g,dry-grass,P,1,.,.,.,g,g,g,g,terrain-dry-grass
98,40,g,dry-grass,P,1,.,.,.,g,X,g,g,terrain-dry-grass
99,40,X,cliff-mountain,M,1,#,.,.,X,VOID,X,g,terrain-cliff-mountain
0,41,F,forest-floor,F,1,#,.,.,F,F,F,VOID,terrain-forest-floor
1,41,F,forest-floor,F,1,.,.,.,F,F,F,F,terrain-forest-floor
2,41,F,forest-floor,F,1,.,.,.,F,F,F,F,terrain-forest-floor
3,41,F,forest-floor,F,1,.,.,.,F,F,F,F,terrain-forest-floor
4,41,F,forest-floor,F,1,.,.,.,F,F,F,F,terrain-forest-floor
5,41,F,forest-floor,F,1,.,.,.,F,F,F,F,terrain-forest-floor
6,41,F,forest-floor,F,1,.,.,.,F,F,F,F,terrain-forest-floor
7,41,F,forest-floor,F,1,.,.,.,F,F,F,F,terrain-forest-floor
8,41,F,forest-floor,F,1,.,.,.,F,F,F,F,terrain-forest-floor
9,41,F,forest-floor,F,1,.,.,.,F,F,F,F,terrain-forest-floor
10,41,F,forest-floor,F,1,.,.,.,F,F,F,F,terrain-forest-floor
11,41,F,forest-floor,F,1,.,.,.,F,F,F,F,terrain-forest-floor
12,41,F,forest-floor,F,1,.,.,.,F,F,F,F,terrain-forest-floor
13,41,F,forest-floor,F,1,.,.,.,F,F,F,F,terrain-forest-floor
14,41,F,forest-floor,F,1,.,.,.,F,F,F,F,terrain-forest-floor
15,41,F,forest-floor,F,1,.,.,.,F,F,F,F,terrain-forest-floor
16,41,F,forest-floor,F,1,.,.,F,F,F,F,F,terrain-forest-floor
17,41,F,forest-floor,F,1,.,.,F,F,D,F,F,terrain-forest-floor
18,41,D,packed-dirt,F,1,.,N,F,F,D,D,F,terrain-packed-dirt
19,41,D,packed-dirt,F,1,.,N,F,D,D,D,D,terrain-packed-dirt
20,41,D,packed-dirt,F,1,.,N,F,D,F,D,D,terrain-packed-dirt
21,41,F,forest-floor,F,1,.,.,F,D,F,F,D,terrain-forest-floor
22,41,F,forest-floor,F,1,.,.,F,F,F,F,F,terrain-forest-floor
23,41,F,forest-floor,F,1,.,.,F,F,F,F,F,terrain-forest-floor
24,41,F,forest-floor,F,1,.,.,F,F,F,F,F,terrain-forest-floor
25,41,F,forest-floor,F,1,.,.,.,F,F,F,F,terrain-forest-floor
26,41,F,forest-floor,F,1,.,.,.,F,F,F,F,terrain-forest-floor
27,41,F,forest-floor,F,1,.,.,.,F,F,F,F,terrain-forest-floor
28,41,F,forest-floor,F,1,.,.,.,F,F,F,F,terrain-forest-floor
29,41,F,forest-floor,F,1,.,.,.,F,F,F,F,terrain-forest-floor
30,41,F,forest-floor,F,1,.,.,.,F,F,F,F,terrain-forest-floor
31,41,F,forest-floor,F,1,.,.,.,F,F,F,F,terrain-forest-floor
32,41,F,forest-floor,F,1,.,.,.,F,H,F,F,terrain-forest-floor
33,41,H,wood-bridge,F,1,.,B,.,H,H,F,F,terrain-wood-bridge
34,41,H,wood-bridge,M,1,.,B,.,H,H,F,H,terrain-wood-bridge
35,41,H,wood-bridge,L,1,.,B,.,H,H,F,H,terrain-wood-bridge
36,41,H,wood-bridge,L,1,.,B,.,H,H,W,H,terrain-wood-bridge
37,41,H,wood-bridge,L,1,.,B,.,H,g,W,H,terrain-wood-bridge
38,41,g,dry-grass,P,1,.,.,.,g,g,W,H,terrain-dry-grass
39,41,g,dry-grass,P,1,.,.,.,g,G,g,g,terrain-dry-grass
40,41,G,lush-grass,P,1,.,.,.,G,G,G,g,terrain-lush-grass
41,41,G,lush-grass,P,1,.,.,.,G,G,G,G,terrain-lush-grass
42,41,G,lush-grass,P,1,.,.,.,G,G,G,G,terrain-lush-grass
43,41,G,lush-grass,P,1,.,.,.,G,G,G,G,terrain-lush-grass
44,41,G,lush-grass,P,1,.,.,.,G,G,G,G,terrain-lush-grass
45,41,G,lush-grass,P,1,.,.,.,G,G,G,G,terrain-lush-grass
46,41,G,lush-grass,P,1,.,.,.,G,G,G,G,terrain-lush-grass
47,41,G,lush-grass,P,1,.,.,.,G,G,G,G,terrain-lush-grass
48,41,G,lush-grass,P,1,.,.,.,G,G,G,G,terrain-lush-grass
49,41,G,lush-grass,P,1,.,.,.,G,G,G,G,terrain-lush-grass
50,41,G,lush-grass,P,1,.,.,.,G,G,G,G,terrain-lush-grass
51,41,G,lush-grass,P,1,.,.,.,G,W,G,G,terrain-lush-grass
52,41,W,fresh-deep-water,L,1,#,.,.,D,W,W,G,terrain-fresh-water
53,41,W,fresh-deep-water,L,1,#,N,.,W,W,W,W,terrain-fresh-water
54,41,W,fresh-deep-water,L,1,#,N,.,W,D,W,W,terrain-fresh-water
55,41,D,packed-dirt,P,1,.,N,R,W,G,D,W,terrain-packed-dirt
56,41,G,lush-grass,P,1,.,.,R,G,G,G,D,terrain-lush-grass
57,41,G,lush-grass,P,1,.,.,R,G,G,G,G,terrain-lush-grass
58,41,G,lush-grass,P,1,.,.,R,G,g,G,G,terrain-lush-grass
59,41,g,dry-grass,T,1,.,.,R,g,g,g,G,terrain-dry-grass
60,41,g,dry-grass,T,1,.,.,R,g,g,g,g,terrain-dry-grass
61,41,g,dry-grass,T,1,.,.,R,g,g,g,g,terrain-dry-grass
62,41,g,dry-grass,T,1,.,.,.,g,g,g,g,terrain-dry-grass
63,41,g,dry-grass,T,1,.,.,.,g,g,g,g,terrain-dry-grass
64,41,g,dry-grass,T,1,.,.,.,g,g,g,g,terrain-dry-grass
65,41,g,dry-grass,T,1,.,.,.,g,g,g,g,terrain-dry-grass
66,41,g,dry-grass,T,1,.,.,.,g,g,g,g,terrain-dry-grass
67,41,g,dry-grass,T,1,.,.,.,g,g,g,g,terrain-dry-grass
68,41,g,dry-grass,T,1,.,.,.,g,g,g,g,terrain-dry-grass
69,41,g,dry-grass,T,1,.,.,.,g,g,g,g,terrain-dry-grass
70,41,g,dry-grass,T,1,.,.,.,g,g,g,g,terrain-dry-grass
71,41,g,dry-grass,T,1,.,.,.,g,g,g,g,terrain-dry-grass
72,41,g,dry-grass,T,1,.,.,.,g,g,g,g,terrain-dry-grass
73,41,g,dry-grass,T,1,.,.,.,g,g,g,g,terrain-dry-grass
74,41,g,dry-grass,T,1,.,.,.,g,g,g,g,terrain-dry-grass
75,41,g,dry-grass,T,1,.,.,.,g,g,g,g,terrain-dry-grass
76,41,g,dry-grass,T,1,.,.,.,g,g,g,g,terrain-dry-grass
77,41,g,dry-grass,T,1,.,.,.,g,g,g,g,terrain-dry-grass
78,41,g,dry-grass,T,1,.,.,.,g,g,g,g,terrain-dry-grass
79,41,g,dry-grass,T,1,.,.,.,g,A,g,g,terrain-dry-grass
80,41,A,cracked-asphalt,T,1,.,M,.,g,A,A,g,terrain-cracked-asphalt
81,41,A,cracked-asphalt,T,1,.,M,.,A,A,A,A,terrain-cracked-asphalt
82,41,A,cracked-asphalt,T,1,.,M,B,D,D,A,A,terrain-cracked-asphalt
83,41,D,packed-dirt,T,1,.,M,B,D,D,A,A,terrain-packed-dirt
84,41,D,packed-dirt,T,1,.,M,B,D,D,A,D,terrain-packed-dirt
85,41,D,packed-dirt,T,1,.,M,B,D,D,A,D,terrain-packed-dirt
86,41,D,packed-dirt,T,1,.,M,B,D,D,g,D,terrain-packed-dirt
87,41,D,packed-dirt,T,1,.,.,B,D,D,D,D,terrain-packed-dirt
88,41,D,packed-dirt,T,1,.,.,B,D,D,g,D,terrain-packed-dirt
89,41,D,packed-dirt,P,1,.,.,B,D,D,g,D,terrain-packed-dirt
90,41,D,packed-dirt,P,1,.,.,B,A,D,G,D,terrain-packed-dirt
91,41,D,packed-dirt,P,1,.,.,B,A,A,G,D,terrain-packed-dirt
92,41,A,cracked-asphalt,P,1,.,M,B,A,A,G,D,terrain-cracked-asphalt
93,41,A,cracked-asphalt,P,1,.,M,.,A,A,G,A,terrain-cracked-asphalt
94,41,A,cracked-asphalt,P,1,.,M,.,A,g,g,A,terrain-cracked-asphalt
95,41,g,dry-grass,P,1,.,.,.,A,g,g,A,terrain-dry-grass
96,41,g,dry-grass,P,1,.,.,.,g,g,g,g,terrain-dry-grass
97,41,g,dry-grass,P,1,.,.,.,g,g,g,g,terrain-dry-grass
98,41,g,dry-grass,P,1,.,.,.,g,X,g,g,terrain-dry-grass
99,41,X,cliff-mountain,M,1,#,.,.,X,VOID,X,g,terrain-cliff-mountain
0,42,F,forest-floor,F,1,#,.,.,F,F,F,VOID,terrain-forest-floor
1,42,F,forest-floor,F,1,.,.,.,F,F,g,F,terrain-forest-floor
2,42,F,forest-floor,F,1,.,.,.,F,F,F,F,terrain-forest-floor
3,42,F,forest-floor,F,1,.,.,.,F,F,F,F,terrain-forest-floor
4,42,F,forest-floor,F,1,.,.,.,F,F,F,F,terrain-forest-floor
5,42,F,forest-floor,F,1,.,.,.,F,F,F,F,terrain-forest-floor
6,42,F,forest-floor,F,1,.,.,.,F,F,F,F,terrain-forest-floor
7,42,F,forest-floor,F,1,.,.,.,F,F,F,F,terrain-forest-floor
8,42,F,forest-floor,F,1,.,.,.,F,F,F,F,terrain-forest-floor
9,42,F,forest-floor,F,1,.,.,.,F,F,F,F,terrain-forest-floor
10,42,F,forest-floor,F,1,.,.,.,F,F,F,F,terrain-forest-floor
11,42,F,forest-floor,F,1,.,.,.,F,F,F,F,terrain-forest-floor
12,42,F,forest-floor,F,1,.,.,.,F,F,F,F,terrain-forest-floor
13,42,F,forest-floor,F,1,.,.,.,F,F,F,F,terrain-forest-floor
14,42,F,forest-floor,F,1,.,.,.,F,F,F,F,terrain-forest-floor
15,42,F,forest-floor,F,1,.,.,.,F,F,F,F,terrain-forest-floor
16,42,F,forest-floor,F,1,.,.,.,F,F,F,F,terrain-forest-floor
17,42,F,forest-floor,F,1,.,.,F,F,D,F,F,terrain-forest-floor
18,42,D,packed-dirt,F,1,.,N,F,D,D,D,F,terrain-packed-dirt
19,42,D,packed-dirt,F,1,.,N,F,D,D,D,D,terrain-packed-dirt
20,42,D,packed-dirt,F,1,.,N,F,D,F,D,D,terrain-packed-dirt
21,42,F,forest-floor,F,1,.,.,F,F,F,S,D,terrain-forest-floor
22,42,F,forest-floor,F,1,.,.,F,F,F,S,F,terrain-forest-floor
23,42,F,forest-floor,F,1,.,.,F,F,F,S,F,terrain-forest-floor
24,42,F,forest-floor,F,1,.,.,.,F,F,S,F,terrain-forest-floor
25,42,F,forest-floor,F,1,.,.,.,F,F,F,F,terrain-forest-floor
26,42,F,forest-floor,F,1,.,.,.,F,F,F,F,terrain-forest-floor
27,42,F,forest-floor,F,1,.,.,.,F,F,F,F,terrain-forest-floor
28,42,F,forest-floor,F,1,.,.,.,F,F,F,F,terrain-forest-floor
29,42,F,forest-floor,F,1,.,.,.,F,F,F,F,terrain-forest-floor
30,42,F,forest-floor,F,1,.,.,.,F,F,F,F,terrain-forest-floor
31,42,F,forest-floor,F,1,.,.,.,F,F,F,F,terrain-forest-floor
32,42,F,forest-floor,F,1,.,.,.,F,F,F,F,terrain-forest-floor
33,42,F,forest-floor,F,1,.,.,.,H,F,F,F,terrain-forest-floor
34,42,F,forest-floor,F,1,.,.,.,H,F,F,F,terrain-forest-floor
35,42,F,forest-floor,F,1,.,.,.,H,W,g,F,terrain-forest-floor
36,42,W,fresh-deep-water,L,1,#,.,.,H,W,W,F,terrain-fresh-water
37,42,W,fresh-deep-water,L,1,#,.,.,H,W,W,W,terrain-fresh-water
38,42,W,fresh-deep-water,L,1,#,.,.,g,g,W,W,terrain-fresh-water
39,42,g,dry-grass,P,1,.,.,.,g,G,g,W,terrain-dry-grass
40,42,G,lush-grass,P,1,.,.,.,G,G,G,g,terrain-lush-grass
41,42,G,lush-grass,P,1,.,.,.,G,G,G,G,terrain-lush-grass
42,42,G,lush-grass,P,1,.,.,.,G,G,G,G,terrain-lush-grass
43,42,G,lush-grass,P,1,.,.,.,G,G,G,G,terrain-lush-grass
44,42,G,lush-grass,P,1,.,.,.,G,G,G,G,terrain-lush-grass
45,42,G,lush-grass,P,1,.,.,.,G,G,G,G,terrain-lush-grass
46,42,G,lush-grass,P,1,.,.,.,G,G,G,G,terrain-lush-grass
47,42,G,lush-grass,P,1,.,.,.,G,G,G,G,terrain-lush-grass
48,42,G,lush-grass,P,1,.,.,.,G,G,G,G,terrain-lush-grass
49,42,G,lush-grass,P,1,.,.,.,G,G,G,G,terrain-lush-grass
50,42,G,lush-grass,P,1,.,.,.,G,G,G,G,terrain-lush-grass
51,42,G,lush-grass,P,1,.,.,.,G,W,G,G,terrain-lush-grass
52,42,W,fresh-deep-water,L,1,#,.,.,W,W,W,G,terrain-fresh-water
53,42,W,fresh-deep-water,L,1,#,N,.,W,W,W,W,terrain-fresh-water
54,42,W,fresh-deep-water,L,1,#,N,R,W,D,W,W,terrain-fresh-water
55,42,D,packed-dirt,P,1,.,N,R,D,G,D,W,terrain-packed-dirt
56,42,G,lush-grass,P,1,.,.,R,G,G,D,D,terrain-lush-grass
57,42,G,lush-grass,P,1,.,.,R,G,G,A,G,terrain-lush-grass
58,42,G,lush-grass,P,1,.,.,R,G,g,A,G,terrain-lush-grass
59,42,g,dry-grass,T,1,.,.,R,g,g,g,G,terrain-dry-grass
60,42,g,dry-grass,T,1,.,.,R,g,g,g,g,terrain-dry-grass
61,42,g,dry-grass,T,1,.,.,R,g,g,g,g,terrain-dry-grass
62,42,g,dry-grass,T,1,.,.,R,g,g,g,g,terrain-dry-grass
63,42,g,dry-grass,T,1,.,.,.,g,g,g,g,terrain-dry-grass
64,42,g,dry-grass,T,1,.,.,.,g,g,g,g,terrain-dry-grass
65,42,g,dry-grass,T,1,.,.,.,g,g,g,g,terrain-dry-grass
66,42,g,dry-grass,T,1,.,.,.,g,g,g,g,terrain-dry-grass
67,42,g,dry-grass,T,1,.,.,.,g,g,g,g,terrain-dry-grass
68,42,g,dry-grass,T,1,.,.,.,g,g,g,g,terrain-dry-grass
69,42,g,dry-grass,T,1,.,.,.,g,g,g,g,terrain-dry-grass
70,42,g,dry-grass,T,1,.,.,.,g,g,A,g,terrain-dry-grass
71,42,g,dry-grass,T,1,.,.,.,g,g,A,g,terrain-dry-grass
72,42,g,dry-grass,T,1,.,.,.,g,g,A,g,terrain-dry-grass
73,42,g,dry-grass,T,1,.,.,.,g,g,A,g,terrain-dry-grass
74,42,g,dry-grass,T,1,.,.,.,g,g,A,g,terrain-dry-grass
75,42,g,dry-grass,T,1,.,.,.,g,g,g,g,terrain-dry-grass
76,42,g,dry-grass,T,1,.,.,.,g,g,g,g,terrain-dry-grass
77,42,g,dry-grass,T,1,.,.,.,g,g,g,g,terrain-dry-grass
78,42,g,dry-grass,T,1,.,.,.,g,g,g,g,terrain-dry-grass
79,42,g,dry-grass,T,1,.,.,.,g,A,A,g,terrain-dry-grass
80,42,A,cracked-asphalt,T,1,.,M,.,A,A,A,g,terrain-cracked-asphalt
81,42,A,cracked-asphalt,T,1,.,M,.,A,A,A,A,terrain-cracked-asphalt
82,42,A,cracked-asphalt,T,1,.,M,.,A,A,A,A,terrain-cracked-asphalt
83,42,A,cracked-asphalt,T,1,.,M,.,D,A,A,A,terrain-cracked-asphalt
84,42,A,cracked-asphalt,T,1,.,M,B,D,A,A,A,terrain-cracked-asphalt
85,42,A,cracked-asphalt,T,1,.,M,B,D,g,g,A,terrain-cracked-asphalt
86,42,g,dry-grass,T,1,.,.,B,D,D,g,A,terrain-dry-grass
87,42,D,packed-dirt,T,1,.,.,B,D,g,g,g,terrain-packed-dirt
88,42,g,dry-grass,T,1,.,.,B,D,g,g,D,terrain-dry-grass
89,42,g,dry-grass,T,1,.,.,B,D,G,g,g,terrain-dry-grass
90,42,G,lush-grass,P,1,.,.,B,D,G,g,g,terrain-lush-grass
91,42,G,lush-grass,P,1,.,.,.,D,G,G,G,terrain-lush-grass
92,42,G,lush-grass,P,1,.,.,.,A,G,G,G,terrain-lush-grass
93,42,G,lush-grass,P,1,.,.,.,A,g,G,G,terrain-lush-grass
94,42,g,dry-grass,P,1,.,.,.,A,g,g,G,terrain-dry-grass
95,42,g,dry-grass,P,1,.,.,.,g,g,g,g,terrain-dry-grass
96,42,g,dry-grass,P,1,.,.,.,g,g,g,g,terrain-dry-grass
97,42,g,dry-grass,P,1,.,.,.,g,g,g,g,terrain-dry-grass
98,42,g,dry-grass,P,1,.,.,.,g,X,g,g,terrain-dry-grass
99,42,X,cliff-mountain,M,1,#,.,.,X,VOID,X,g,terrain-cliff-mountain
0,43,F,forest-floor,F,1,#,.,.,F,g,F,VOID,terrain-forest-floor
1,43,g,dry-grass,P,1,.,.,.,F,F,g,F,terrain-dry-grass
2,43,F,forest-floor,F,1,.,.,.,F,F,F,g,terrain-forest-floor
3,43,F,forest-floor,F,1,.,.,.,F,F,F,F,terrain-forest-floor
4,43,F,forest-floor,F,1,.,.,.,F,F,F,F,terrain-forest-floor
5,43,F,forest-floor,F,1,.,.,.,F,F,F,F,terrain-forest-floor
6,43,F,forest-floor,F,1,.,.,.,F,F,F,F,terrain-forest-floor
7,43,F,forest-floor,F,1,.,.,.,F,F,F,F,terrain-forest-floor
8,43,F,forest-floor,F,1,.,.,.,F,F,F,F,terrain-forest-floor
9,43,F,forest-floor,F,1,.,.,.,F,F,F,F,terrain-forest-floor
10,43,F,forest-floor,F,1,.,.,.,F,F,F,F,terrain-forest-floor
11,43,F,forest-floor,F,1,.,.,.,F,F,F,F,terrain-forest-floor
12,43,F,forest-floor,F,1,.,.,.,F,F,F,F,terrain-forest-floor
13,43,F,forest-floor,F,1,.,.,.,F,F,F,F,terrain-forest-floor
14,43,F,forest-floor,F,1,.,.,.,F,F,F,F,terrain-forest-floor
15,43,F,forest-floor,F,1,.,.,.,F,F,F,F,terrain-forest-floor
16,43,F,forest-floor,F,1,.,.,.,F,F,S,F,terrain-forest-floor
17,43,F,forest-floor,F,1,.,.,.,F,D,S,F,terrain-forest-floor
18,43,D,packed-dirt,F,1,.,N,.,D,D,D,F,terrain-packed-dirt
19,43,D,packed-dirt,F,1,.,N,.,D,D,D,D,terrain-packed-dirt
20,43,D,packed-dirt,F,1,.,N,F,D,S,D,D,terrain-packed-dirt
21,43,S,wasteland-sand,D,1,.,.,.,F,S,S,D,terrain-wasteland-sand
22,43,S,wasteland-sand,D,1,.,.,.,F,S,S,S,terrain-wasteland-sand
23,43,S,wasteland-sand,D,1,.,.,.,F,S,S,S,terrain-wasteland-sand
24,43,S,wasteland-sand,D,1,.,.,.,F,F,S,S,terrain-wasteland-sand
25,43,F,forest-floor,F,1,.,.,.,F,F,S,S,terrain-forest-floor
26,43,F,forest-floor,F,1,.,.,.,F,F,S,F,terrain-forest-floor
27,43,F,forest-floor,F,1,.,.,.,F,F,S,F,terrain-forest-floor
28,43,F,forest-floor,F,1,.,.,.,F,F,F,F,terrain-forest-floor
29,43,F,forest-floor,F,1,.,.,.,F,F,F,F,terrain-forest-floor
30,43,F,forest-floor,F,1,.,.,.,F,F,F,F,terrain-forest-floor
31,43,F,forest-floor,F,1,.,.,.,F,F,F,F,terrain-forest-floor
32,43,F,forest-floor,F,1,.,.,.,F,F,F,F,terrain-forest-floor
33,43,F,forest-floor,F,1,.,.,.,F,F,F,F,terrain-forest-floor
34,43,F,forest-floor,F,1,.,.,.,F,g,F,F,terrain-forest-floor
35,43,g,dry-grass,P,1,.,.,.,F,W,g,F,terrain-dry-grass
36,43,W,fresh-deep-water,L,1,#,.,.,W,W,W,g,terrain-fresh-water
37,43,W,fresh-deep-water,L,1,#,.,.,W,W,W,W,terrain-fresh-water
38,43,W,fresh-deep-water,L,1,#,.,.,W,g,W,W,terrain-fresh-water
39,43,g,dry-grass,P,1,.,.,.,g,G,g,W,terrain-dry-grass
40,43,G,lush-grass,P,1,.,.,.,G,G,G,g,terrain-lush-grass
41,43,G,lush-grass,P,1,.,.,.,G,G,G,G,terrain-lush-grass
42,43,G,lush-grass,P,1,.,.,.,G,G,G,G,terrain-lush-grass
43,43,G,lush-grass,P,1,.,.,.,G,G,G,G,terrain-lush-grass
44,43,G,lush-grass,P,1,.,.,.,G,G,G,G,terrain-lush-grass
45,43,G,lush-grass,P,1,.,.,.,G,G,G,G,terrain-lush-grass
46,43,G,lush-grass,P,1,.,.,.,G,G,G,G,terrain-lush-grass
47,43,G,lush-grass,P,1,.,.,.,G,G,G,G,terrain-lush-grass
48,43,G,lush-grass,P,1,.,.,.,G,G,A,G,terrain-lush-grass
49,43,G,lush-grass,P,1,.,.,.,G,G,A,G,terrain-lush-grass
50,43,G,lush-grass,P,1,.,.,.,G,G,Q,G,terrain-lush-grass
51,43,G,lush-grass,P,1,.,.,.,G,W,Q,G,terrain-lush-grass
52,43,W,fresh-deep-water,L,1,#,.,.,W,W,Q,G,terrain-fresh-water
53,43,W,fresh-deep-water,L,1,#,M,.,W,W,Q,W,terrain-fresh-water
54,43,W,fresh-deep-water,L,1,#,N,R,W,D,Q,W,terrain-fresh-water
55,43,D,packed-dirt,P,1,.,N,R,D,D,D,W,terrain-packed-dirt
56,43,D,packed-dirt,P,1,.,N,R,G,A,D,D,terrain-packed-dirt
57,43,A,cracked-asphalt,P,1,.,M,R,G,A,D,D,terrain-cracked-asphalt
58,43,A,cracked-asphalt,P,1,.,M,R,G,g,A,A,terrain-cracked-asphalt
59,43,g,dry-grass,T,1,.,.,R,g,g,A,A,terrain-dry-grass
60,43,g,dry-grass,T,1,.,.,R,g,g,A,g,terrain-dry-grass
61,43,g,dry-grass,T,1,.,.,R,g,g,g,g,terrain-dry-grass
62,43,g,dry-grass,T,1,.,.,R,g,g,g,g,terrain-dry-grass
63,43,g,dry-grass,T,1,.,.,.,g,g,g,g,terrain-dry-grass
64,43,g,dry-grass,T,1,.,.,.,g,g,g,g,terrain-dry-grass
65,43,g,dry-grass,T,1,.,.,.,g,g,g,g,terrain-dry-grass
66,43,g,dry-grass,T,1,.,.,.,g,g,g,g,terrain-dry-grass
67,43,g,dry-grass,T,1,.,.,.,g,g,g,g,terrain-dry-grass
68,43,g,dry-grass,T,1,.,.,.,g,g,g,g,terrain-dry-grass
69,43,g,dry-grass,T,1,.,.,.,g,A,g,g,terrain-dry-grass
70,43,A,cracked-asphalt,T,1,.,T,.,g,A,A,g,terrain-cracked-asphalt
71,43,A,cracked-asphalt,T,1,.,T,.,g,A,A,A,terrain-cracked-asphalt
72,43,A,cracked-asphalt,T,1,.,T,.,g,A,A,A,terrain-cracked-asphalt
73,43,A,cracked-asphalt,T,1,.,T,.,g,A,A,A,terrain-cracked-asphalt
74,43,A,cracked-asphalt,T,1,.,T,.,g,g,A,A,terrain-cracked-asphalt
75,43,g,dry-grass,T,1,.,.,.,g,g,g,A,terrain-dry-grass
76,43,g,dry-grass,T,1,.,.,.,g,g,g,g,terrain-dry-grass
77,43,g,dry-grass,T,1,.,.,.,g,g,g,g,terrain-dry-grass
78,43,g,dry-grass,T,1,.,.,.,g,A,g,g,terrain-dry-grass
79,43,A,cracked-asphalt,T,1,.,M,.,g,A,g,g,terrain-cracked-asphalt
80,43,A,cracked-asphalt,T,1,.,M,.,A,A,g,A,terrain-cracked-asphalt
81,43,A,cracked-asphalt,T,1,.,M,.,A,A,A,A,terrain-cracked-asphalt
82,43,A,cracked-asphalt,T,1,.,M,.,A,A,A,A,terrain-cracked-asphalt
83,43,A,cracked-asphalt,T,1,.,M,.,A,A,A,A,terrain-cracked-asphalt
84,43,A,cracked-asphalt,T,1,.,M,.,A,g,A,A,terrain-cracked-asphalt
85,43,g,dry-grass,T,1,.,.,.,A,g,g,A,terrain-dry-grass
86,43,g,dry-grass,T,1,.,.,.,g,g,g,g,terrain-dry-grass
87,43,g,dry-grass,T,1,.,.,B,D,g,g,g,terrain-dry-grass
88,43,g,dry-grass,T,1,.,.,.,g,g,g,g,terrain-dry-grass
89,43,g,dry-grass,T,1,.,.,.,g,g,g,g,terrain-dry-grass
90,43,g,dry-grass,T,1,.,.,.,G,G,g,g,terrain-dry-grass
91,43,G,lush-grass,P,1,.,.,.,G,G,g,g,terrain-lush-grass
92,43,G,lush-grass,P,1,.,.,.,G,G,G,G,terrain-lush-grass
93,43,G,lush-grass,P,1,.,.,.,G,g,G,G,terrain-lush-grass
94,43,g,dry-grass,P,1,.,.,.,g,g,g,G,terrain-dry-grass
95,43,g,dry-grass,P,1,.,.,.,g,g,g,g,terrain-dry-grass
96,43,g,dry-grass,P,1,.,.,.,g,g,g,g,terrain-dry-grass
97,43,g,dry-grass,P,1,.,.,.,g,g,g,g,terrain-dry-grass
98,43,g,dry-grass,P,1,.,.,.,g,X,g,g,terrain-dry-grass
99,43,X,cliff-mountain,M,1,#,.,.,X,VOID,X,g,terrain-cliff-mountain
0,44,F,forest-floor,F,1,#,.,.,F,g,F,VOID,terrain-forest-floor
1,44,g,dry-grass,P,1,.,.,.,g,F,g,F,terrain-dry-grass
2,44,F,forest-floor,F,1,.,.,.,F,F,F,g,terrain-forest-floor
3,44,F,forest-floor,F,1,.,.,.,F,F,F,F,terrain-forest-floor
4,44,F,forest-floor,F,1,.,.,.,F,F,F,F,terrain-forest-floor
5,44,F,forest-floor,F,1,.,.,.,F,F,F,F,terrain-forest-floor
6,44,F,forest-floor,F,1,.,.,.,F,F,F,F,terrain-forest-floor
7,44,F,forest-floor,F,1,.,.,.,F,F,F,F,terrain-forest-floor
8,44,F,forest-floor,F,1,.,.,.,F,F,F,F,terrain-forest-floor
9,44,F,forest-floor,F,1,.,.,.,F,F,F,F,terrain-forest-floor
10,44,F,forest-floor,F,1,.,.,.,F,F,F,F,terrain-forest-floor
11,44,F,forest-floor,F,1,.,.,.,F,F,F,F,terrain-forest-floor
12,44,F,forest-floor,F,1,.,.,.,F,F,S,F,terrain-forest-floor
13,44,F,forest-floor,F,1,.,.,.,F,F,S,F,terrain-forest-floor
14,44,F,forest-floor,F,1,.,.,.,F,F,S,F,terrain-forest-floor
15,44,F,forest-floor,F,1,.,.,.,F,S,S,F,terrain-forest-floor
16,44,S,wasteland-sand,D,1,.,.,.,F,S,S,F,terrain-wasteland-sand
17,44,S,wasteland-sand,D,1,.,.,.,F,D,S,S,terrain-wasteland-sand
18,44,D,packed-dirt,D,1,.,N,.,D,D,D,S,terrain-packed-dirt
19,44,D,packed-dirt,D,1,.,N,.,D,D,D,D,terrain-packed-dirt
20,44,D,packed-dirt,D,1,.,N,.,D,S,D,D,terrain-packed-dirt
21,44,S,wasteland-sand,D,1,.,.,.,S,S,S,D,terrain-wasteland-sand
22,44,S,wasteland-sand,D,1,.,.,.,S,S,S,S,terrain-wasteland-sand
23,44,S,wasteland-sand,D,1,.,.,.,S,S,S,S,terrain-wasteland-sand
24,44,S,wasteland-sand,D,1,.,.,.,S,S,S,S,terrain-wasteland-sand
25,44,S,wasteland-sand,D,1,.,.,.,F,S,S,S,terrain-wasteland-sand
26,44,S,wasteland-sand,D,1,.,.,.,F,S,S,S,terrain-wasteland-sand
27,44,S,wasteland-sand,D,1,.,.,.,F,F,S,S,terrain-wasteland-sand
28,44,F,forest-floor,F,1,.,.,.,F,F,S,S,terrain-forest-floor
29,44,F,forest-floor,F,1,.,.,.,F,F,S,F,terrain-forest-floor
30,44,F,forest-floor,F,1,.,.,.,F,F,S,F,terrain-forest-floor
31,44,F,forest-floor,F,1,.,.,.,F,F,F,F,terrain-forest-floor
32,44,F,forest-floor,F,1,.,.,.,F,F,F,F,terrain-forest-floor
33,44,F,forest-floor,F,1,.,.,.,F,F,F,F,terrain-forest-floor
34,44,F,forest-floor,F,1,.,.,.,F,g,g,F,terrain-forest-floor
35,44,g,dry-grass,P,1,.,.,.,g,W,g,F,terrain-dry-grass
36,44,W,fresh-deep-water,L,1,#,.,.,W,W,g,g,terrain-fresh-water
37,44,W,fresh-deep-water,L,1,#,.,.,W,W,W,W,terrain-fresh-water
38,44,W,fresh-deep-water,L,1,#,.,.,W,g,W,W,terrain-fresh-water
39,44,g,dry-grass,P,1,.,.,.,g,G,W,W,terrain-dry-grass
40,44,G,lush-grass,P,1,.,.,.,G,G,g,g,terrain-lush-grass
41,44,G,lush-grass,P,1,.,.,.,G,G,G,G,terrain-lush-grass
42,44,G,lush-grass,P,1,.,.,.,G,G,G,G,terrain-lush-grass
43,44,G,lush-grass,P,1,.,.,.,G,G,G,G,terrain-lush-grass
44,44,G,lush-grass,P,1,.,.,.,G,G,G,G,terrain-lush-grass
45,44,G,lush-grass,P,1,.,.,.,G,G,A,G,terrain-lush-grass
46,44,G,lush-grass,P,1,.,.,.,G,G,A,G,terrain-lush-grass
47,44,G,lush-grass,P,1,.,.,.,G,A,A,G,terrain-lush-grass
48,44,A,cracked-asphalt,P,1,.,M,.,G,A,A,G,terrain-cracked-asphalt
49,44,A,cracked-asphalt,P,1,.,M,.,G,Q,A,A,terrain-cracked-asphalt
50,44,Q,stone-road-bridge,P,1,.,B,.,G,Q,Q,A,terrain-stone-road-bridge
51,44,Q,stone-road-bridge,L,1,.,B,.,G,Q,Q,Q,terrain-stone-road-bridge
52,44,Q,stone-road-bridge,L,1,.,B,.,W,Q,Q,Q,terrain-stone-road-bridge
53,44,Q,stone-road-bridge,L,1,.,B,.,W,Q,Q,Q,terrain-stone-road-bridge
54,44,Q,stone-road-bridge,P,1,.,B,R,W,D,Q,Q,terrain-stone-road-bridge
55,44,D,packed-dirt,P,1,.,N,R,D,D,A,Q,terrain-packed-dirt
56,44,D,packed-dirt,P,1,.,N,R,D,D,D,D,terrain-packed-dirt
57,44,D,packed-dirt,P,1,.,N,R,A,A,D,D,terrain-packed-dirt
58,44,A,cracked-asphalt,P,1,.,M,R,A,A,D,D,terrain-cracked-asphalt
59,44,A,cracked-asphalt,T,1,.,M,R,g,A,A,A,terrain-cracked-asphalt
60,44,A,cracked-asphalt,T,1,.,M,R,g,g,A,A,terrain-cracked-asphalt
61,44,g,dry-grass,T,1,.,.,R,g,g,A,A,terrain-dry-grass
62,44,g,dry-grass,T,1,.,.,R,g,g,A,g,terrain-dry-grass
63,44,g,dry-grass,T,1,.,.,.,g,g,A,g,terrain-dry-grass
64,44,g,dry-grass,T,1,.,.,.,g,g,g,g,terrain-dry-grass
65,44,g,dry-grass,T,1,.,.,.,g,g,g,g,terrain-dry-grass
66,44,g,dry-grass,T,1,.,.,.,g,g,g,g,terrain-dry-grass
67,44,g,dry-grass,T,1,.,.,.,g,g,g,g,terrain-dry-grass
68,44,g,dry-grass,T,1,.,.,.,g,g,g,g,terrain-dry-grass
69,44,g,dry-grass,T,1,.,.,.,g,A,g,g,terrain-dry-grass
70,44,A,cracked-asphalt,T,1,.,T,.,A,A,A,g,terrain-cracked-asphalt
71,44,A,cracked-asphalt,T,1,.,T,.,A,A,A,A,terrain-cracked-asphalt
72,44,A,cracked-asphalt,T,1,.,T,.,A,A,A,A,terrain-cracked-asphalt
73,44,A,cracked-asphalt,T,1,.,T,.,A,A,A,A,terrain-cracked-asphalt
74,44,A,cracked-asphalt,T,1,.,T,.,A,g,A,A,terrain-cracked-asphalt
75,44,g,dry-grass,T,1,.,.,.,g,g,g,A,terrain-dry-grass
76,44,g,dry-grass,T,1,.,.,.,g,g,g,g,terrain-dry-grass
77,44,g,dry-grass,T,1,.,.,.,g,g,g,g,terrain-dry-grass
78,44,g,dry-grass,T,1,.,M,.,g,g,g,g,terrain-dry-grass
79,44,g,dry-grass,T,1,.,M,.,A,g,g,g,terrain-dry-grass
80,44,g,dry-grass,T,1,.,M,.,A,A,g,g,terrain-dry-grass
81,44,A,cracked-asphalt,T,1,.,M,.,A,A,A,g,terrain-cracked-asphalt
82,44,A,cracked-asphalt,T,1,.,M,.,A,A,A,A,terrain-cracked-asphalt
83,44,A,cracked-asphalt,T,1,.,M,.,A,A,A,A,terrain-cracked-asphalt
84,44,A,cracked-asphalt,T,1,.,M,.,A,g,g,A,terrain-cracked-asphalt
85,44,g,dry-grass,T,1,.,.,.,g,g,g,A,terrain-dry-grass
86,44,g,dry-grass,T,1,.,.,.,g,g,g,g,terrain-dry-grass
87,44,g,dry-grass,T,1,.,.,.,g,g,g,g,terrain-dry-grass
88,44,g,dry-grass,T,1,.,.,.,g,g,g,g,terrain-dry-grass
89,44,g,dry-grass,T,1,.,.,.,g,g,g,g,terrain-dry-grass
90,44,g,dry-grass,T,1,.,.,.,g,g,g,g,terrain-dry-grass
91,44,g,dry-grass,T,1,.,.,.,G,G,g,g,terrain-dry-grass
92,44,G,lush-grass,P,1,.,.,.,G,G,G,g,terrain-lush-grass
93,44,G,lush-grass,P,1,.,.,.,G,g,G,G,terrain-lush-grass
94,44,g,dry-grass,P,1,.,.,.,g,g,g,G,terrain-dry-grass
95,44,g,dry-grass,P,1,.,.,.,g,g,g,g,terrain-dry-grass
96,44,g,dry-grass,P,1,.,.,.,g,g,g,g,terrain-dry-grass
97,44,g,dry-grass,P,1,.,.,.,g,g,g,g,terrain-dry-grass
98,44,g,dry-grass,P,1,.,.,.,g,X,g,g,terrain-dry-grass
99,44,X,cliff-mountain,M,1,#,.,.,X,VOID,X,g,terrain-cliff-mountain
0,45,F,forest-floor,F,1,#,.,.,F,g,F,VOID,terrain-forest-floor
1,45,g,dry-grass,P,1,.,.,.,g,F,g,F,terrain-dry-grass
2,45,F,forest-floor,F,1,.,.,.,F,F,F,g,terrain-forest-floor
3,45,F,forest-floor,F,1,.,.,.,F,F,F,F,terrain-forest-floor
4,45,F,forest-floor,F,1,.,.,.,F,F,F,F,terrain-forest-floor
5,45,F,forest-floor,F,1,.,.,.,F,F,F,F,terrain-forest-floor
6,45,F,forest-floor,F,1,.,.,.,F,F,F,F,terrain-forest-floor
7,45,F,forest-floor,F,1,.,.,.,F,F,F,F,terrain-forest-floor
8,45,F,forest-floor,F,1,.,.,.,F,F,S,F,terrain-forest-floor
9,45,F,forest-floor,F,1,.,.,.,F,F,S,F,terrain-forest-floor
10,45,F,forest-floor,F,1,.,.,.,F,F,S,F,terrain-forest-floor
11,45,F,forest-floor,F,1,.,.,.,F,S,S,F,terrain-forest-floor
12,45,S,wasteland-sand,D,1,.,.,.,F,S,S,F,terrain-wasteland-sand
13,45,S,wasteland-sand,D,1,.,.,.,F,S,S,S,terrain-wasteland-sand
14,45,S,wasteland-sand,D,1,.,.,.,F,S,S,S,terrain-wasteland-sand
15,45,S,wasteland-sand,D,1,.,.,.,F,S,S,S,terrain-wasteland-sand
16,45,S,wasteland-sand,D,1,.,.,.,S,S,S,S,terrain-wasteland-sand
17,45,S,wasteland-sand,D,1,.,.,.,S,D,D,S,terrain-wasteland-sand
18,45,D,packed-dirt,D,1,.,N,.,D,D,D,S,terrain-packed-dirt
19,45,D,packed-dirt,D,1,.,N,.,D,D,D,D,terrain-packed-dirt
20,45,D,packed-dirt,D,1,.,N,.,D,S,S,D,terrain-packed-dirt
21,45,S,wasteland-sand,D,1,.,.,.,S,S,S,D,terrain-wasteland-sand
22,45,S,wasteland-sand,D,1,.,.,.,S,S,S,S,terrain-wasteland-sand
23,45,S,wasteland-sand,D,1,.,.,.,S,S,S,S,terrain-wasteland-sand
24,45,S,wasteland-sand,D,1,.,.,.,S,S,S,S,terrain-wasteland-sand
25,45,S,wasteland-sand,D,1,.,.,.,S,S,S,S,terrain-wasteland-sand
26,45,S,wasteland-sand,D,1,.,.,.,S,S,S,S,terrain-wasteland-sand
27,45,S,wasteland-sand,D,1,.,.,.,S,S,S,S,terrain-wasteland-sand
28,45,S,wasteland-sand,D,1,.,.,.,F,S,S,S,terrain-wasteland-sand
29,45,S,wasteland-sand,D,1,.,.,.,F,S,S,S,terrain-wasteland-sand
30,45,S,wasteland-sand,D,1,.,.,.,F,F,S,S,terrain-wasteland-sand
31,45,F,forest-floor,F,1,.,.,.,F,F,S,S,terrain-forest-floor
32,45,F,forest-floor,F,1,.,.,.,F,F,S,F,terrain-forest-floor
33,45,F,forest-floor,F,1,.,.,.,F,g,S,F,terrain-forest-floor
34,45,g,dry-grass,P,1,.,.,.,F,g,S,F,terrain-dry-grass
35,45,g,dry-grass,P,1,.,.,.,g,g,g,g,terrain-dry-grass
36,45,g,dry-grass,P,1,.,.,.,W,W,g,g,terrain-dry-grass
37,45,W,fresh-deep-water,L,1,#,.,.,W,W,W,g,terrain-fresh-water
38,45,W,fresh-deep-water,L,1,#,.,.,W,W,W,W,terrain-fresh-water
39,45,W,fresh-deep-water,L,1,#,.,.,g,g,W,W,terrain-fresh-water
40,45,g,dry-grass,P,1,.,.,.,G,G,g,W,terrain-dry-grass
41,45,G,lush-grass,P,1,.,.,.,G,G,G,g,terrain-lush-grass
42,45,G,lush-grass,P,1,.,.,.,G,G,G,G,terrain-lush-grass
43,45,G,lush-grass,P,1,.,.,.,G,G,A,G,terrain-lush-grass
44,45,G,lush-grass,P,1,.,.,.,G,A,A,G,terrain-lush-grass
45,45,A,cracked-asphalt,P,1,.,M,.,G,A,A,G,terrain-cracked-asphalt
46,45,A,cracked-asphalt,P,1,.,M,.,G,A,A,A,terrain-cracked-asphalt
47,45,A,cracked-asphalt,P,1,.,M,.,G,A,A,A,terrain-cracked-asphalt
48,45,A,cracked-asphalt,P,1,.,M,.,A,A,A,A,terrain-cracked-asphalt
49,45,A,cracked-asphalt,P,1,.,M,.,A,Q,A,A,terrain-cracked-asphalt
50,45,Q,stone-road-bridge,P,1,.,B,.,Q,Q,Q,A,terrain-stone-road-bridge
51,45,Q,stone-road-bridge,L,1,.,B,.,Q,Q,Q,Q,terrain-stone-road-bridge
52,45,Q,stone-road-bridge,L,1,.,B,.,Q,Q,Q,Q,terrain-stone-road-bridge
53,45,Q,stone-road-bridge,L,1,.,B,R,Q,Q,Q,Q,terrain-stone-road-bridge
54,45,Q,stone-road-bridge,P,1,.,B,R,Q,A,Q,Q,terrain-stone-road-bridge
55,45,A,cracked-asphalt,P,1,.,M,R,D,D,A,Q,terrain-cracked-asphalt
56,45,D,packed-dirt,P,1,.,N,R,D,D,A,A,terrain-packed-dirt
57,45,D,packed-dirt,P,1,.,N,R,D,D,D,D,terrain-packed-dirt
58,45,D,packed-dirt,P,1,.,N,R,A,A,A,D,terrain-packed-dirt
59,45,A,cracked-asphalt,T,1,.,M,R,A,A,A,D,terrain-cracked-asphalt
60,45,A,cracked-asphalt,T,1,.,M,R,A,A,A,A,terrain-cracked-asphalt
61,45,A,cracked-asphalt,T,1,.,M,R,g,A,A,A,terrain-cracked-asphalt
62,45,A,cracked-asphalt,T,1,.,M,R,g,A,A,A,terrain-cracked-asphalt
63,45,A,cracked-asphalt,T,1,.,M,R,g,g,A,A,terrain-cracked-asphalt
64,45,g,dry-grass,T,1,.,.,.,g,g,g,A,terrain-dry-grass
65,45,g,dry-grass,T,1,.,.,.,g,g,g,g,terrain-dry-grass
66,45,g,dry-grass,T,1,.,.,.,g,g,g,g,terrain-dry-grass
67,45,g,dry-grass,T,1,.,.,.,g,g,g,g,terrain-dry-grass
68,45,g,dry-grass,T,1,.,.,.,g,g,g,g,terrain-dry-grass
69,45,g,dry-grass,T,1,.,.,.,g,A,g,g,terrain-dry-grass
70,45,A,cracked-asphalt,T,1,.,T,.,A,A,A,g,terrain-cracked-asphalt
71,45,A,cracked-asphalt,T,1,.,T,.,A,A,A,A,terrain-cracked-asphalt
72,45,A,cracked-asphalt,T,1,.,T,.,A,A,A,A,terrain-cracked-asphalt
73,45,A,cracked-asphalt,T,1,.,T,.,A,A,A,A,terrain-cracked-asphalt
74,45,A,cracked-asphalt,T,1,.,T,.,A,g,A,A,terrain-cracked-asphalt
75,45,g,dry-grass,T,1,.,.,.,g,g,g,A,terrain-dry-grass
76,45,g,dry-grass,T,1,.,.,.,g,g,g,g,terrain-dry-grass
77,45,g,dry-grass,T,1,.,M,.,g,g,g,g,terrain-dry-grass
78,45,g,dry-grass,T,1,.,M,.,g,g,g,g,terrain-dry-grass
79,45,g,dry-grass,T,1,.,M,.,g,g,g,g,terrain-dry-grass
80,45,g,dry-grass,T,1,.,M,.,g,A,g,g,terrain-dry-grass
81,45,A,cracked-asphalt,T,1,.,M,.,A,A,A,g,terrain-cracked-asphalt
82,45,A,cracked-asphalt,T,1,.,M,.,A,A,A,A,terrain-cracked-asphalt
83,45,A,cracked-asphalt,T,1,.,M,.,A,g,g,A,terrain-cracked-asphalt
84,45,g,dry-grass,T,1,.,.,.,A,g,g,A,terrain-dry-grass
85,45,g,dry-grass,T,1,.,.,.,g,g,g,g,terrain-dry-grass
86,45,g,dry-grass,T,1,.,.,.,g,g,g,g,terrain-dry-grass
87,45,g,dry-grass,T,1,.,.,.,g,g,g,g,terrain-dry-grass
88,45,g,dry-grass,T,1,.,.,.,g,g,g,g,terrain-dry-grass
89,45,g,dry-grass,T,1,.,.,.,g,g,g,g,terrain-dry-grass
90,45,g,dry-grass,T,1,.,.,.,g,g,g,g,terrain-dry-grass
91,45,g,dry-grass,T,1,.,.,.,g,G,g,g,terrain-dry-grass
92,45,G,lush-grass,P,1,.,.,.,G,G,G,g,terrain-lush-grass
93,45,G,lush-grass,P,1,.,.,.,G,g,G,G,terrain-lush-grass
94,45,g,dry-grass,P,1,.,.,.,g,g,g,G,terrain-dry-grass
95,45,g,dry-grass,P,1,.,.,.,g,g,g,g,terrain-dry-grass
96,45,g,dry-grass,P,1,.,.,.,g,g,g,g,terrain-dry-grass
97,45,g,dry-grass,P,1,.,.,.,g,g,g,g,terrain-dry-grass
98,45,g,dry-grass,P,1,.,.,.,g,X,g,g,terrain-dry-grass
99,45,X,cliff-mountain,M,1,#,.,.,X,VOID,X,g,terrain-cliff-mountain
0,46,F,forest-floor,F,1,#,.,.,F,g,F,VOID,terrain-forest-floor
1,46,g,dry-grass,P,1,.,.,.,g,F,g,F,terrain-dry-grass
2,46,F,forest-floor,F,1,.,.,.,F,F,F,g,terrain-forest-floor
3,46,F,forest-floor,F,1,.,.,.,F,F,S,F,terrain-forest-floor
4,46,F,forest-floor,F,1,.,.,.,F,F,S,F,terrain-forest-floor
5,46,F,forest-floor,F,1,.,.,.,F,F,S,F,terrain-forest-floor
6,46,F,forest-floor,F,1,.,.,.,F,F,S,F,terrain-forest-floor
7,46,F,forest-floor,F,1,.,.,.,F,S,S,F,terrain-forest-floor
8,46,S,wasteland-sand,D,1,.,.,.,F,S,S,F,terrain-wasteland-sand
9,46,S,wasteland-sand,D,1,.,.,.,F,S,S,S,terrain-wasteland-sand
10,46,S,wasteland-sand,D,1,.,.,.,F,S,S,S,terrain-wasteland-sand
11,46,S,wasteland-sand,D,1,.,.,.,F,S,S,S,terrain-wasteland-sand
12,46,S,wasteland-sand,D,1,.,.,.,S,S,S,S,terrain-wasteland-sand
13,46,S,wasteland-sand,D,1,.,.,.,S,S,S,S,terrain-wasteland-sand
14,46,S,wasteland-sand,D,1,.,.,.,S,S,S,S,terrain-wasteland-sand
15,46,S,wasteland-sand,D,1,.,.,.,S,S,S,S,terrain-wasteland-sand
16,46,S,wasteland-sand,D,1,.,.,.,S,D,S,S,terrain-wasteland-sand
17,46,D,packed-dirt,D,1,.,N,.,S,D,D,S,terrain-packed-dirt
18,46,D,packed-dirt,D,1,.,N,.,D,D,D,D,terrain-packed-dirt
19,46,D,packed-dirt,D,1,.,N,.,D,S,D,D,terrain-packed-dirt
20,46,S,wasteland-sand,D,1,.,.,.,D,S,S,D,terrain-wasteland-sand
21,46,S,wasteland-sand,D,1,.,.,.,S,S,S,S,terrain-wasteland-sand
22,46,S,wasteland-sand,D,1,.,.,.,S,S,S,S,terrain-wasteland-sand
23,46,S,wasteland-sand,D,1,.,.,.,S,S,S,S,terrain-wasteland-sand
24,46,S,wasteland-sand,D,1,.,.,.,S,S,S,S,terrain-wasteland-sand
25,46,S,wasteland-sand,D,1,.,.,.,S,S,S,S,terrain-wasteland-sand
26,46,S,wasteland-sand,D,1,.,.,.,S,S,S,S,terrain-wasteland-sand
27,46,S,wasteland-sand,D,1,.,.,.,S,S,S,S,terrain-wasteland-sand
28,46,S,wasteland-sand,D,1,.,.,.,S,S,S,S,terrain-wasteland-sand
29,46,S,wasteland-sand,D,1,.,.,.,S,S,S,S,terrain-wasteland-sand
30,46,S,wasteland-sand,D,1,.,.,.,S,S,S,S,terrain-wasteland-sand
31,46,S,wasteland-sand,D,1,.,.,.,F,S,S,S,terrain-wasteland-sand
32,46,S,wasteland-sand,D,1,.,.,.,F,S,S,S,terrain-wasteland-sand
33,46,S,wasteland-sand,D,1,.,.,.,F,S,S,S,terrain-wasteland-sand
34,46,S,wasteland-sand,D,1,.,.,.,g,g,S,S,terrain-wasteland-sand
35,46,g,dry-grass,P,1,.,.,.,g,g,S,S,terrain-dry-grass
36,46,g,dry-grass,P,1,.,.,.,g,W,S,g,terrain-dry-grass
37,46,W,fresh-deep-water,L,1,#,.,.,W,W,S,g,terrain-fresh-water
38,46,W,fresh-deep-water,L,1,#,.,.,W,W,W,W,terrain-fresh-water
39,46,W,fresh-deep-water,L,1,#,.,.,W,g,W,W,terrain-fresh-water
40,46,g,dry-grass,P,1,.,.,.,g,G,W,W,terrain-dry-grass
41,46,G,lush-grass,P,1,.,.,.,G,G,G,g,terrain-lush-grass
42,46,G,lush-grass,P,1,.,.,.,G,A,A,G,terrain-lush-grass
43,46,A,cracked-asphalt,P,1,.,M,.,G,A,A,G,terrain-cracked-asphalt
44,46,A,cracked-asphalt,P,1,.,M,.,G,A,A,A,terrain-cracked-asphalt
45,46,A,cracked-asphalt,P,1,.,M,.,A,A,A,A,terrain-cracked-asphalt
46,46,A,cracked-asphalt,P,1,.,M,.,A,A,A,A,terrain-cracked-asphalt
47,46,A,cracked-asphalt,P,1,.,M,.,A,A,A,A,terrain-cracked-asphalt
48,46,A,cracked-asphalt,P,1,.,M,.,A,A,A,A,terrain-cracked-asphalt
49,46,A,cracked-asphalt,P,1,.,M,.,A,Q,A,A,terrain-cracked-asphalt
50,46,Q,stone-road-bridge,P,1,.,B,.,Q,Q,Q,A,terrain-stone-road-bridge
51,46,Q,stone-road-bridge,L,1,.,B,.,Q,Q,Q,Q,terrain-stone-road-bridge
52,46,Q,stone-road-bridge,L,1,.,B,.,Q,Q,Q,Q,terrain-stone-road-bridge
53,46,Q,stone-road-bridge,L,1,.,B,.,Q,Q,Q,Q,terrain-stone-road-bridge
54,46,Q,stone-road-bridge,P,1,.,B,R,Q,A,Q,Q,terrain-stone-road-bridge
55,46,A,cracked-asphalt,P,1,.,M,R,A,A,A,Q,terrain-cracked-asphalt
56,46,A,cracked-asphalt,P,1,.,M,R,D,D,A,A,terrain-cracked-asphalt
57,46,D,packed-dirt,P,1,.,N,R,D,A,A,A,terrain-packed-dirt
58,46,A,cracked-asphalt,P,1,.,M,R,D,A,A,D,terrain-cracked-asphalt
59,46,A,cracked-asphalt,T,1,.,M,R,A,A,A,A,terrain-cracked-asphalt
60,46,A,cracked-asphalt,T,1,.,M,R,A,A,A,A,terrain-cracked-asphalt
61,46,A,cracked-asphalt,T,1,.,M,R,A,A,A,A,terrain-cracked-asphalt
62,46,A,cracked-asphalt,T,1,.,M,R,A,A,A,A,terrain-cracked-asphalt
63,46,A,cracked-asphalt,T,1,.,M,.,A,g,A,A,terrain-cracked-asphalt
64,46,g,dry-grass,T,1,.,M,.,g,g,g,A,terrain-dry-grass
65,46,g,dry-grass,T,1,.,M,.,g,g,g,g,terrain-dry-grass
66,46,g,dry-grass,T,1,.,.,.,g,g,g,g,terrain-dry-grass
67,46,g,dry-grass,T,1,.,.,.,g,g,g,g,terrain-dry-grass
68,46,g,dry-grass,T,1,.,.,.,g,g,g,g,terrain-dry-grass
69,46,g,dry-grass,T,1,.,.,.,g,A,g,g,terrain-dry-grass
70,46,A,cracked-asphalt,T,1,.,T,.,A,A,A,g,terrain-cracked-asphalt
71,46,A,cracked-asphalt,T,1,.,T,T,A,A,A,A,terrain-cracked-asphalt
72,46,A,cracked-asphalt,T,1,.,T,.,A,A,A,A,terrain-cracked-asphalt
73,46,A,cracked-asphalt,T,1,.,T,.,A,A,A,A,terrain-cracked-asphalt
74,46,A,cracked-asphalt,T,1,.,T,.,A,g,A,A,terrain-cracked-asphalt
75,46,g,dry-grass,T,1,.,.,.,g,g,g,A,terrain-dry-grass
76,46,g,dry-grass,T,1,.,M,.,g,g,g,g,terrain-dry-grass
77,46,g,dry-grass,T,1,.,M,.,g,g,g,g,terrain-dry-grass
78,46,g,dry-grass,T,1,.,M,.,g,g,g,g,terrain-dry-grass
79,46,g,dry-grass,T,1,.,M,.,g,g,g,g,terrain-dry-grass
80,46,g,dry-grass,T,1,.,M,.,g,A,g,g,terrain-dry-grass
81,46,A,cracked-asphalt,T,1,.,M,.,A,A,A,g,terrain-cracked-asphalt
82,46,A,cracked-asphalt,T,1,.,M,.,A,g,g,A,terrain-cracked-asphalt
83,46,g,dry-grass,T,1,.,.,.,A,g,g,A,terrain-dry-grass
84,46,g,dry-grass,T,1,.,.,.,g,g,g,g,terrain-dry-grass
85,46,g,dry-grass,T,1,.,.,.,g,g,g,g,terrain-dry-grass
86,46,g,dry-grass,T,1,.,.,.,g,g,g,g,terrain-dry-grass
87,46,g,dry-grass,T,1,.,.,.,g,g,g,g,terrain-dry-grass
88,46,g,dry-grass,T,1,.,.,.,g,g,g,g,terrain-dry-grass
89,46,g,dry-grass,T,1,.,.,.,g,g,g,g,terrain-dry-grass
90,46,g,dry-grass,T,1,.,.,.,g,g,g,g,terrain-dry-grass
91,46,g,dry-grass,T,1,.,.,.,g,G,g,g,terrain-dry-grass
92,46,G,lush-grass,P,1,.,.,.,G,G,G,g,terrain-lush-grass
93,46,G,lush-grass,P,1,.,.,.,G,g,G,G,terrain-lush-grass
94,46,g,dry-grass,P,1,.,.,.,g,g,g,G,terrain-dry-grass
95,46,g,dry-grass,P,1,.,.,.,g,g,g,g,terrain-dry-grass
96,46,g,dry-grass,P,1,.,.,.,g,g,g,g,terrain-dry-grass
97,46,g,dry-grass,P,1,.,.,.,g,g,g,g,terrain-dry-grass
98,46,g,dry-grass,P,1,.,.,.,g,X,g,g,terrain-dry-grass
99,46,X,cliff-mountain,M,1,#,.,.,X,VOID,X,g,terrain-cliff-mountain
0,47,F,forest-floor,F,1,#,.,.,F,g,F,VOID,terrain-forest-floor
1,47,g,dry-grass,P,1,.,.,.,g,F,S,F,terrain-dry-grass
2,47,F,forest-floor,F,1,.,.,.,F,S,S,g,terrain-forest-floor
3,47,S,wasteland-sand,D,1,.,.,.,F,S,S,F,terrain-wasteland-sand
4,47,S,wasteland-sand,D,1,.,.,.,F,S,S,S,terrain-wasteland-sand
5,47,S,wasteland-sand,D,1,.,.,.,F,S,S,S,terrain-wasteland-sand
6,47,S,wasteland-sand,D,1,.,.,.,F,S,S,S,terrain-wasteland-sand
7,47,S,wasteland-sand,D,1,.,.,.,F,S,S,S,terrain-wasteland-sand
8,47,S,wasteland-sand,D,1,.,.,.,S,S,S,S,terrain-wasteland-sand
9,47,S,wasteland-sand,D,1,.,.,.,S,S,S,S,terrain-wasteland-sand
10,47,S,wasteland-sand,D,1,.,.,.,S,S,S,S,terrain-wasteland-sand
11,47,S,wasteland-sand,D,1,.,.,.,S,S,S,S,terrain-wasteland-sand
12,47,S,wasteland-sand,D,1,.,.,.,S,S,S,S,terrain-wasteland-sand
13,47,S,wasteland-sand,D,1,.,.,.,S,S,S,S,terrain-wasteland-sand
14,47,S,wasteland-sand,D,1,.,.,.,S,S,S,S,terrain-wasteland-sand
15,47,S,wasteland-sand,D,1,.,.,.,S,S,S,S,terrain-wasteland-sand
16,47,S,wasteland-sand,D,1,.,.,.,S,D,S,S,terrain-wasteland-sand
17,47,D,packed-dirt,D,1,.,N,.,D,D,D,S,terrain-packed-dirt
18,47,D,packed-dirt,D,1,.,N,.,D,D,D,D,terrain-packed-dirt
19,47,D,packed-dirt,D,1,.,N,.,D,S,D,D,terrain-packed-dirt
20,47,S,wasteland-sand,D,1,.,.,.,S,S,S,D,terrain-wasteland-sand
21,47,S,wasteland-sand,D,1,.,.,.,S,S,S,S,terrain-wasteland-sand
22,47,S,wasteland-sand,D,1,.,.,.,S,S,S,S,terrain-wasteland-sand
23,47,S,wasteland-sand,D,1,.,.,.,S,S,S,S,terrain-wasteland-sand
24,47,S,wasteland-sand,D,1,.,.,.,S,S,S,S,terrain-wasteland-sand
25,47,S,wasteland-sand,D,1,.,.,.,S,S,S,S,terrain-wasteland-sand
26,47,S,wasteland-sand,D,1,.,.,.,S,S,S,S,terrain-wasteland-sand
27,47,S,wasteland-sand,D,1,.,.,.,S,S,S,S,terrain-wasteland-sand
28,47,S,wasteland-sand,D,1,.,.,.,S,S,S,S,terrain-wasteland-sand
29,47,S,wasteland-sand,D,1,.,.,.,S,S,S,S,terrain-wasteland-sand
30,47,S,wasteland-sand,D,1,.,.,.,S,S,S,S,terrain-wasteland-sand
31,47,S,wasteland-sand,D,1,.,.,.,S,S,S,S,terrain-wasteland-sand
32,47,S,wasteland-sand,D,1,.,.,.,S,S,S,S,terrain-wasteland-sand
33,47,S,wasteland-sand,D,1,.,.,.,S,S,S,S,terrain-wasteland-sand
34,47,S,wasteland-sand,D,1,.,.,.,S,S,S,S,terrain-wasteland-sand
35,47,S,wasteland-sand,D,1,.,.,.,g,S,S,S,terrain-wasteland-sand
36,47,S,wasteland-sand,D,1,.,.,.,g,S,S,S,terrain-wasteland-sand
37,47,S,wasteland-sand,D,1,.,.,.,W,W,S,S,terrain-wasteland-sand
38,47,W,fresh-deep-water,L,0,#,.,.,W,W,W,S,terrain-fresh-water
39,47,W,fresh-deep-water,L,0,#,.,.,W,W,W,W,terrain-fresh-water
40,47,W,fresh-deep-water,L,0,#,.,.,g,G,W,W,terrain-fresh-water
41,47,G,lush-grass,P,1,.,.,.,G,A,A,W,terrain-lush-grass
42,47,A,cracked-asphalt,P,1,.,M,.,G,A,A,G,terrain-cracked-asphalt
43,47,A,cracked-asphalt,P,1,.,M,.,A,A,A,A,terrain-cracked-asphalt
44,47,A,cracked-asphalt,P,1,.,M,.,A,A,A,A,terrain-cracked-asphalt
45,47,A,cracked-asphalt,P,1,.,M,.,A,A,A,A,terrain-cracked-asphalt
46,47,A,cracked-asphalt,P,1,.,M,.,A,A,A,A,terrain-cracked-asphalt
47,47,A,cracked-asphalt,P,1,.,M,.,A,A,A,A,terrain-cracked-asphalt
48,47,A,cracked-asphalt,P,1,.,M,.,A,A,A,A,terrain-cracked-asphalt
49,47,A,cracked-asphalt,P,1,.,M,.,A,Q,A,A,terrain-cracked-asphalt
50,47,Q,stone-road-bridge,L,1,.,B,.,Q,Q,Q,A,terrain-stone-road-bridge
51,47,Q,stone-road-bridge,L,1,.,B,.,Q,Q,Q,Q,terrain-stone-road-bridge
52,47,Q,stone-road-bridge,L,1,.,B,.,Q,Q,Q,Q,terrain-stone-road-bridge
53,47,Q,stone-road-bridge,P,1,.,B,.,Q,Q,Q,Q,terrain-stone-road-bridge
54,47,Q,stone-road-bridge,P,1,.,B,R,Q,A,Q,Q,terrain-stone-road-bridge
55,47,A,cracked-asphalt,P,1,.,M,R,A,A,G,Q,terrain-cracked-asphalt
56,47,A,cracked-asphalt,P,1,.,M,R,A,A,G,A,terrain-cracked-asphalt
57,47,A,cracked-asphalt,P,1,.,M,R,D,A,A,A,terrain-cracked-asphalt
58,47,A,cracked-asphalt,T,1,.,M,R,A,A,A,A,terrain-cracked-asphalt
59,47,A,cracked-asphalt,T,1,.,M,R,A,A,A,A,terrain-cracked-asphalt
60,47,A,cracked-asphalt,T,1,.,M,R,A,A,A,A,terrain-cracked-asphalt
61,47,A,cracked-asphalt,T,1,.,M,R,A,A,A,A,terrain-cracked-asphalt
62,47,A,cracked-asphalt,T,1,.,M,R,A,A,A,A,terrain-cracked-asphalt
63,47,A,cracked-asphalt,T,1,.,M,.,A,g,A,A,terrain-cracked-asphalt
64,47,g,dry-grass,T,1,.,M,.,g,g,g,A,terrain-dry-grass
65,47,g,dry-grass,T,1,.,M,.,g,g,g,g,terrain-dry-grass
66,47,g,dry-grass,T,1,.,M,.,g,g,g,g,terrain-dry-grass
67,47,g,dry-grass,T,1,.,M,.,g,g,g,g,terrain-dry-grass
68,47,g,dry-grass,T,1,.,M,T,g,g,g,g,terrain-dry-grass
69,47,g,dry-grass,T,1,.,.,T,g,A,g,g,terrain-dry-grass
70,47,A,cracked-asphalt,T,1,.,T,T,A,A,A,g,terrain-cracked-asphalt
71,47,A,cracked-asphalt,T,1,.,T,T,A,A,A,A,terrain-cracked-asphalt
72,47,A,cracked-asphalt,T,1,.,T,T,A,A,A,A,terrain-cracked-asphalt
73,47,A,cracked-asphalt,T,1,.,T,T,A,A,A,A,terrain-cracked-asphalt
74,47,A,cracked-asphalt,T,1,.,T,T,A,g,A,A,terrain-cracked-asphalt
75,47,g,dry-grass,T,1,.,M,.,g,g,g,A,terrain-dry-grass
76,47,g,dry-grass,T,1,.,M,.,g,g,g,g,terrain-dry-grass
77,47,g,dry-grass,T,1,.,M,.,g,g,g,g,terrain-dry-grass
78,47,g,dry-grass,T,1,.,M,.,g,g,g,g,terrain-dry-grass
79,47,g,dry-grass,T,1,.,M,.,g,g,g,g,terrain-dry-grass
80,47,g,dry-grass,T,1,.,M,.,g,A,g,g,terrain-dry-grass
81,47,A,cracked-asphalt,T,1,.,M,.,A,g,g,g,terrain-cracked-asphalt
82,47,g,dry-grass,T,1,.,.,.,A,g,g,A,terrain-dry-grass
83,47,g,dry-grass,T,1,.,.,.,g,g,g,g,terrain-dry-grass
84,47,g,dry-grass,T,1,.,.,.,g,g,g,g,terrain-dry-grass
85,47,g,dry-grass,T,1,.,.,.,g,g,g,g,terrain-dry-grass
86,47,g,dry-grass,T,1,.,.,.,g,g,g,g,terrain-dry-grass
87,47,g,dry-grass,T,1,.,.,.,g,g,g,g,terrain-dry-grass
88,47,g,dry-grass,T,1,.,.,.,g,g,g,g,terrain-dry-grass
89,47,g,dry-grass,T,1,.,.,.,g,g,g,g,terrain-dry-grass
90,47,g,dry-grass,T,1,.,.,.,g,g,g,g,terrain-dry-grass
91,47,g,dry-grass,T,1,.,.,.,g,G,G,g,terrain-dry-grass
92,47,G,lush-grass,P,1,.,.,.,G,G,G,g,terrain-lush-grass
93,47,G,lush-grass,P,1,.,.,.,G,g,G,G,terrain-lush-grass
94,47,g,dry-grass,P,1,.,.,.,g,g,g,G,terrain-dry-grass
95,47,g,dry-grass,P,1,.,.,.,g,g,g,g,terrain-dry-grass
96,47,g,dry-grass,P,1,.,.,.,g,g,g,g,terrain-dry-grass
97,47,g,dry-grass,P,1,.,.,.,g,g,g,g,terrain-dry-grass
98,47,g,dry-grass,P,1,.,.,.,g,X,g,g,terrain-dry-grass
99,47,X,cliff-mountain,M,1,#,.,.,X,VOID,X,g,terrain-cliff-mountain
0,48,F,forest-floor,F,1,#,.,.,F,S,F,VOID,terrain-forest-floor
1,48,S,wasteland-sand,D,1,.,.,.,g,S,S,F,terrain-wasteland-sand
2,48,S,wasteland-sand,D,1,.,.,.,F,S,S,S,terrain-wasteland-sand
3,48,S,wasteland-sand,D,1,.,.,.,S,S,S,S,terrain-wasteland-sand
4,48,S,wasteland-sand,D,1,.,.,.,S,S,S,S,terrain-wasteland-sand
5,48,S,wasteland-sand,D,1,.,.,.,S,S,S,S,terrain-wasteland-sand
6,48,S,wasteland-sand,D,1,.,.,.,S,S,S,S,terrain-wasteland-sand
7,48,S,wasteland-sand,D,1,.,.,.,S,S,S,S,terrain-wasteland-sand
8,48,S,wasteland-sand,D,1,.,.,.,S,S,S,S,terrain-wasteland-sand
9,48,S,wasteland-sand,D,1,.,.,.,S,S,S,S,terrain-wasteland-sand
10,48,S,wasteland-sand,D,1,.,.,.,S,S,S,S,terrain-wasteland-sand
11,48,S,wasteland-sand,D,1,.,.,.,S,S,S,S,terrain-wasteland-sand
12,48,S,wasteland-sand,D,1,.,.,.,S,S,S,S,terrain-wasteland-sand
13,48,S,wasteland-sand,D,1,.,.,.,S,S,S,S,terrain-wasteland-sand
14,48,S,wasteland-sand,D,1,.,.,.,S,S,S,S,terrain-wasteland-sand
15,48,S,wasteland-sand,D,1,.,.,.,S,S,S,S,terrain-wasteland-sand
16,48,S,wasteland-sand,D,1,.,.,.,S,D,S,S,terrain-wasteland-sand
17,48,D,packed-dirt,D,1,.,N,.,D,D,D,S,terrain-packed-dirt
18,48,D,packed-dirt,D,1,.,N,.,D,D,D,D,terrain-packed-dirt
19,48,D,packed-dirt,D,1,.,N,.,D,S,D,D,terrain-packed-dirt
20,48,S,wasteland-sand,D,1,.,.,.,S,S,S,D,terrain-wasteland-sand
21,48,S,wasteland-sand,D,1,.,.,.,S,S,S,S,terrain-wasteland-sand
22,48,S,wasteland-sand,D,1,.,.,.,S,S,S,S,terrain-wasteland-sand
23,48,S,wasteland-sand,D,1,.,.,.,S,S,S,S,terrain-wasteland-sand
24,48,S,wasteland-sand,D,1,.,.,.,S,S,S,S,terrain-wasteland-sand
25,48,S,wasteland-sand,D,1,.,.,.,S,S,S,S,terrain-wasteland-sand
26,48,S,wasteland-sand,D,1,.,.,.,S,S,S,S,terrain-wasteland-sand
27,48,S,wasteland-sand,D,1,.,.,.,S,S,S,S,terrain-wasteland-sand
28,48,S,wasteland-sand,D,1,.,.,.,S,S,S,S,terrain-wasteland-sand
29,48,S,wasteland-sand,D,1,.,.,.,S,S,S,S,terrain-wasteland-sand
30,48,S,wasteland-sand,D,1,.,.,.,S,S,S,S,terrain-wasteland-sand
31,48,S,wasteland-sand,D,1,.,.,.,S,S,S,S,terrain-wasteland-sand
32,48,S,wasteland-sand,D,1,.,.,.,S,S,S,S,terrain-wasteland-sand
33,48,S,wasteland-sand,D,1,.,.,.,S,S,S,S,terrain-wasteland-sand
34,48,S,wasteland-sand,D,1,.,.,.,S,S,S,S,terrain-wasteland-sand
35,48,S,wasteland-sand,D,1,.,.,.,S,S,S,S,terrain-wasteland-sand
36,48,S,wasteland-sand,D,1,.,.,.,S,S,S,S,terrain-wasteland-sand
37,48,S,wasteland-sand,D,1,.,.,.,S,W,S,S,terrain-wasteland-sand
38,48,W,fresh-deep-water,L,0,#,.,.,W,W,S,S,terrain-fresh-water
39,48,W,fresh-deep-water,L,0,#,.,.,W,W,W,W,terrain-fresh-water
40,48,W,fresh-deep-water,L,0,#,.,.,W,A,W,W,terrain-fresh-water
41,48,A,cracked-asphalt,P,1,.,M,.,G,A,W,W,terrain-cracked-asphalt
42,48,A,cracked-asphalt,P,1,.,M,.,A,A,A,A,terrain-cracked-asphalt
43,48,A,cracked-asphalt,P,1,.,M,.,A,A,A,A,terrain-cracked-asphalt
44,48,A,cracked-asphalt,P,1,.,M,.,A,A,A,A,terrain-cracked-asphalt
45,48,A,cracked-asphalt,P,1,.,M,.,A,A,A,A,terrain-cracked-asphalt
46,48,A,cracked-asphalt,P,1,.,M,.,A,A,A,A,terrain-cracked-asphalt
47,48,A,cracked-asphalt,P,1,.,M,.,A,A,A,A,terrain-cracked-asphalt
48,48,A,cracked-asphalt,P,1,.,M,.,A,A,A,A,terrain-cracked-asphalt
49,48,A,cracked-asphalt,P,1,.,M,.,A,Q,A,A,terrain-cracked-asphalt
50,48,Q,stone-road-bridge,L,1,.,B,.,Q,Q,W,A,terrain-stone-road-bridge
51,48,Q,stone-road-bridge,L,1,.,B,.,Q,Q,W,Q,terrain-stone-road-bridge
52,48,Q,stone-road-bridge,L,1,.,B,.,Q,Q,W,Q,terrain-stone-road-bridge
53,48,Q,stone-road-bridge,P,1,.,B,.,Q,Q,G,Q,terrain-stone-road-bridge
54,48,Q,stone-road-bridge,P,1,.,B,R,Q,G,G,Q,terrain-stone-road-bridge
55,48,G,lush-grass,P,1,.,.,R,A,G,G,Q,terrain-lush-grass
56,48,G,lush-grass,P,1,.,.,R,A,A,G,G,terrain-lush-grass
57,48,A,cracked-asphalt,P,1,.,M,R,A,A,G,G,terrain-cracked-asphalt
58,48,A,cracked-asphalt,T,1,.,M,R,A,A,g,A,terrain-cracked-asphalt
59,48,A,cracked-asphalt,T,1,.,M,R,A,A,A,A,terrain-cracked-asphalt
60,48,A,cracked-asphalt,T,1,.,M,R,A,A,A,A,terrain-cracked-asphalt
61,48,A,cracked-asphalt,T,1,.,M,R,A,A,A,A,terrain-cracked-asphalt
62,48,A,cracked-asphalt,T,1,.,M,R,A,A,A,A,terrain-cracked-asphalt
63,48,A,cracked-asphalt,T,1,.,M,.,A,g,A,A,terrain-cracked-asphalt
64,48,g,dry-grass,T,1,.,M,.,g,g,g,A,terrain-dry-grass
65,48,g,dry-grass,T,1,.,M,.,g,g,A,g,terrain-dry-grass
66,48,g,dry-grass,T,1,.,M,.,g,g,A,g,terrain-dry-grass
67,48,g,dry-grass,T,1,.,M,T,g,g,A,g,terrain-dry-grass
68,48,g,dry-grass,T,1,.,M,T,g,g,A,g,terrain-dry-grass
69,48,g,dry-grass,T,1,.,M,T,g,A,A,g,terrain-dry-grass
70,48,A,cracked-asphalt,T,1,.,T,T,A,A,A,g,terrain-cracked-asphalt
71,48,A,cracked-asphalt,T,1,.,T,T,A,A,A,A,terrain-cracked-asphalt
72,48,A,cracked-asphalt,T,1,.,T,T,A,A,A,A,terrain-cracked-asphalt
73,48,A,cracked-asphalt,T,1,.,T,T,A,A,A,A,terrain-cracked-asphalt
74,48,A,cracked-asphalt,T,1,.,T,T,A,g,A,A,terrain-cracked-asphalt
75,48,g,dry-grass,T,1,.,M,T,g,g,A,A,terrain-dry-grass
76,48,g,dry-grass,T,1,.,M,.,g,g,A,g,terrain-dry-grass
77,48,g,dry-grass,T,1,.,M,.,g,g,A,g,terrain-dry-grass
78,48,g,dry-grass,T,1,.,M,.,g,g,A,g,terrain-dry-grass
79,48,g,dry-grass,T,1,.,M,.,g,g,A,g,terrain-dry-grass
80,48,g,dry-grass,T,1,.,M,.,g,g,g,g,terrain-dry-grass
81,48,g,dry-grass,T,1,.,.,.,A,g,g,g,terrain-dry-grass
82,48,g,dry-grass,T,1,.,.,.,g,g,g,g,terrain-dry-grass
83,48,g,dry-grass,T,1,.,.,.,g,g,g,g,terrain-dry-grass
84,48,g,dry-grass,T,1,.,.,.,g,g,g,g,terrain-dry-grass
85,48,g,dry-grass,T,1,.,.,.,g,g,g,g,terrain-dry-grass
86,48,g,dry-grass,T,1,.,.,.,g,g,g,g,terrain-dry-grass
87,48,g,dry-grass,T,1,.,.,.,g,g,g,g,terrain-dry-grass
88,48,g,dry-grass,T,1,.,.,.,g,g,g,g,terrain-dry-grass
89,48,g,dry-grass,T,1,.,.,.,g,g,g,g,terrain-dry-grass
90,48,g,dry-grass,T,1,.,.,.,g,G,g,g,terrain-dry-grass
91,48,G,lush-grass,P,1,.,.,.,g,G,G,g,terrain-lush-grass
92,48,G,lush-grass,P,1,.,.,.,G,G,G,G,terrain-lush-grass
93,48,G,lush-grass,P,1,.,.,.,G,g,G,G,terrain-lush-grass
94,48,g,dry-grass,P,1,.,.,.,g,g,g,G,terrain-dry-grass
95,48,g,dry-grass,P,1,.,.,.,g,g,g,g,terrain-dry-grass
96,48,g,dry-grass,P,1,.,.,.,g,g,g,g,terrain-dry-grass
97,48,g,dry-grass,P,1,.,.,.,g,g,g,g,terrain-dry-grass
98,48,g,dry-grass,P,1,.,.,.,g,X,g,g,terrain-dry-grass
99,48,X,cliff-mountain,M,1,#,.,.,X,VOID,X,g,terrain-cliff-mountain
0,49,F,forest-floor,F,1,#,.,.,F,S,F,VOID,terrain-forest-floor
1,49,S,wasteland-sand,D,1,.,.,.,S,S,S,F,terrain-wasteland-sand
2,49,S,wasteland-sand,D,1,.,.,.,S,S,S,S,terrain-wasteland-sand
3,49,S,wasteland-sand,D,1,.,.,.,S,S,S,S,terrain-wasteland-sand
4,49,S,wasteland-sand,D,1,.,.,.,S,S,S,S,terrain-wasteland-sand
5,49,S,wasteland-sand,D,1,.,.,.,S,S,S,S,terrain-wasteland-sand
6,49,S,wasteland-sand,D,1,.,.,.,S,S,S,S,terrain-wasteland-sand
7,49,S,wasteland-sand,D,1,.,.,.,S,S,S,S,terrain-wasteland-sand
8,49,S,wasteland-sand,D,1,.,.,.,S,S,S,S,terrain-wasteland-sand
9,49,S,wasteland-sand,D,1,.,.,.,S,S,S,S,terrain-wasteland-sand
10,49,S,wasteland-sand,D,1,.,.,.,S,S,S,S,terrain-wasteland-sand
11,49,S,wasteland-sand,D,1,.,.,.,S,S,S,S,terrain-wasteland-sand
12,49,S,wasteland-sand,D,1,.,.,.,S,S,S,S,terrain-wasteland-sand
13,49,S,wasteland-sand,D,1,.,.,.,S,S,S,S,terrain-wasteland-sand
14,49,S,wasteland-sand,D,1,.,.,.,S,S,S,S,terrain-wasteland-sand
15,49,S,wasteland-sand,D,1,.,.,.,S,S,S,S,terrain-wasteland-sand
16,49,S,wasteland-sand,D,1,.,.,.,S,D,S,S,terrain-wasteland-sand
17,49,D,packed-dirt,D,1,.,N,.,D,D,D,S,terrain-packed-dirt
18,49,D,packed-dirt,D,1,.,N,.,D,D,D,D,terrain-packed-dirt
19,49,D,packed-dirt,D,1,.,N,.,D,S,D,D,terrain-packed-dirt
20,49,S,wasteland-sand,D,1,.,.,.,S,S,S,D,terrain-wasteland-sand
21,49,S,wasteland-sand,D,1,.,.,.,S,S,S,S,terrain-wasteland-sand
22,49,S,wasteland-sand,D,1,.,.,.,S,S,S,S,terrain-wasteland-sand
23,49,S,wasteland-sand,D,1,.,.,.,S,S,S,S,terrain-wasteland-sand
24,49,S,wasteland-sand,D,1,.,.,.,S,S,S,S,terrain-wasteland-sand
25,49,S,wasteland-sand,D,1,.,.,.,S,S,S,S,terrain-wasteland-sand
26,49,S,wasteland-sand,D,1,.,.,.,S,S,S,S,terrain-wasteland-sand
27,49,S,wasteland-sand,D,1,.,.,.,S,S,S,S,terrain-wasteland-sand
28,49,S,wasteland-sand,D,1,.,.,.,S,S,S,S,terrain-wasteland-sand
29,49,S,wasteland-sand,D,1,.,.,.,S,S,S,S,terrain-wasteland-sand
30,49,S,wasteland-sand,D,1,.,.,.,S,S,S,S,terrain-wasteland-sand
31,49,S,wasteland-sand,D,1,.,.,.,S,S,S,S,terrain-wasteland-sand
32,49,S,wasteland-sand,D,1,.,.,.,S,S,S,S,terrain-wasteland-sand
33,49,S,wasteland-sand,D,1,.,.,.,S,S,S,S,terrain-wasteland-sand
34,49,S,wasteland-sand,D,1,.,.,.,S,S,S,S,terrain-wasteland-sand
35,49,S,wasteland-sand,D,1,.,.,.,S,S,S,S,terrain-wasteland-sand
36,49,S,wasteland-sand,D,1,.,.,.,S,S,S,S,terrain-wasteland-sand
37,49,S,wasteland-sand,D,1,.,.,.,S,S,Q,S,terrain-wasteland-sand
38,49,S,wasteland-sand,D,1,.,.,.,W,W,Q,S,terrain-wasteland-sand
39,49,W,fresh-deep-water,L,0,#,M,.,W,W,Q,S,terrain-fresh-water
40,49,W,fresh-deep-water,L,0,#,M,.,W,W,Q,W,terrain-fresh-water
41,49,W,fresh-deep-water,L,0,#,M,.,A,A,Q,W,terrain-fresh-water
42,49,A,cracked-asphalt,P,1,.,M,.,A,A,Q,W,terrain-cracked-asphalt
43,49,A,cracked-asphalt,P,1,.,M,.,A,A,A,A,terrain-cracked-asphalt
44,49,A,cracked-asphalt,P,1,.,M,.,A,A,A,A,terrain-cracked-asphalt
45,49,A,cracked-asphalt,P,1,.,M,.,A,A,A,A,terrain-cracked-asphalt
46,49,A,cracked-asphalt,P,1,.,M,.,A,A,A,A,terrain-cracked-asphalt
47,49,A,cracked-asphalt,P,1,.,M,.,A,A,G,A,terrain-cracked-asphalt
48,49,A,cracked-asphalt,P,1,.,M,.,A,A,G,A,terrain-cracked-asphalt
49,49,A,cracked-asphalt,P,1,.,M,.,A,W,G,A,terrain-cracked-asphalt
50,49,W,fresh-deep-water,L,0,#,.,.,Q,W,W,A,terrain-fresh-water
51,49,W,fresh-deep-water,L,0,#,.,.,Q,W,W,W,terrain-fresh-water
52,49,W,fresh-deep-water,L,0,#,.,.,Q,G,W,W,terrain-fresh-water
53,49,G,lush-grass,P,1,.,.,.,Q,G,G,W,terrain-lush-grass
54,49,G,lush-grass,P,1,.,.,.,Q,G,G,G,terrain-lush-grass
55,49,G,lush-grass,P,1,.,.,R,G,G,G,G,terrain-lush-grass
56,49,G,lush-grass,P,1,.,.,R,G,G,G,G,terrain-lush-grass
57,49,G,lush-grass,P,1,.,.,R,A,g,G,G,terrain-lush-grass
58,49,g,dry-grass,T,1,.,.,R,A,A,g,G,terrain-dry-grass
59,49,A,cracked-asphalt,T,1,.,M,R,A,A,g,g,terrain-cracked-asphalt
60,49,A,cracked-asphalt,T,1,.,M,R,A,A,g,A,terrain-cracked-asphalt
61,49,A,cracked-asphalt,T,1,.,M,R,A,A,g,A,terrain-cracked-asphalt
62,49,A,cracked-asphalt,T,1,.,M,.,A,A,A,A,terrain-cracked-asphalt
63,49,A,cracked-asphalt,T,1,.,M,.,A,g,A,A,terrain-cracked-asphalt
64,49,g,dry-grass,T,1,.,M,.,g,A,g,A,terrain-dry-grass
65,49,A,cracked-asphalt,T,1,.,T,.,g,A,A,g,terrain-cracked-asphalt
66,49,A,cracked-asphalt,T,1,.,T,T,g,A,C,A,terrain-cracked-asphalt
67,49,A,cracked-asphalt,T,1,.,T,T,g,A,C,A,terrain-cracked-asphalt
68,49,A,cracked-asphalt,T,1,.,T,T,g,A,C,A,terrain-cracked-asphalt
69,49,A,cracked-asphalt,T,1,.,T,T,g,A,C,A,terrain-cracked-asphalt
70,49,A,cracked-asphalt,T,1,.,T,T,A,A,C,A,terrain-cracked-asphalt
71,49,A,cracked-asphalt,T,1,.,T,T,A,A,C,A,terrain-cracked-asphalt
72,49,A,cracked-asphalt,T,1,.,T,T,A,A,C,A,terrain-cracked-asphalt
73,49,A,cracked-asphalt,T,1,.,T,T,A,A,C,A,terrain-cracked-asphalt
74,49,A,cracked-asphalt,T,1,.,T,T,A,A,C,A,terrain-cracked-asphalt
75,49,A,cracked-asphalt,T,1,.,T,T,g,A,A,A,terrain-cracked-asphalt
76,49,A,cracked-asphalt,T,1,.,T,T,g,A,A,A,terrain-cracked-asphalt
77,49,A,cracked-asphalt,T,1,.,T,.,g,A,A,A,terrain-cracked-asphalt
78,49,A,cracked-asphalt,T,1,.,T,.,g,A,A,A,terrain-cracked-asphalt
79,49,A,cracked-asphalt,T,1,.,T,.,g,g,A,A,terrain-cracked-asphalt
80,49,g,dry-grass,T,1,.,.,.,g,g,g,A,terrain-dry-grass
81,49,g,dry-grass,T,1,.,.,.,g,g,g,g,terrain-dry-grass
82,49,g,dry-grass,T,1,.,.,.,g,g,g,g,terrain-dry-grass
83,49,g,dry-grass,T,1,.,.,.,g,g,g,g,terrain-dry-grass
84,49,g,dry-grass,T,1,.,.,.,g,g,g,g,terrain-dry-grass
85,49,g,dry-grass,T,1,.,.,.,g,g,g,g,terrain-dry-grass
86,49,g,dry-grass,T,1,.,.,.,g,g,g,g,terrain-dry-grass
87,49,g,dry-grass,T,1,.,.,.,g,g,g,g,terrain-dry-grass
88,49,g,dry-grass,T,1,.,.,.,g,g,g,g,terrain-dry-grass
89,49,g,dry-grass,T,1,.,.,.,g,g,g,g,terrain-dry-grass
90,49,g,dry-grass,T,1,.,.,.,g,G,g,g,terrain-dry-grass
91,49,G,lush-grass,P,1,.,.,.,G,G,G,g,terrain-lush-grass
92,49,G,lush-grass,P,1,.,.,.,G,G,G,G,terrain-lush-grass
93,49,G,lush-grass,P,1,.,.,.,G,g,G,G,terrain-lush-grass
94,49,g,dry-grass,P,1,.,.,.,g,g,g,G,terrain-dry-grass
95,49,g,dry-grass,P,1,.,.,.,g,g,g,g,terrain-dry-grass
96,49,g,dry-grass,P,1,.,.,.,g,g,g,g,terrain-dry-grass
97,49,g,dry-grass,P,1,.,.,.,g,g,g,g,terrain-dry-grass
98,49,g,dry-grass,P,1,.,.,.,g,X,g,g,terrain-dry-grass
99,49,X,cliff-mountain,M,1,#,.,.,X,VOID,X,g,terrain-cliff-mountain
0,50,F,forest-floor,F,1,#,.,.,F,S,F,VOID,terrain-forest-floor
1,50,S,wasteland-sand,D,1,.,.,.,S,S,S,F,terrain-wasteland-sand
2,50,S,wasteland-sand,D,1,.,.,.,S,S,S,S,terrain-wasteland-sand
3,50,S,wasteland-sand,D,1,.,.,.,S,S,S,S,terrain-wasteland-sand
4,50,S,wasteland-sand,D,1,.,.,.,S,S,S,S,terrain-wasteland-sand
5,50,S,wasteland-sand,D,1,.,.,.,S,S,S,S,terrain-wasteland-sand
6,50,S,wasteland-sand,D,1,.,.,.,S,S,S,S,terrain-wasteland-sand
7,50,S,wasteland-sand,D,1,.,.,.,S,S,S,S,terrain-wasteland-sand
8,50,S,wasteland-sand,D,1,.,.,.,S,S,S,S,terrain-wasteland-sand
9,50,S,wasteland-sand,D,1,.,.,.,S,S,S,S,terrain-wasteland-sand
10,50,S,wasteland-sand,D,1,.,.,.,S,S,S,S,terrain-wasteland-sand
11,50,S,wasteland-sand,D,1,.,.,.,S,S,S,S,terrain-wasteland-sand
12,50,S,wasteland-sand,D,1,.,.,.,S,S,S,S,terrain-wasteland-sand
13,50,S,wasteland-sand,D,1,.,.,.,S,S,S,S,terrain-wasteland-sand
14,50,S,wasteland-sand,D,1,.,.,.,S,S,S,S,terrain-wasteland-sand
15,50,S,wasteland-sand,D,1,.,.,.,S,S,S,S,terrain-wasteland-sand
16,50,S,wasteland-sand,D,1,.,.,.,S,D,S,S,terrain-wasteland-sand
17,50,D,packed-dirt,D,1,.,N,.,D,D,S,S,terrain-packed-dirt
18,50,D,packed-dirt,D,1,.,N,.,D,D,D,D,terrain-packed-dirt
19,50,D,packed-dirt,D,1,.,N,.,D,S,D,D,terrain-packed-dirt
20,50,S,wasteland-sand,D,1,.,.,.,S,S,D,D,terrain-wasteland-sand
21,50,S,wasteland-sand,D,1,.,.,.,S,S,S,S,terrain-wasteland-sand
22,50,S,wasteland-sand,D,1,.,.,.,S,S,S,S,terrain-wasteland-sand
23,50,S,wasteland-sand,D,1,.,.,.,S,S,S,S,terrain-wasteland-sand
24,50,S,wasteland-sand,D,1,.,.,.,S,S,S,S,terrain-wasteland-sand
25,50,S,wasteland-sand,D,1,.,.,.,S,S,S,S,terrain-wasteland-sand
26,50,S,wasteland-sand,D,1,.,.,.,S,S,S,S,terrain-wasteland-sand
27,50,S,wasteland-sand,D,1,.,.,.,S,S,S,S,terrain-wasteland-sand
28,50,S,wasteland-sand,D,1,.,.,.,S,S,S,S,terrain-wasteland-sand
29,50,S,wasteland-sand,D,1,.,.,.,S,S,S,S,terrain-wasteland-sand
30,50,S,wasteland-sand,D,1,.,.,.,S,S,S,S,terrain-wasteland-sand
31,50,S,wasteland-sand,D,1,.,.,.,S,S,S,S,terrain-wasteland-sand
32,50,S,wasteland-sand,D,1,.,.,.,S,S,S,S,terrain-wasteland-sand
33,50,S,wasteland-sand,D,1,.,.,.,S,S,S,S,terrain-wasteland-sand
34,50,S,wasteland-sand,D,1,.,.,.,S,S,S,S,terrain-wasteland-sand
35,50,S,wasteland-sand,D,1,.,.,.,S,S,S,S,terrain-wasteland-sand
36,50,S,wasteland-sand,D,1,.,.,.,S,Q,S,S,terrain-wasteland-sand
37,50,Q,stone-road-bridge,D,1,.,B,.,S,Q,Q,S,terrain-stone-road-bridge
38,50,Q,stone-road-bridge,D,1,.,B,.,S,Q,Q,Q,terrain-stone-road-bridge
39,50,Q,stone-road-bridge,L,1,.,B,.,W,Q,Q,Q,terrain-stone-road-bridge
40,50,Q,stone-road-bridge,L,1,.,B,.,W,Q,Q,Q,terrain-stone-road-bridge
41,50,Q,stone-road-bridge,L,1,.,B,.,W,Q,Q,Q,terrain-stone-road-bridge
42,50,Q,stone-road-bridge,P,1,.,B,.,A,A,Q,Q,terrain-stone-road-bridge
43,50,A,cracked-asphalt,P,1,.,M,.,A,A,A,Q,terrain-cracked-asphalt
44,50,A,cracked-asphalt,P,1,.,M,.,A,A,A,A,terrain-cracked-asphalt
45,50,A,cracked-asphalt,P,1,.,M,.,A,A,G,A,terrain-cracked-asphalt
46,50,A,cracked-asphalt,P,1,.,M,.,A,G,G,A,terrain-cracked-asphalt
47,50,G,lush-grass,P,1,.,.,.,A,G,G,A,terrain-lush-grass
48,50,G,lush-grass,P,1,.,.,.,A,G,G,G,terrain-lush-grass
49,50,G,lush-grass,P,1,.,.,.,A,W,W,G,terrain-lush-grass
50,50,W,fresh-deep-water,L,0,#,.,.,W,W,W,G,terrain-fresh-water
51,50,W,fresh-deep-water,L,0,#,.,.,W,W,W,W,terrain-fresh-water
52,50,W,fresh-deep-water,L,0,#,.,.,W,G,G,W,terrain-fresh-water
53,50,G,lush-grass,P,1,.,.,.,G,G,G,W,terrain-lush-grass
54,50,G,lush-grass,P,1,.,.,.,G,G,G,G,terrain-lush-grass
55,50,G,lush-grass,P,1,.,.,.,G,G,G,G,terrain-lush-grass
56,50,G,lush-grass,P,1,.,.,.,G,G,G,G,terrain-lush-grass
57,50,G,lush-grass,P,1,.,.,.,G,g,G,G,terrain-lush-grass
58,50,g,dry-grass,T,1,.,.,R,g,g,g,G,terrain-dry-grass
59,50,g,dry-grass,T,1,.,.,.,A,g,g,g,terrain-dry-grass
60,50,g,dry-grass,T,1,.,.,.,A,g,g,g,terrain-dry-grass
61,50,g,dry-grass,T,1,.,.,.,A,A,g,g,terrain-dry-grass
62,50,A,cracked-asphalt,T,1,.,M,.,A,A,g,g,terrain-cracked-asphalt
63,50,A,cracked-asphalt,T,1,.,M,.,A,g,g,A,terrain-cracked-asphalt
64,50,g,dry-grass,T,1,.,M,.,g,A,g,A,terrain-dry-grass
65,50,A,cracked-asphalt,T,1,.,T,.,A,C,A,g,terrain-cracked-asphalt
66,50,C,cobblestone,T,1,.,T,T,A,C,C,A,terrain-cobblestone
67,50,C,cobblestone,T,1,.,T,T,A,C,C,C,terrain-cobblestone
68,50,C,cobblestone,T,1,.,T,T,A,C,C,C,terrain-cobblestone
69,50,C,cobblestone,T,1,.,T,T,A,C,C,C,terrain-cobblestone
70,50,C,cobblestone,T,1,.,T,T,A,C,C,C,terrain-cobblestone
71,50,C,cobblestone,T,1,.,T,T,A,C,C,C,terrain-cobblestone
72,50,C,cobblestone,T,1,.,T,T,A,C,C,C,terrain-cobblestone
73,50,C,cobblestone,T,1,.,T,T,A,C,C,C,terrain-cobblestone
74,50,C,cobblestone,T,1,.,T,T,A,A,C,C,terrain-cobblestone
75,50,A,cracked-asphalt,T,1,.,T,T,A,A,A,C,terrain-cracked-asphalt
76,50,A,cracked-asphalt,T,1,.,T,T,A,A,A,A,terrain-cracked-asphalt
77,50,A,cracked-asphalt,T,1,.,T,.,A,A,A,A,terrain-cracked-asphalt
78,50,A,cracked-asphalt,T,1,.,T,.,A,A,A,A,terrain-cracked-asphalt
79,50,A,cracked-asphalt,T,1,.,T,.,A,g,A,A,terrain-cracked-asphalt
80,50,g,dry-grass,T,1,.,.,.,g,g,g,A,terrain-dry-grass
81,50,g,dry-grass,T,1,.,.,.,g,g,g,g,terrain-dry-grass
82,50,g,dry-grass,T,1,.,.,.,g,g,g,g,terrain-dry-grass
83,50,g,dry-grass,T,1,.,.,.,g,g,g,g,terrain-dry-grass
84,50,g,dry-grass,T,1,.,.,.,g,g,g,g,terrain-dry-grass
85,50,g,dry-grass,T,1,.,.,.,g,g,g,g,terrain-dry-grass
86,50,g,dry-grass,T,1,.,.,.,g,g,g,g,terrain-dry-grass
87,50,g,dry-grass,T,1,.,.,.,g,g,g,g,terrain-dry-grass
88,50,g,dry-grass,T,1,.,.,.,g,g,g,g,terrain-dry-grass
89,50,g,dry-grass,T,1,.,.,.,g,g,g,g,terrain-dry-grass
90,50,g,dry-grass,T,1,.,.,.,g,G,g,g,terrain-dry-grass
91,50,G,lush-grass,P,1,.,.,.,G,G,G,g,terrain-lush-grass
92,50,G,lush-grass,P,1,.,.,.,G,G,G,G,terrain-lush-grass
93,50,G,lush-grass,P,1,.,.,.,G,g,G,G,terrain-lush-grass
94,50,g,dry-grass,P,1,.,.,.,g,g,g,G,terrain-dry-grass
95,50,g,dry-grass,P,1,.,.,.,g,g,g,g,terrain-dry-grass
96,50,g,dry-grass,P,1,.,.,.,g,g,g,g,terrain-dry-grass
97,50,g,dry-grass,P,1,.,.,.,g,g,g,g,terrain-dry-grass
98,50,g,dry-grass,P,1,.,.,.,g,X,g,g,terrain-dry-grass
99,50,X,cliff-mountain,M,1,#,.,.,X,VOID,X,g,terrain-cliff-mountain
0,51,F,forest-floor,F,1,#,.,.,F,S,F,VOID,terrain-forest-floor
1,51,S,wasteland-sand,D,1,.,.,.,S,S,S,F,terrain-wasteland-sand
2,51,S,wasteland-sand,D,1,.,.,.,S,S,S,S,terrain-wasteland-sand
3,51,S,wasteland-sand,D,1,.,.,.,S,S,S,S,terrain-wasteland-sand
4,51,S,wasteland-sand,D,1,.,.,.,S,S,S,S,terrain-wasteland-sand
5,51,S,wasteland-sand,D,1,.,.,.,S,S,S,S,terrain-wasteland-sand
6,51,S,wasteland-sand,D,1,.,.,.,S,S,S,S,terrain-wasteland-sand
7,51,S,wasteland-sand,D,1,.,.,.,S,S,S,S,terrain-wasteland-sand
8,51,S,wasteland-sand,D,1,.,.,.,S,S,S,S,terrain-wasteland-sand
9,51,S,wasteland-sand,D,1,.,.,.,S,S,S,S,terrain-wasteland-sand
10,51,S,wasteland-sand,D,1,.,.,.,S,S,S,S,terrain-wasteland-sand
11,51,S,wasteland-sand,D,1,.,.,.,S,S,S,S,terrain-wasteland-sand
12,51,S,wasteland-sand,D,1,.,.,.,S,S,S,S,terrain-wasteland-sand
13,51,S,wasteland-sand,D,1,.,.,.,S,S,S,S,terrain-wasteland-sand
14,51,S,wasteland-sand,D,1,.,.,.,S,S,S,S,terrain-wasteland-sand
15,51,S,wasteland-sand,D,1,.,.,.,S,S,S,S,terrain-wasteland-sand
16,51,S,wasteland-sand,D,1,.,.,.,S,S,S,S,terrain-wasteland-sand
17,51,S,wasteland-sand,D,1,.,.,.,D,D,S,S,terrain-wasteland-sand
18,51,D,packed-dirt,D,1,.,N,.,D,D,D,S,terrain-packed-dirt
19,51,D,packed-dirt,D,1,.,N,.,D,D,D,D,terrain-packed-dirt
20,51,D,packed-dirt,D,1,.,N,.,S,S,D,D,terrain-packed-dirt
21,51,S,wasteland-sand,D,1,.,.,.,S,S,S,D,terrain-wasteland-sand
22,51,S,wasteland-sand,D,1,.,.,.,S,S,S,S,terrain-wasteland-sand
23,51,S,wasteland-sand,D,1,.,.,.,S,S,S,S,terrain-wasteland-sand
24,51,S,wasteland-sand,D,1,.,.,.,S,S,S,S,terrain-wasteland-sand
25,51,S,wasteland-sand,D,1,.,.,.,S,S,S,S,terrain-wasteland-sand
26,51,S,wasteland-sand,D,1,.,.,.,S,S,S,S,terrain-wasteland-sand
27,51,S,wasteland-sand,D,1,.,.,.,S,S,S,S,terrain-wasteland-sand
28,51,S,wasteland-sand,D,1,.,.,.,S,S,S,S,terrain-wasteland-sand
29,51,S,wasteland-sand,D,1,.,.,.,S,S,S,S,terrain-wasteland-sand
30,51,S,wasteland-sand,D,1,.,.,.,S,S,S,S,terrain-wasteland-sand
31,51,S,wasteland-sand,D,1,.,.,.,S,S,S,S,terrain-wasteland-sand
32,51,S,wasteland-sand,D,1,.,.,.,S,S,S,S,terrain-wasteland-sand
33,51,S,wasteland-sand,D,1,.,.,.,S,S,S,S,terrain-wasteland-sand
34,51,S,wasteland-sand,D,1,.,.,.,S,S,S,S,terrain-wasteland-sand
35,51,S,wasteland-sand,D,1,.,.,.,S,S,S,S,terrain-wasteland-sand
36,51,S,wasteland-sand,D,1,.,.,.,S,Q,A,S,terrain-wasteland-sand
37,51,Q,stone-road-bridge,D,1,.,B,.,Q,Q,Q,S,terrain-stone-road-bridge
38,51,Q,stone-road-bridge,D,1,.,B,.,Q,Q,Q,Q,terrain-stone-road-bridge
39,51,Q,stone-road-bridge,D,1,.,B,.,Q,Q,Q,Q,terrain-stone-road-bridge
40,51,Q,stone-road-bridge,L,1,.,B,.,Q,Q,Q,Q,terrain-stone-road-bridge
41,51,Q,stone-road-bridge,L,1,.,B,.,Q,Q,Q,Q,terrain-stone-road-bridge
42,51,Q,stone-road-bridge,L,1,.,B,.,Q,A,Q,Q,terrain-stone-road-bridge
43,51,A,cracked-asphalt,P,1,.,M,.,A,A,A,Q,terrain-cracked-asphalt
44,51,A,cracked-asphalt,P,1,.,M,.,A,G,G,A,terrain-cracked-asphalt
45,51,G,lush-grass,P,1,.,.,.,A,G,G,A,terrain-lush-grass
46,51,G,lush-grass,P,1,.,.,.,A,G,G,G,terrain-lush-grass
47,51,G,lush-grass,P,1,.,.,.,G,G,G,G,terrain-lush-grass
48,51,G,lush-grass,P,1,.,.,.,G,W,G,G,terrain-lush-grass
49,51,W,fresh-deep-water,L,0,#,.,.,G,W,W,G,terrain-fresh-water
50,51,W,fresh-deep-water,L,0,#,.,.,W,W,W,W,terrain-fresh-water
51,51,W,fresh-deep-water,L,0,#,.,.,W,G,W,W,terrain-fresh-water
52,51,G,lush-grass,P,1,.,.,.,W,G,G,W,terrain-lush-grass
53,51,G,lush-grass,P,1,.,.,.,G,G,G,G,terrain-lush-grass
54,51,G,lush-grass,P,1,.,.,.,G,G,G,G,terrain-lush-grass
55,51,G,lush-grass,P,1,.,.,.,G,G,G,G,terrain-lush-grass
56,51,G,lush-grass,P,1,.,.,.,G,G,G,G,terrain-lush-grass
57,51,G,lush-grass,P,1,.,.,.,G,g,G,G,terrain-lush-grass
58,51,g,dry-grass,T,1,.,.,.,g,g,g,G,terrain-dry-grass
59,51,g,dry-grass,T,1,.,.,.,g,g,g,g,terrain-dry-grass
60,51,g,dry-grass,T,1,.,.,.,g,g,g,g,terrain-dry-grass
61,51,g,dry-grass,T,1,.,.,.,g,g,g,g,terrain-dry-grass
62,51,g,dry-grass,T,1,.,.,.,A,g,g,g,terrain-dry-grass
63,51,g,dry-grass,T,1,.,.,.,A,g,g,g,terrain-dry-grass
64,51,g,dry-grass,T,1,.,M,.,g,A,g,g,terrain-dry-grass
65,51,A,cracked-asphalt,T,1,.,T,.,A,C,A,g,terrain-cracked-asphalt
66,51,C,cobblestone,T,1,.,T,T,C,C,C,A,terrain-cobblestone
67,51,C,cobblestone,T,1,.,T,T,C,C,C,C,terrain-cobblestone
68,51,C,cobblestone,T,1,.,T,T,C,C,C,C,terrain-cobblestone
69,51,C,cobblestone,T,1,.,T,T,C,C,C,C,terrain-cobblestone
70,51,C,cobblestone,T,1,.,T,T,C,C,C,C,terrain-cobblestone
71,51,C,cobblestone,T,1,.,T,T,C,C,C,C,terrain-cobblestone
72,51,C,cobblestone,T,1,.,T,T,C,C,C,C,terrain-cobblestone
73,51,C,cobblestone,T,1,.,T,T,C,C,C,C,terrain-cobblestone
74,51,C,cobblestone,T,1,.,T,T,C,A,C,C,terrain-cobblestone
75,51,A,cracked-asphalt,T,1,.,T,T,A,A,A,C,terrain-cracked-asphalt
76,51,A,cracked-asphalt,T,1,.,T,T,A,A,A,A,terrain-cracked-asphalt
77,51,A,cracked-asphalt,T,1,.,T,.,A,A,A,A,terrain-cracked-asphalt
78,51,A,cracked-asphalt,T,1,.,T,.,A,A,A,A,terrain-cracked-asphalt
79,51,A,cracked-asphalt,T,1,.,T,.,A,g,A,A,terrain-cracked-asphalt
80,51,g,dry-grass,T,1,.,.,.,g,g,g,A,terrain-dry-grass
81,51,g,dry-grass,T,1,.,.,.,g,g,g,g,terrain-dry-grass
82,51,g,dry-grass,T,1,.,.,.,g,g,g,g,terrain-dry-grass
83,51,g,dry-grass,T,1,.,.,.,g,g,g,g,terrain-dry-grass
84,51,g,dry-grass,T,1,.,.,.,g,g,g,g,terrain-dry-grass
85,51,g,dry-grass,T,1,.,.,.,g,g,g,g,terrain-dry-grass
86,51,g,dry-grass,T,1,.,.,.,g,g,g,g,terrain-dry-grass
87,51,g,dry-grass,T,1,.,.,.,g,g,g,g,terrain-dry-grass
88,51,g,dry-grass,T,1,.,.,.,g,g,g,g,terrain-dry-grass
89,51,g,dry-grass,T,1,.,.,.,g,g,g,g,terrain-dry-grass
90,51,g,dry-grass,T,1,.,.,.,g,G,g,g,terrain-dry-grass
91,51,G,lush-grass,P,1,.,.,.,G,G,G,g,terrain-lush-grass
92,51,G,lush-grass,P,1,.,.,.,G,G,G,G,terrain-lush-grass
93,51,G,lush-grass,P,1,.,.,.,G,g,G,G,terrain-lush-grass
94,51,g,dry-grass,P,1,.,.,.,g,g,g,G,terrain-dry-grass
95,51,g,dry-grass,P,1,.,.,.,g,g,g,g,terrain-dry-grass
96,51,g,dry-grass,P,1,.,.,.,g,g,g,g,terrain-dry-grass
97,51,g,dry-grass,P,1,.,.,.,g,g,g,g,terrain-dry-grass
98,51,g,dry-grass,P,1,.,.,.,g,X,g,g,terrain-dry-grass
99,51,X,cliff-mountain,M,1,#,.,.,X,VOID,X,g,terrain-cliff-mountain
0,52,F,forest-floor,F,1,#,.,.,F,S,F,VOID,terrain-forest-floor
1,52,S,wasteland-sand,D,1,.,.,.,S,S,S,F,terrain-wasteland-sand
2,52,S,wasteland-sand,D,1,.,.,.,S,S,S,S,terrain-wasteland-sand
3,52,S,wasteland-sand,D,1,.,.,.,S,S,S,S,terrain-wasteland-sand
4,52,S,wasteland-sand,D,1,.,.,.,S,S,S,S,terrain-wasteland-sand
5,52,S,wasteland-sand,D,1,.,.,.,S,S,S,S,terrain-wasteland-sand
6,52,S,wasteland-sand,D,1,.,.,.,S,S,S,S,terrain-wasteland-sand
7,52,S,wasteland-sand,D,1,.,.,.,S,S,S,S,terrain-wasteland-sand
8,52,S,wasteland-sand,D,1,.,.,.,S,S,S,S,terrain-wasteland-sand
9,52,S,wasteland-sand,D,1,.,.,.,S,S,S,S,terrain-wasteland-sand
10,52,S,wasteland-sand,D,1,.,.,.,S,S,S,S,terrain-wasteland-sand
11,52,S,wasteland-sand,D,1,.,.,.,S,S,S,S,terrain-wasteland-sand
12,52,S,wasteland-sand,D,1,.,.,.,S,S,S,S,terrain-wasteland-sand
13,52,S,wasteland-sand,D,1,.,.,.,S,S,S,S,terrain-wasteland-sand
14,52,S,wasteland-sand,D,1,.,.,.,S,S,S,S,terrain-wasteland-sand
15,52,S,wasteland-sand,D,1,.,.,.,S,S,S,S,terrain-wasteland-sand
16,52,S,wasteland-sand,D,1,.,.,.,S,S,S,S,terrain-wasteland-sand
17,52,S,wasteland-sand,D,1,.,.,.,S,D,S,S,terrain-wasteland-sand
18,52,D,packed-dirt,D,1,.,N,.,D,D,D,S,terrain-packed-dirt
19,52,D,packed-dirt,D,1,.,N,.,D,D,D,D,terrain-packed-dirt
20,52,D,packed-dirt,D,1,.,N,.,D,S,D,D,terrain-packed-dirt
21,52,S,wasteland-sand,D,1,.,.,.,S,S,S,D,terrain-wasteland-sand
22,52,S,wasteland-sand,D,1,.,.,.,S,S,S,S,terrain-wasteland-sand
23,52,S,wasteland-sand,D,1,.,.,.,S,S,S,S,terrain-wasteland-sand
24,52,S,wasteland-sand,D,1,.,.,.,S,S,S,S,terrain-wasteland-sand
25,52,S,wasteland-sand,D,1,.,.,.,S,S,S,S,terrain-wasteland-sand
26,52,S,wasteland-sand,D,1,.,.,.,S,S,S,S,terrain-wasteland-sand
27,52,S,wasteland-sand,D,1,.,.,.,S,S,S,S,terrain-wasteland-sand
28,52,S,wasteland-sand,D,1,.,.,.,S,S,S,S,terrain-wasteland-sand
29,52,S,wasteland-sand,D,1,.,.,.,S,S,S,S,terrain-wasteland-sand
30,52,S,wasteland-sand,D,1,.,.,.,S,S,S,S,terrain-wasteland-sand
31,52,S,wasteland-sand,D,1,.,.,.,S,S,S,S,terrain-wasteland-sand
32,52,S,wasteland-sand,D,1,.,.,.,S,S,S,S,terrain-wasteland-sand
33,52,S,wasteland-sand,D,1,.,.,.,S,S,S,S,terrain-wasteland-sand
34,52,S,wasteland-sand,D,1,.,.,.,S,S,S,S,terrain-wasteland-sand
35,52,S,wasteland-sand,D,1,.,.,.,S,A,A,S,terrain-wasteland-sand
36,52,A,cracked-asphalt,D,1,.,M,.,S,Q,A,S,terrain-cracked-asphalt
37,52,Q,stone-road-bridge,D,1,.,B,.,Q,Q,Q,A,terrain-stone-road-bridge
38,52,Q,stone-road-bridge,D,1,.,B,.,Q,Q,Q,Q,terrain-stone-road-bridge
39,52,Q,stone-road-bridge,D,1,.,B,.,Q,Q,Q,Q,terrain-stone-road-bridge
40,52,Q,stone-road-bridge,L,1,.,B,.,Q,Q,Q,Q,terrain-stone-road-bridge
41,52,Q,stone-road-bridge,L,1,.,B,.,Q,Q,Q,Q,terrain-stone-road-bridge
42,52,Q,stone-road-bridge,L,1,.,B,.,Q,A,Q,Q,terrain-stone-road-bridge
43,52,A,cracked-asphalt,P,1,.,M,.,A,G,W,Q,terrain-cracked-asphalt
44,52,G,lush-grass,P,1,.,.,.,A,G,G,A,terrain-lush-grass
45,52,G,lush-grass,P,1,.,.,.,G,G,G,G,terrain-lush-grass
46,52,G,lush-grass,P,1,.,.,.,G,G,G,G,terrain-lush-grass
47,52,G,lush-grass,P,1,.,.,.,G,G,G,G,terrain-lush-grass
48,52,G,lush-grass,P,1,.,.,.,G,W,G,G,terrain-lush-grass
49,52,W,fresh-deep-water,L,0,#,.,.,W,W,W,G,terrain-fresh-water
50,52,W,fresh-deep-water,L,0,#,.,.,W,W,W,W,terrain-fresh-water
51,52,W,fresh-deep-water,L,0,#,.,.,W,G,W,W,terrain-fresh-water
52,52,G,lush-grass,P,1,.,.,.,G,G,G,W,terrain-lush-grass
53,52,G,lush-grass,P,1,.,.,.,G,G,G,G,terrain-lush-grass
54,52,G,lush-grass,P,1,.,.,.,G,G,G,G,terrain-lush-grass
55,52,G,lush-grass,P,1,.,.,.,G,G,G,G,terrain-lush-grass
56,52,G,lush-grass,P,1,.,.,.,G,G,G,G,terrain-lush-grass
57,52,G,lush-grass,P,1,.,.,.,G,g,G,G,terrain-lush-grass
58,52,g,dry-grass,T,1,.,.,.,g,g,g,G,terrain-dry-grass
59,52,g,dry-grass,T,1,.,.,.,g,g,g,g,terrain-dry-grass
60,52,g,dry-grass,T,1,.,.,.,g,g,g,g,terrain-dry-grass
61,52,g,dry-grass,T,1,.,.,.,g,g,g,g,terrain-dry-grass
62,52,g,dry-grass,T,1,.,.,.,g,g,g,g,terrain-dry-grass
63,52,g,dry-grass,T,1,.,.,.,g,g,g,g,terrain-dry-grass
64,52,g,dry-grass,T,1,.,.,.,g,A,g,g,terrain-dry-grass
65,52,A,cracked-asphalt,T,1,.,T,T,A,C,A,g,terrain-cracked-asphalt
66,52,C,cobblestone,T,1,.,T,T,C,C,C,A,terrain-cobblestone
67,52,C,cobblestone,T,1,.,T,T,C,C,C,C,terrain-cobblestone
68,52,C,cobblestone,T,1,.,T,T,C,C,C,C,terrain-cobblestone
69,52,C,cobblestone,T,1,.,T,T,C,C,C,C,terrain-cobblestone
70,52,C,cobblestone,T,1,.,T,T,C,C,C,C,terrain-cobblestone
71,52,C,cobblestone,T,1,.,T,T,C,C,C,C,terrain-cobblestone
72,52,C,cobblestone,T,1,.,T,T,C,C,C,C,terrain-cobblestone
73,52,C,cobblestone,T,1,.,T,T,C,C,C,C,terrain-cobblestone
74,52,C,cobblestone,T,1,.,T,T,C,A,C,C,terrain-cobblestone
75,52,A,cracked-asphalt,T,1,.,T,T,A,A,A,C,terrain-cracked-asphalt
76,52,A,cracked-asphalt,T,1,.,T,T,A,A,A,A,terrain-cracked-asphalt
77,52,A,cracked-asphalt,T,1,.,T,T,A,A,A,A,terrain-cracked-asphalt
78,52,A,cracked-asphalt,T,1,.,T,.,A,A,A,A,terrain-cracked-asphalt
79,52,A,cracked-asphalt,T,1,.,T,.,A,g,A,A,terrain-cracked-asphalt
80,52,g,dry-grass,T,1,.,.,.,g,g,g,A,terrain-dry-grass
81,52,g,dry-grass,T,1,.,.,.,g,g,g,g,terrain-dry-grass
82,52,g,dry-grass,T,1,.,.,.,g,g,g,g,terrain-dry-grass
83,52,g,dry-grass,T,1,.,.,.,g,g,g,g,terrain-dry-grass
84,52,g,dry-grass,T,1,.,.,.,g,g,g,g,terrain-dry-grass
85,52,g,dry-grass,T,1,.,.,.,g,g,g,g,terrain-dry-grass
86,52,g,dry-grass,T,1,.,.,.,g,g,g,g,terrain-dry-grass
87,52,g,dry-grass,T,1,.,.,.,g,g,g,g,terrain-dry-grass
88,52,g,dry-grass,T,1,.,.,.,g,g,g,g,terrain-dry-grass
89,52,g,dry-grass,T,1,.,.,.,g,g,g,g,terrain-dry-grass
90,52,g,dry-grass,T,1,.,.,.,g,G,g,g,terrain-dry-grass
91,52,G,lush-grass,P,1,.,.,.,G,G,G,g,terrain-lush-grass
92,52,G,lush-grass,P,1,.,.,.,G,G,G,G,terrain-lush-grass
93,52,G,lush-grass,P,1,.,.,.,G,g,G,G,terrain-lush-grass
94,52,g,dry-grass,P,1,.,.,.,g,g,g,G,terrain-dry-grass
95,52,g,dry-grass,P,1,.,.,.,g,g,g,g,terrain-dry-grass
96,52,g,dry-grass,P,1,.,.,.,g,g,g,g,terrain-dry-grass
97,52,g,dry-grass,P,1,.,.,.,g,g,g,g,terrain-dry-grass
98,52,g,dry-grass,P,1,.,.,.,g,X,g,g,terrain-dry-grass
99,52,X,cliff-mountain,M,1,#,.,.,X,VOID,X,g,terrain-cliff-mountain
0,53,F,forest-floor,F,1,#,.,.,F,S,F,VOID,terrain-forest-floor
1,53,S,wasteland-sand,D,1,.,.,.,S,S,S,F,terrain-wasteland-sand
2,53,S,wasteland-sand,D,1,.,.,.,S,S,S,S,terrain-wasteland-sand
3,53,S,wasteland-sand,D,1,.,.,.,S,S,S,S,terrain-wasteland-sand
4,53,S,wasteland-sand,D,1,.,.,.,S,S,S,S,terrain-wasteland-sand
5,53,S,wasteland-sand,D,1,.,.,.,S,S,S,S,terrain-wasteland-sand
6,53,S,wasteland-sand,D,1,.,.,.,S,S,S,S,terrain-wasteland-sand
7,53,S,wasteland-sand,D,1,.,.,.,S,S,S,S,terrain-wasteland-sand
8,53,S,wasteland-sand,D,1,.,.,.,S,S,S,S,terrain-wasteland-sand
9,53,S,wasteland-sand,D,1,.,.,.,S,S,S,S,terrain-wasteland-sand
10,53,S,wasteland-sand,D,1,.,.,.,S,S,S,S,terrain-wasteland-sand
11,53,S,wasteland-sand,D,1,.,.,.,S,S,S,S,terrain-wasteland-sand
12,53,S,wasteland-sand,D,1,.,.,.,S,S,S,S,terrain-wasteland-sand
13,53,S,wasteland-sand,D,1,.,.,.,S,S,S,S,terrain-wasteland-sand
14,53,S,wasteland-sand,D,1,.,.,.,S,S,S,S,terrain-wasteland-sand
15,53,S,wasteland-sand,D,1,.,.,.,S,S,S,S,terrain-wasteland-sand
16,53,S,wasteland-sand,D,1,.,.,.,S,S,S,S,terrain-wasteland-sand
17,53,S,wasteland-sand,D,1,.,.,.,S,D,S,S,terrain-wasteland-sand
18,53,D,packed-dirt,D,1,.,N,.,D,D,D,S,terrain-packed-dirt
19,53,D,packed-dirt,D,1,.,N,.,D,D,D,D,terrain-packed-dirt
20,53,D,packed-dirt,D,1,.,N,.,D,S,D,D,terrain-packed-dirt
21,53,S,wasteland-sand,D,1,.,.,.,S,S,S,D,terrain-wasteland-sand
22,53,S,wasteland-sand,D,1,.,.,.,S,S,S,S,terrain-wasteland-sand
23,53,S,wasteland-sand,D,1,.,.,.,S,S,S,S,terrain-wasteland-sand
24,53,S,wasteland-sand,D,1,.,.,.,S,S,S,S,terrain-wasteland-sand
25,53,S,wasteland-sand,D,1,.,.,.,S,S,S,S,terrain-wasteland-sand
26,53,S,wasteland-sand,D,1,.,.,.,S,S,S,S,terrain-wasteland-sand
27,53,S,wasteland-sand,D,1,.,.,.,S,S,S,S,terrain-wasteland-sand
28,53,S,wasteland-sand,D,1,.,.,.,S,S,S,S,terrain-wasteland-sand
29,53,S,wasteland-sand,D,1,.,.,.,S,S,S,S,terrain-wasteland-sand
30,53,S,wasteland-sand,D,1,.,.,.,S,S,S,S,terrain-wasteland-sand
31,53,S,wasteland-sand,D,1,.,.,.,S,S,S,S,terrain-wasteland-sand
32,53,S,wasteland-sand,D,1,.,.,.,S,S,S,S,terrain-wasteland-sand
33,53,S,wasteland-sand,D,1,.,.,.,S,S,S,S,terrain-wasteland-sand
34,53,S,wasteland-sand,D,1,.,.,.,S,A,A,S,terrain-wasteland-sand
35,53,A,cracked-asphalt,D,1,.,M,.,S,A,A,S,terrain-cracked-asphalt
36,53,A,cracked-asphalt,D,1,.,M,.,A,Q,A,A,terrain-cracked-asphalt
37,53,Q,stone-road-bridge,D,1,.,B,.,Q,Q,Q,A,terrain-stone-road-bridge
38,53,Q,stone-road-bridge,D,1,.,B,.,Q,Q,Q,Q,terrain-stone-road-bridge
39,53,Q,stone-road-bridge,D,1,.,B,.,Q,Q,Q,Q,terrain-stone-road-bridge
40,53,Q,stone-road-bridge,D,1,.,B,.,Q,Q,Q,Q,terrain-stone-road-bridge
41,53,Q,stone-road-bridge,L,1,.,B,.,Q,Q,Q,Q,terrain-stone-road-bridge
42,53,Q,stone-road-bridge,L,1,.,B,.,Q,W,Q,Q,terrain-stone-road-bridge
43,53,W,fresh-deep-water,L,0,#,.,.,A,G,W,Q,terrain-fresh-water
44,53,G,lush-grass,P,1,.,.,.,G,G,B,W,terrain-lush-grass
45,53,G,lush-grass,P,1,.,.,.,G,G,B,G,terrain-lush-grass
46,53,G,lush-grass,P,1,.,.,.,G,G,B,G,terrain-lush-grass
47,53,G,lush-grass,P,1,.,.,.,G,G,B,G,terrain-lush-grass
48,53,G,lush-grass,P,1,.,.,.,G,W,B,G,terrain-lush-grass
49,53,W,fresh-deep-water,L,0,#,.,.,W,W,W,G,terrain-fresh-water
50,53,W,fresh-deep-water,L,0,#,.,.,W,W,W,W,terrain-fresh-water
51,53,W,fresh-deep-water,L,0,#,.,.,W,G,W,W,terrain-fresh-water
52,53,G,lush-grass,P,1,.,.,.,G,G,B,W,terrain-lush-grass
53,53,G,lush-grass,P,1,.,.,.,G,G,B,G,terrain-lush-grass
54,53,G,lush-grass,P,1,.,.,.,G,G,B,G,terrain-lush-grass
55,53,G,lush-grass,P,1,.,.,.,G,G,G,G,terrain-lush-grass
56,53,G,lush-grass,P,1,.,.,.,G,G,G,G,terrain-lush-grass
57,53,G,lush-grass,P,1,.,.,.,G,g,G,G,terrain-lush-grass
58,53,g,dry-grass,T,1,.,.,.,g,g,g,G,terrain-dry-grass
59,53,g,dry-grass,T,1,.,.,.,g,g,g,g,terrain-dry-grass
60,53,g,dry-grass,T,1,.,.,.,g,g,g,g,terrain-dry-grass
61,53,g,dry-grass,T,1,.,.,.,g,g,g,g,terrain-dry-grass
62,53,g,dry-grass,T,1,.,.,.,g,g,g,g,terrain-dry-grass
63,53,g,dry-grass,T,1,.,.,.,g,g,g,g,terrain-dry-grass
64,53,g,dry-grass,T,1,.,.,.,g,A,g,g,terrain-dry-grass
65,53,A,cracked-asphalt,T,1,.,T,.,A,C,g,g,terrain-cracked-asphalt
66,53,C,cobblestone,T,1,.,T,T,C,C,C,A,terrain-cobblestone
67,53,C,cobblestone,T,1,.,T,T,C,C,C,C,terrain-cobblestone
68,53,C,cobblestone,T,1,.,T,T,C,C,C,C,terrain-cobblestone
69,53,C,cobblestone,T,1,.,T,T,C,C,C,C,terrain-cobblestone
70,53,C,cobblestone,T,1,.,T,T,C,C,C,C,terrain-cobblestone
71,53,C,cobblestone,T,1,.,T,T,C,C,C,C,terrain-cobblestone
72,53,C,cobblestone,T,1,.,T,T,C,C,C,C,terrain-cobblestone
73,53,C,cobblestone,T,1,.,T,T,C,C,C,C,terrain-cobblestone
74,53,C,cobblestone,T,1,.,T,T,C,A,C,C,terrain-cobblestone
75,53,A,cracked-asphalt,T,1,.,T,T,A,A,g,C,terrain-cracked-asphalt
76,53,A,cracked-asphalt,T,1,.,T,T,A,A,g,A,terrain-cracked-asphalt
77,53,A,cracked-asphalt,T,1,.,T,.,A,A,g,A,terrain-cracked-asphalt
78,53,A,cracked-asphalt,T,1,.,T,.,A,A,g,A,terrain-cracked-asphalt
79,53,A,cracked-asphalt,T,1,.,T,.,A,g,g,A,terrain-cracked-asphalt
80,53,g,dry-grass,T,1,.,.,.,g,g,g,A,terrain-dry-grass
81,53,g,dry-grass,T,1,.,.,.,g,g,g,g,terrain-dry-grass
82,53,g,dry-grass,T,1,.,.,.,g,g,g,g,terrain-dry-grass
83,53,g,dry-grass,T,1,.,.,.,g,g,g,g,terrain-dry-grass
84,53,g,dry-grass,T,1,.,.,.,g,g,g,g,terrain-dry-grass
85,53,g,dry-grass,T,1,.,.,.,g,g,g,g,terrain-dry-grass
86,53,g,dry-grass,T,1,.,.,.,g,g,g,g,terrain-dry-grass
87,53,g,dry-grass,T,1,.,.,.,g,g,g,g,terrain-dry-grass
88,53,g,dry-grass,T,1,.,.,.,g,g,g,g,terrain-dry-grass
89,53,g,dry-grass,T,1,.,.,.,g,g,g,g,terrain-dry-grass
90,53,g,dry-grass,T,1,.,.,.,g,G,G,g,terrain-dry-grass
91,53,G,lush-grass,P,1,.,.,.,G,G,G,g,terrain-lush-grass
92,53,G,lush-grass,P,1,.,.,.,G,G,G,G,terrain-lush-grass
93,53,G,lush-grass,P,1,.,.,.,G,g,G,G,terrain-lush-grass
94,53,g,dry-grass,P,1,.,.,.,g,g,g,G,terrain-dry-grass
95,53,g,dry-grass,P,1,.,.,.,g,g,g,g,terrain-dry-grass
96,53,g,dry-grass,P,1,.,.,.,g,g,g,g,terrain-dry-grass
97,53,g,dry-grass,P,1,.,.,.,g,g,g,g,terrain-dry-grass
98,53,g,dry-grass,P,1,.,.,.,g,X,g,g,terrain-dry-grass
99,53,X,cliff-mountain,M,1,#,.,.,X,VOID,X,g,terrain-cliff-mountain
0,54,F,forest-floor,F,1,#,.,.,F,S,F,VOID,terrain-forest-floor
1,54,S,wasteland-sand,D,1,.,.,.,S,S,S,F,terrain-wasteland-sand
2,54,S,wasteland-sand,D,1,.,.,.,S,S,S,S,terrain-wasteland-sand
3,54,S,wasteland-sand,D,1,.,.,.,S,S,S,S,terrain-wasteland-sand
4,54,S,wasteland-sand,D,1,.,.,.,S,S,S,S,terrain-wasteland-sand
5,54,S,wasteland-sand,D,1,.,.,.,S,S,S,S,terrain-wasteland-sand
6,54,S,wasteland-sand,D,1,.,.,.,S,S,S,S,terrain-wasteland-sand
7,54,S,wasteland-sand,D,1,.,.,.,S,S,S,S,terrain-wasteland-sand
8,54,S,wasteland-sand,D,1,.,.,.,S,S,S,S,terrain-wasteland-sand
9,54,S,wasteland-sand,D,1,.,.,.,S,S,S,S,terrain-wasteland-sand
10,54,S,wasteland-sand,D,1,.,.,.,S,S,S,S,terrain-wasteland-sand
11,54,S,wasteland-sand,D,1,.,.,.,S,S,S,S,terrain-wasteland-sand
12,54,S,wasteland-sand,D,1,.,.,.,S,S,S,S,terrain-wasteland-sand
13,54,S,wasteland-sand,D,1,.,.,.,S,S,S,S,terrain-wasteland-sand
14,54,S,wasteland-sand,D,1,.,.,.,S,S,S,S,terrain-wasteland-sand
15,54,S,wasteland-sand,D,1,.,.,.,S,S,S,S,terrain-wasteland-sand
16,54,S,wasteland-sand,D,1,.,.,.,S,S,S,S,terrain-wasteland-sand
17,54,S,wasteland-sand,D,1,.,.,.,S,D,S,S,terrain-wasteland-sand
18,54,D,packed-dirt,D,1,.,N,.,D,D,S,S,terrain-packed-dirt
19,54,D,packed-dirt,D,1,.,N,.,D,D,D,D,terrain-packed-dirt
20,54,D,packed-dirt,D,1,.,N,.,D,S,D,D,terrain-packed-dirt
21,54,S,wasteland-sand,D,1,.,.,.,S,S,D,D,terrain-wasteland-sand
22,54,S,wasteland-sand,D,1,.,.,.,S,S,S,S,terrain-wasteland-sand
23,54,S,wasteland-sand,D,1,.,.,.,S,S,S,S,terrain-wasteland-sand
24,54,S,wasteland-sand,D,1,.,.,.,S,S,S,S,terrain-wasteland-sand
25,54,S,wasteland-sand,D,1,.,.,.,S,S,S,S,terrain-wasteland-sand
26,54,S,wasteland-sand,D,1,.,.,.,S,S,S,S,terrain-wasteland-sand
27,54,S,wasteland-sand,D,1,.,.,.,S,S,S,S,terrain-wasteland-sand
28,54,S,wasteland-sand,D,1,.,.,.,S,S,S,S,terrain-wasteland-sand
29,54,S,wasteland-sand,D,1,.,.,.,S,S,S,S,terrain-wasteland-sand
30,54,S,wasteland-sand,D,1,.,.,.,S,S,S,S,terrain-wasteland-sand
31,54,S,wasteland-sand,D,1,.,.,.,S,S,S,S,terrain-wasteland-sand
32,54,S,wasteland-sand,D,1,.,.,.,S,S,S,S,terrain-wasteland-sand
33,54,S,wasteland-sand,D,1,.,.,.,S,A,A,S,terrain-wasteland-sand
34,54,A,cracked-asphalt,D,1,.,M,.,S,A,A,S,terrain-cracked-asphalt
35,54,A,cracked-asphalt,D,1,.,M,.,A,A,A,A,terrain-cracked-asphalt
36,54,A,cracked-asphalt,D,1,.,M,.,A,Q,A,A,terrain-cracked-asphalt
37,54,Q,stone-road-bridge,D,1,.,B,.,Q,Q,A,A,terrain-stone-road-bridge
38,54,Q,stone-road-bridge,D,1,.,B,.,Q,Q,A,Q,terrain-stone-road-bridge
39,54,Q,stone-road-bridge,D,1,.,B,.,Q,Q,A,Q,terrain-stone-road-bridge
40,54,Q,stone-road-bridge,D,1,.,B,.,Q,Q,S,Q,terrain-stone-road-bridge
41,54,Q,stone-road-bridge,L,1,.,B,.,Q,Q,S,Q,terrain-stone-road-bridge
42,54,Q,stone-road-bridge,L,1,.,B,.,Q,W,W,Q,terrain-stone-road-bridge
43,54,W,fresh-deep-water,L,0,#,.,.,W,B,W,Q,terrain-fresh-water
44,54,B,beach-sand,L,1,.,.,.,G,B,W,W,terrain-beach-sand
45,54,B,beach-sand,L,1,.,.,.,G,B,B,B,terrain-beach-sand
46,54,B,beach-sand,L,1,.,.,.,G,B,B,B,terrain-beach-sand
47,54,B,beach-sand,L,1,.,.,.,G,B,B,B,terrain-beach-sand
48,54,B,beach-sand,L,1,.,.,.,G,W,W,B,terrain-beach-sand
49,54,W,fresh-deep-water,L,0,#,.,.,W,W,W,B,terrain-fresh-water
50,54,W,fresh-deep-water,L,0,#,.,.,W,W,W,W,terrain-fresh-water
51,54,W,fresh-deep-water,L,0,#,.,.,W,B,B,W,terrain-fresh-water
52,54,B,beach-sand,L,1,.,.,.,G,B,B,W,terrain-beach-sand
53,54,B,beach-sand,L,1,.,.,.,G,B,B,B,terrain-beach-sand
54,54,B,beach-sand,L,1,.,.,.,G,G,B,B,terrain-beach-sand
55,54,G,lush-grass,P,1,.,.,.,G,G,B,B,terrain-lush-grass
56,54,G,lush-grass,P,1,.,.,.,G,G,B,G,terrain-lush-grass
57,54,G,lush-grass,P,1,.,.,.,G,g,G,G,terrain-lush-grass
58,54,g,dry-grass,T,1,.,.,.,g,g,g,G,terrain-dry-grass
59,54,g,dry-grass,T,1,.,.,.,g,g,g,g,terrain-dry-grass
60,54,g,dry-grass,T,1,.,.,.,g,g,g,g,terrain-dry-grass
61,54,g,dry-grass,T,1,.,.,.,g,g,g,g,terrain-dry-grass
62,54,g,dry-grass,T,1,.,.,.,g,g,g,g,terrain-dry-grass
63,54,g,dry-grass,T,1,.,.,.,g,g,g,g,terrain-dry-grass
64,54,g,dry-grass,T,1,.,.,.,g,g,g,g,terrain-dry-grass
65,54,g,dry-grass,T,1,.,.,.,A,C,g,g,terrain-dry-grass
66,54,C,cobblestone,T,1,.,.,T,C,C,C,g,terrain-cobblestone
67,54,C,cobblestone,T,1,.,.,T,C,C,C,C,terrain-cobblestone
68,54,C,cobblestone,T,1,.,.,T,C,C,C,C,terrain-cobblestone
69,54,C,cobblestone,T,1,.,.,T,C,C,C,C,terrain-cobblestone
70,54,C,cobblestone,T,1,.,T,T,C,C,C,C,terrain-cobblestone
71,54,C,cobblestone,T,1,.,T,T,C,C,C,C,terrain-cobblestone
72,54,C,cobblestone,T,1,.,T,T,C,C,C,C,terrain-cobblestone
73,54,C,cobblestone,T,1,.,T,T,C,C,C,C,terrain-cobblestone
74,54,C,cobblestone,T,1,.,T,T,C,g,C,C,terrain-cobblestone
75,54,g,dry-grass,T,1,.,S,T,A,g,g,C,terrain-dry-grass
76,54,g,dry-grass,T,1,.,S,T,A,g,g,g,terrain-dry-grass
77,54,g,dry-grass,T,1,.,.,.,A,g,g,g,terrain-dry-grass
78,54,g,dry-grass,T,1,.,.,.,A,g,g,g,terrain-dry-grass
79,54,g,dry-grass,T,1,.,.,.,A,g,g,g,terrain-dry-grass
80,54,g,dry-grass,T,1,.,.,.,g,g,g,g,terrain-dry-grass
81,54,g,dry-grass,T,1,.,.,.,g,g,g,g,terrain-dry-grass
82,54,g,dry-grass,T,1,.,.,.,g,g,g,g,terrain-dry-grass
83,54,g,dry-grass,T,1,.,.,.,g,g,g,g,terrain-dry-grass
84,54,g,dry-grass,T,1,.,.,.,g,g,g,g,terrain-dry-grass
85,54,g,dry-grass,T,1,.,.,.,g,g,g,g,terrain-dry-grass
86,54,g,dry-grass,T,1,.,.,.,g,g,g,g,terrain-dry-grass
87,54,g,dry-grass,T,1,.,.,.,g,g,g,g,terrain-dry-grass
88,54,g,dry-grass,T,1,.,.,.,g,g,g,g,terrain-dry-grass
89,54,g,dry-grass,T,1,.,.,.,g,G,g,g,terrain-dry-grass
90,54,G,lush-grass,P,1,.,.,.,g,G,G,g,terrain-lush-grass
91,54,G,lush-grass,P,1,.,.,.,G,G,G,G,terrain-lush-grass
92,54,G,lush-grass,P,1,.,.,.,G,G,G,G,terrain-lush-grass
93,54,G,lush-grass,P,1,.,.,.,G,g,G,G,terrain-lush-grass
94,54,g,dry-grass,P,1,.,.,.,g,g,g,G,terrain-dry-grass
95,54,g,dry-grass,P,1,.,.,.,g,g,g,g,terrain-dry-grass
96,54,g,dry-grass,P,1,.,.,.,g,g,g,g,terrain-dry-grass
97,54,g,dry-grass,P,1,.,.,.,g,g,g,g,terrain-dry-grass
98,54,g,dry-grass,P,1,.,.,.,g,X,g,g,terrain-dry-grass
99,54,X,cliff-mountain,M,1,#,.,.,X,VOID,X,g,terrain-cliff-mountain
0,55,F,forest-floor,F,1,#,.,.,F,S,F,VOID,terrain-forest-floor
1,55,S,wasteland-sand,D,1,.,.,.,S,S,S,F,terrain-wasteland-sand
2,55,S,wasteland-sand,D,1,.,.,.,S,S,S,S,terrain-wasteland-sand
3,55,S,wasteland-sand,D,1,.,.,.,S,S,S,S,terrain-wasteland-sand
4,55,S,wasteland-sand,D,1,.,.,.,S,S,S,S,terrain-wasteland-sand
5,55,S,wasteland-sand,D,1,.,.,.,S,S,S,S,terrain-wasteland-sand
6,55,S,wasteland-sand,D,1,.,.,.,S,S,S,S,terrain-wasteland-sand
7,55,S,wasteland-sand,D,1,.,.,.,S,S,S,S,terrain-wasteland-sand
8,55,S,wasteland-sand,D,1,.,.,.,S,S,S,S,terrain-wasteland-sand
9,55,S,wasteland-sand,D,1,.,.,.,S,S,S,S,terrain-wasteland-sand
10,55,S,wasteland-sand,D,1,.,.,.,S,S,S,S,terrain-wasteland-sand
11,55,S,wasteland-sand,D,1,.,.,.,S,S,S,S,terrain-wasteland-sand
12,55,S,wasteland-sand,D,1,.,.,.,S,S,S,S,terrain-wasteland-sand
13,55,S,wasteland-sand,D,1,.,.,.,S,S,S,S,terrain-wasteland-sand
14,55,S,wasteland-sand,D,1,.,.,.,S,S,S,S,terrain-wasteland-sand
15,55,S,wasteland-sand,D,1,.,.,.,S,S,S,S,terrain-wasteland-sand
16,55,S,wasteland-sand,D,1,.,.,.,S,S,S,S,terrain-wasteland-sand
17,55,S,wasteland-sand,D,1,.,.,.,S,S,S,S,terrain-wasteland-sand
18,55,S,wasteland-sand,D,1,.,.,.,D,D,S,S,terrain-wasteland-sand
19,55,D,packed-dirt,D,1,.,N,.,D,D,D,S,terrain-packed-dirt
20,55,D,packed-dirt,D,1,.,N,.,D,D,D,D,terrain-packed-dirt
21,55,D,packed-dirt,D,1,.,N,.,S,S,D,D,terrain-packed-dirt
22,55,S,wasteland-sand,D,1,.,.,.,S,S,S,D,terrain-wasteland-sand
23,55,S,wasteland-sand,D,1,.,.,.,S,S,S,S,terrain-wasteland-sand
24,55,S,wasteland-sand,D,1,.,.,.,S,S,S,S,terrain-wasteland-sand
25,55,S,wasteland-sand,D,1,.,.,.,S,S,S,S,terrain-wasteland-sand
26,55,S,wasteland-sand,D,1,.,.,.,S,S,S,S,terrain-wasteland-sand
27,55,S,wasteland-sand,D,1,.,.,.,S,S,S,S,terrain-wasteland-sand
28,55,S,wasteland-sand,D,1,.,.,.,S,S,S,S,terrain-wasteland-sand
29,55,S,wasteland-sand,D,1,.,.,.,S,S,S,S,terrain-wasteland-sand
30,55,S,wasteland-sand,D,1,.,.,.,S,S,S,S,terrain-wasteland-sand
31,55,S,wasteland-sand,D,1,.,.,.,S,S,S,S,terrain-wasteland-sand
32,55,S,wasteland-sand,D,1,.,.,.,S,A,A,S,terrain-wasteland-sand
33,55,A,cracked-asphalt,D,1,.,M,.,S,A,A,S,terrain-cracked-asphalt
34,55,A,cracked-asphalt,D,1,.,M,.,A,A,A,A,terrain-cracked-asphalt
35,55,A,cracked-asphalt,D,1,.,M,.,A,A,A,A,terrain-cracked-asphalt
36,55,A,cracked-asphalt,D,1,.,M,.,A,A,A,A,terrain-cracked-asphalt
37,55,A,cracked-asphalt,D,1,.,M,.,Q,A,A,A,terrain-cracked-asphalt
38,55,A,cracked-asphalt,D,1,.,M,.,Q,A,A,A,terrain-cracked-asphalt
39,55,A,cracked-asphalt,D,1,.,M,.,Q,S,S,A,terrain-cracked-asphalt
40,55,S,wasteland-sand,D,1,.,.,.,Q,S,S,A,terrain-wasteland-sand
41,55,S,wasteland-sand,D,1,.,.,.,Q,W,B,S,terrain-wasteland-sand
42,55,W,fresh-deep-water,L,0,#,.,.,Q,W,W,S,terrain-fresh-water
43,55,W,fresh-deep-water,L,0,#,.,.,W,W,W,W,terrain-fresh-water
44,55,W,fresh-deep-water,L,0,#,.,.,B,B,W,W,terrain-fresh-water
45,55,B,beach-sand,L,1,.,.,.,B,B,B,W,terrain-beach-sand
46,55,B,beach-sand,L,1,.,.,.,B,B,B,B,terrain-beach-sand
47,55,B,beach-sand,L,1,.,.,.,B,W,B,B,terrain-beach-sand
48,55,W,fresh-deep-water,L,0,#,.,.,B,W,W,B,terrain-fresh-water
49,55,W,fresh-deep-water,L,0,#,.,.,W,W,W,W,terrain-fresh-water
50,55,W,fresh-deep-water,L,0,#,.,.,W,B,W,W,terrain-fresh-water
51,55,B,beach-sand,L,1,.,.,.,W,B,B,W,terrain-beach-sand
52,55,B,beach-sand,L,1,.,.,.,B,B,B,B,terrain-beach-sand
53,55,B,beach-sand,L,1,.,.,.,B,B,B,B,terrain-beach-sand
54,55,B,beach-sand,L,1,.,.,.,B,B,B,B,terrain-beach-sand
55,55,B,beach-sand,L,1,.,.,.,G,B,B,B,terrain-beach-sand
56,55,B,beach-sand,L,1,.,.,.,G,G,B,B,terrain-beach-sand
57,55,G,lush-grass,P,1,.,.,.,G,g,B,B,terrain-lush-grass
58,55,g,dry-grass,T,1,.,.,.,g,g,g,G,terrain-dry-grass
59,55,g,dry-grass,T,1,.,.,.,g,g,g,g,terrain-dry-grass
60,55,g,dry-grass,T,1,.,.,.,g,g,g,g,terrain-dry-grass
61,55,g,dry-grass,T,1,.,.,.,g,g,g,g,terrain-dry-grass
62,55,g,dry-grass,T,1,.,.,.,g,g,g,g,terrain-dry-grass
63,55,g,dry-grass,T,1,.,.,.,g,g,g,g,terrain-dry-grass
64,55,g,dry-grass,T,1,.,.,.,g,g,g,g,terrain-dry-grass
65,55,g,dry-grass,T,1,.,.,.,g,C,g,g,terrain-dry-grass
66,55,C,cobblestone,T,1,.,.,T,C,C,C,g,terrain-cobblestone
67,55,C,cobblestone,T,1,.,.,T,C,C,C,C,terrain-cobblestone
68,55,C,cobblestone,T,1,.,.,T,C,C,C,C,terrain-cobblestone
69,55,C,cobblestone,T,1,.,.,T,C,C,C,C,terrain-cobblestone
70,55,C,cobblestone,T,1,.,T,T,C,C,C,C,terrain-cobblestone
71,55,C,cobblestone,T,1,.,T,T,C,C,C,C,terrain-cobblestone
72,55,C,cobblestone,T,1,.,T,T,C,C,C,C,terrain-cobblestone
73,55,C,cobblestone,T,1,.,T,T,C,C,C,C,terrain-cobblestone
74,55,C,cobblestone,T,1,.,T,T,C,g,C,C,terrain-cobblestone
75,55,g,dry-grass,T,1,.,S,T,g,g,g,C,terrain-dry-grass
76,55,g,dry-grass,T,1,.,S,T,g,g,g,g,terrain-dry-grass
77,55,g,dry-grass,T,1,.,S,.,g,g,g,g,terrain-dry-grass
78,55,g,dry-grass,T,1,.,.,.,g,g,g,g,terrain-dry-grass
79,55,g,dry-grass,T,1,.,.,.,g,g,g,g,terrain-dry-grass
80,55,g,dry-grass,T,1,.,.,.,g,g,g,g,terrain-dry-grass
81,55,g,dry-grass,T,1,.,.,.,g,g,g,g,terrain-dry-grass
82,55,g,dry-grass,T,1,.,.,.,g,g,g,g,terrain-dry-grass
83,55,g,dry-grass,T,1,.,.,.,g,g,g,g,terrain-dry-grass
84,55,g,dry-grass,T,1,.,.,.,g,g,g,g,terrain-dry-grass
85,55,g,dry-grass,T,1,.,.,.,g,g,g,g,terrain-dry-grass
86,55,g,dry-grass,T,1,.,.,.,g,g,g,g,terrain-dry-grass
87,55,g,dry-grass,T,1,.,.,.,g,g,g,g,terrain-dry-grass
88,55,g,dry-grass,T,1,.,.,.,g,g,g,g,terrain-dry-grass
89,55,g,dry-grass,T,1,.,.,.,g,G,g,g,terrain-dry-grass
90,55,G,lush-grass,P,1,.,.,.,G,G,G,g,terrain-lush-grass
91,55,G,lush-grass,P,1,.,.,.,G,G,G,G,terrain-lush-grass
92,55,G,lush-grass,P,1,.,.,.,G,G,G,G,terrain-lush-grass
93,55,G,lush-grass,P,1,.,.,.,G,g,G,G,terrain-lush-grass
94,55,g,dry-grass,P,1,.,.,.,g,g,g,G,terrain-dry-grass
95,55,g,dry-grass,P,1,.,.,.,g,g,g,g,terrain-dry-grass
96,55,g,dry-grass,P,1,.,.,.,g,g,g,g,terrain-dry-grass
97,55,g,dry-grass,P,1,.,.,.,g,g,g,g,terrain-dry-grass
98,55,g,dry-grass,P,1,.,.,.,g,X,g,g,terrain-dry-grass
99,55,X,cliff-mountain,M,1,#,.,.,X,VOID,X,g,terrain-cliff-mountain
0,56,F,forest-floor,F,1,#,.,.,F,S,F,VOID,terrain-forest-floor
1,56,S,wasteland-sand,D,1,.,.,.,S,S,S,F,terrain-wasteland-sand
2,56,S,wasteland-sand,D,1,.,.,.,S,S,S,S,terrain-wasteland-sand
3,56,S,wasteland-sand,D,1,.,.,.,S,S,S,S,terrain-wasteland-sand
4,56,S,wasteland-sand,D,1,.,.,.,S,S,S,S,terrain-wasteland-sand
5,56,S,wasteland-sand,D,1,.,.,.,S,S,S,S,terrain-wasteland-sand
6,56,S,wasteland-sand,D,1,.,.,.,S,S,S,S,terrain-wasteland-sand
7,56,S,wasteland-sand,D,1,.,.,.,S,S,S,S,terrain-wasteland-sand
8,56,S,wasteland-sand,D,1,.,.,.,S,S,S,S,terrain-wasteland-sand
9,56,S,wasteland-sand,D,1,.,.,.,S,S,S,S,terrain-wasteland-sand
10,56,S,wasteland-sand,D,1,.,.,.,S,S,S,S,terrain-wasteland-sand
11,56,S,wasteland-sand,D,1,.,.,.,S,S,S,S,terrain-wasteland-sand
12,56,S,wasteland-sand,D,1,.,.,.,S,S,S,S,terrain-wasteland-sand
13,56,S,wasteland-sand,D,1,.,.,.,S,S,S,S,terrain-wasteland-sand
14,56,S,wasteland-sand,D,1,.,.,.,S,S,S,S,terrain-wasteland-sand
15,56,S,wasteland-sand,D,1,.,.,.,S,S,S,S,terrain-wasteland-sand
16,56,S,wasteland-sand,D,1,.,.,.,S,S,S,S,terrain-wasteland-sand
17,56,S,wasteland-sand,D,1,.,.,.,S,S,S,S,terrain-wasteland-sand
18,56,S,wasteland-sand,D,1,.,.,.,S,D,S,S,terrain-wasteland-sand
19,56,D,packed-dirt,D,1,.,N,.,D,D,D,S,terrain-packed-dirt
20,56,D,packed-dirt,D,1,.,N,.,D,D,D,D,terrain-packed-dirt
21,56,D,packed-dirt,D,1,.,N,.,D,S,D,D,terrain-packed-dirt
22,56,S,wasteland-sand,D,1,.,.,.,S,S,S,D,terrain-wasteland-sand
23,56,S,wasteland-sand,D,1,.,.,.,S,S,S,S,terrain-wasteland-sand
24,56,S,wasteland-sand,D,1,.,.,.,S,S,S,S,terrain-wasteland-sand
25,56,S,wasteland-sand,D,1,.,.,.,S,S,S,S,terrain-wasteland-sand
26,56,S,wasteland-sand,D,1,.,.,.,S,S,S,S,terrain-wasteland-sand
27,56,S,wasteland-sand,D,1,.,.,.,S,S,S,S,terrain-wasteland-sand
28,56,S,wasteland-sand,D,1,.,.,.,S,S,S,S,terrain-wasteland-sand
29,56,S,wasteland-sand,D,1,.,.,.,S,S,S,S,terrain-wasteland-sand
30,56,S,wasteland-sand,D,1,.,.,.,S,S,S,S,terrain-wasteland-sand
31,56,S,wasteland-sand,D,1,.,.,.,S,A,A,S,terrain-wasteland-sand
32,56,A,cracked-asphalt,D,1,.,M,.,S,A,A,S,terrain-cracked-asphalt
33,56,A,cracked-asphalt,D,1,.,M,.,A,A,A,A,terrain-cracked-asphalt
34,56,A,cracked-asphalt,D,1,.,M,.,A,A,A,A,terrain-cracked-asphalt
35,56,A,cracked-asphalt,D,1,.,M,.,A,A,A,A,terrain-cracked-asphalt
36,56,A,cracked-asphalt,D,1,.,M,.,A,A,A,A,terrain-cracked-asphalt
37,56,A,cracked-asphalt,D,1,.,M,.,A,A,A,A,terrain-cracked-asphalt
38,56,A,cracked-asphalt,D,1,.,M,.,A,S,S,A,terrain-cracked-asphalt
39,56,S,wasteland-sand,D,1,.,.,.,A,S,B,A,terrain-wasteland-sand
40,56,S,wasteland-sand,D,1,.,.,.,S,B,B,S,terrain-wasteland-sand
41,56,B,beach-sand,L,1,.,.,.,S,W,B,S,terrain-beach-sand
42,56,W,fresh-deep-water,L,0,#,.,.,W,W,B,B,terrain-fresh-water
43,56,W,fresh-deep-water,L,0,#,.,.,W,W,W,W,terrain-fresh-water
44,56,W,fresh-deep-water,L,0,#,.,.,W,B,W,W,terrain-fresh-water
45,56,B,beach-sand,L,1,.,.,.,B,B,W,W,terrain-beach-sand
46,56,B,beach-sand,L,1,.,.,.,B,B,W,B,terrain-beach-sand
47,56,B,beach-sand,L,1,.,.,.,B,W,W,B,terrain-beach-sand
48,56,W,fresh-deep-water,L,0,#,.,.,W,W,W,B,terrain-fresh-water
49,56,W,fresh-deep-water,L,0,#,.,.,W,W,W,W,terrain-fresh-water
50,56,W,fresh-deep-water,L,0,#,.,.,W,B,W,W,terrain-fresh-water
51,56,B,beach-sand,L,1,.,.,.,B,B,W,W,terrain-beach-sand
52,56,B,beach-sand,L,1,.,.,.,B,B,W,B,terrain-beach-sand
53,56,B,beach-sand,L,1,.,.,.,B,B,W,B,terrain-beach-sand
54,56,B,beach-sand,L,1,.,.,.,B,B,B,B,terrain-beach-sand
55,56,B,beach-sand,L,1,.,.,.,B,B,B,B,terrain-beach-sand
56,56,B,beach-sand,L,1,.,.,.,B,B,B,B,terrain-beach-sand
57,56,B,beach-sand,L,1,.,.,.,G,g,B,B,terrain-beach-sand
58,56,g,dry-grass,T,1,.,.,.,g,g,B,B,terrain-dry-grass
59,56,g,dry-grass,T,1,.,.,.,g,g,B,g,terrain-dry-grass
60,56,g,dry-grass,T,1,.,.,.,g,g,g,g,terrain-dry-grass
61,56,g,dry-grass,T,1,.,.,.,g,g,g,g,terrain-dry-grass
62,56,g,dry-grass,T,1,.,.,.,g,g,g,g,terrain-dry-grass
63,56,g,dry-grass,T,1,.,.,.,g,g,g,g,terrain-dry-grass
64,56,g,dry-grass,T,1,.,.,.,g,g,g,g,terrain-dry-grass
65,56,g,dry-grass,T,1,.,.,.,g,C,g,g,terrain-dry-grass
66,56,C,cobblestone,T,1,.,.,.,C,C,g,g,terrain-cobblestone
67,56,C,cobblestone,T,1,.,.,T,C,C,g,C,terrain-cobblestone
68,56,C,cobblestone,T,1,.,.,T,C,C,g,C,terrain-cobblestone
69,56,C,cobblestone,T,1,.,.,T,C,C,g,C,terrain-cobblestone
70,56,C,cobblestone,T,1,.,T,T,C,C,A,C,terrain-cobblestone
71,56,C,cobblestone,T,1,.,T,T,C,C,A,C,terrain-cobblestone
72,56,C,cobblestone,T,1,.,T,T,C,C,A,C,terrain-cobblestone
73,56,C,cobblestone,T,1,.,T,T,C,C,A,C,terrain-cobblestone
74,56,C,cobblestone,T,1,.,T,T,C,g,A,C,terrain-cobblestone
75,56,g,dry-grass,T,1,.,.,T,g,g,g,C,terrain-dry-grass
76,56,g,dry-grass,T,1,.,S,.,g,g,g,g,terrain-dry-grass
77,56,g,dry-grass,T,1,.,S,.,g,g,g,g,terrain-dry-grass
78,56,g,dry-grass,T,1,.,S,.,g,g,g,g,terrain-dry-grass
79,56,g,dry-grass,T,1,.,.,.,g,g,g,g,terrain-dry-grass
80,56,g,dry-grass,T,1,.,.,.,g,g,g,g,terrain-dry-grass
81,56,g,dry-grass,T,1,.,.,.,g,g,g,g,terrain-dry-grass
82,56,g,dry-grass,T,1,.,.,.,g,g,g,g,terrain-dry-grass
83,56,g,dry-grass,T,1,.,.,.,g,g,g,g,terrain-dry-grass
84,56,g,dry-grass,T,1,.,.,.,g,g,g,g,terrain-dry-grass
85,56,g,dry-grass,T,1,.,.,.,g,g,g,g,terrain-dry-grass
86,56,g,dry-grass,T,1,.,.,.,g,g,g,g,terrain-dry-grass
87,56,g,dry-grass,T,1,.,.,.,g,g,g,g,terrain-dry-grass
88,56,g,dry-grass,T,1,.,.,.,g,g,g,g,terrain-dry-grass
89,56,g,dry-grass,T,1,.,.,.,g,G,g,g,terrain-dry-grass
90,56,G,lush-grass,P,1,.,.,.,G,G,G,g,terrain-lush-grass
91,56,G,lush-grass,P,1,.,.,.,G,G,G,G,terrain-lush-grass
92,56,G,lush-grass,P,1,.,.,.,G,G,G,G,terrain-lush-grass
93,56,G,lush-grass,P,1,.,.,.,G,g,G,G,terrain-lush-grass
94,56,g,dry-grass,P,1,.,.,.,g,g,g,G,terrain-dry-grass
95,56,g,dry-grass,P,1,.,.,.,g,g,g,g,terrain-dry-grass
96,56,g,dry-grass,P,1,.,.,.,g,g,g,g,terrain-dry-grass
97,56,g,dry-grass,P,1,.,.,.,g,g,g,g,terrain-dry-grass
98,56,g,dry-grass,P,1,.,.,.,g,X,g,g,terrain-dry-grass
99,56,X,cliff-mountain,M,1,#,.,.,X,VOID,X,g,terrain-cliff-mountain
0,57,F,forest-floor,F,1,#,.,.,F,S,F,VOID,terrain-forest-floor
1,57,S,wasteland-sand,D,1,.,.,.,S,S,S,F,terrain-wasteland-sand
2,57,S,wasteland-sand,D,1,.,.,.,S,S,S,S,terrain-wasteland-sand
3,57,S,wasteland-sand,D,1,.,.,.,S,S,S,S,terrain-wasteland-sand
4,57,S,wasteland-sand,D,1,.,.,.,S,S,S,S,terrain-wasteland-sand
5,57,S,wasteland-sand,D,1,.,.,.,S,S,S,S,terrain-wasteland-sand
6,57,S,wasteland-sand,D,1,.,.,.,S,S,S,S,terrain-wasteland-sand
7,57,S,wasteland-sand,D,1,.,.,.,S,S,S,S,terrain-wasteland-sand
8,57,S,wasteland-sand,D,1,.,.,.,S,S,S,S,terrain-wasteland-sand
9,57,S,wasteland-sand,D,1,.,.,.,S,S,S,S,terrain-wasteland-sand
10,57,S,wasteland-sand,D,1,.,.,.,S,S,S,S,terrain-wasteland-sand
11,57,S,wasteland-sand,D,1,.,.,.,S,S,S,S,terrain-wasteland-sand
12,57,S,wasteland-sand,D,1,.,.,.,S,S,S,S,terrain-wasteland-sand
13,57,S,wasteland-sand,D,1,.,.,.,S,S,S,S,terrain-wasteland-sand
14,57,S,wasteland-sand,D,1,.,.,.,S,S,S,S,terrain-wasteland-sand
15,57,S,wasteland-sand,D,1,.,.,.,S,S,S,S,terrain-wasteland-sand
16,57,S,wasteland-sand,G,1,.,.,.,S,S,S,S,terrain-wasteland-sand
17,57,S,wasteland-sand,G,1,.,.,.,S,S,S,S,terrain-wasteland-sand
18,57,S,wasteland-sand,G,1,.,.,.,S,D,S,S,terrain-wasteland-sand
19,57,D,packed-dirt,G,1,.,N,.,D,D,D,S,terrain-packed-dirt
20,57,D,packed-dirt,G,1,.,N,.,D,D,D,D,terrain-packed-dirt
21,57,D,packed-dirt,G,1,.,N,.,D,S,D,D,terrain-packed-dirt
22,57,S,wasteland-sand,G,1,.,.,.,S,S,S,D,terrain-wasteland-sand
23,57,S,wasteland-sand,G,1,.,.,.,S,S,S,S,terrain-wasteland-sand
24,57,S,wasteland-sand,G,1,.,.,.,S,S,S,S,terrain-wasteland-sand
25,57,S,wasteland-sand,G,1,.,.,.,S,S,S,S,terrain-wasteland-sand
26,57,S,wasteland-sand,G,1,.,.,.,S,S,S,S,terrain-wasteland-sand
27,57,S,wasteland-sand,G,1,.,.,.,S,S,S,S,terrain-wasteland-sand
28,57,S,wasteland-sand,G,1,.,.,.,S,S,S,S,terrain-wasteland-sand
29,57,S,wasteland-sand,G,1,.,.,.,S,S,S,S,terrain-wasteland-sand
30,57,S,wasteland-sand,G,1,.,.,.,S,A,A,S,terrain-wasteland-sand
31,57,A,cracked-asphalt,G,1,.,M,.,S,A,A,S,terrain-cracked-asphalt
32,57,A,cracked-asphalt,G,1,.,M,.,A,A,A,A,terrain-cracked-asphalt
33,57,A,cracked-asphalt,G,1,.,M,.,A,A,A,A,terrain-cracked-asphalt
34,57,A,cracked-asphalt,D,1,.,M,.,A,A,A,A,terrain-cracked-asphalt
35,57,A,cracked-asphalt,D,1,.,M,.,A,A,A,A,terrain-cracked-asphalt
36,57,A,cracked-asphalt,D,1,.,M,.,A,A,A,A,terrain-cracked-asphalt
37,57,A,cracked-asphalt,D,1,.,M,.,A,S,S,A,terrain-cracked-asphalt
38,57,S,wasteland-sand,D,1,.,.,.,A,B,S,A,terrain-wasteland-sand
39,57,B,beach-sand,L,1,.,.,.,S,B,B,S,terrain-beach-sand
40,57,B,beach-sand,L,1,.,.,.,S,B,B,B,terrain-beach-sand
41,57,B,beach-sand,L,1,.,.,.,B,B,B,B,terrain-beach-sand
42,57,B,beach-sand,L,1,.,.,.,W,W,B,B,terrain-beach-sand
43,57,W,fresh-deep-water,L,0,#,.,.,W,W,W,B,terrain-fresh-water
44,57,W,fresh-deep-water,L,0,#,.,.,W,W,W,W,terrain-fresh-water
45,57,W,fresh-deep-water,L,0,#,.,.,B,W,W,W,terrain-fresh-water
46,57,W,fresh-deep-water,L,0,#,.,.,B,W,W,W,terrain-fresh-water
47,57,W,fresh-deep-water,L,0,#,.,.,B,W,W,W,terrain-fresh-water
48,57,W,fresh-deep-water,L,0,#,.,.,W,W,W,W,terrain-fresh-water
49,57,W,fresh-deep-water,L,0,#,.,.,W,W,W,W,terrain-fresh-water
50,57,W,fresh-deep-water,L,0,#,.,.,W,W,W,W,terrain-fresh-water
51,57,W,fresh-deep-water,L,0,#,.,.,B,W,W,W,terrain-fresh-water
52,57,W,fresh-deep-water,L,0,#,.,.,B,W,W,W,terrain-fresh-water
53,57,W,fresh-deep-water,L,0,#,.,.,B,B,W,W,terrain-fresh-water
54,57,B,beach-sand,L,1,.,.,.,B,B,W,W,terrain-beach-sand
55,57,B,beach-sand,L,1,.,.,.,B,B,w,B,terrain-beach-sand
56,57,B,beach-sand,L,1,.,.,.,B,B,w,B,terrain-beach-sand
57,57,B,beach-sand,L,1,.,.,.,B,B,w,B,terrain-beach-sand
58,57,B,beach-sand,L,1,.,.,.,g,B,B,B,terrain-beach-sand
59,57,B,beach-sand,L,1,.,.,.,g,g,B,B,terrain-beach-sand
60,57,g,dry-grass,T,1,.,.,.,g,g,g,B,terrain-dry-grass
61,57,g,dry-grass,T,1,.,.,.,g,g,g,g,terrain-dry-grass
62,57,g,dry-grass,T,1,.,.,.,g,g,g,g,terrain-dry-grass
63,57,g,dry-grass,T,1,.,.,.,g,g,g,g,terrain-dry-grass
64,57,g,dry-grass,T,1,.,.,.,g,g,g,g,terrain-dry-grass
65,57,g,dry-grass,T,1,.,.,.,g,g,g,g,terrain-dry-grass
66,57,g,dry-grass,T,1,.,.,.,C,g,g,g,terrain-dry-grass
67,57,g,dry-grass,T,1,.,.,.,C,g,g,g,terrain-dry-grass
68,57,g,dry-grass,T,1,.,.,T,C,g,g,g,terrain-dry-grass
69,57,g,dry-grass,T,1,.,.,T,C,A,g,g,terrain-dry-grass
70,57,A,cracked-asphalt,T,1,.,T,T,C,A,A,g,terrain-cracked-asphalt
71,57,A,cracked-asphalt,T,1,.,T,T,C,A,A,A,terrain-cracked-asphalt
72,57,A,cracked-asphalt,T,1,.,T,T,C,A,A,A,terrain-cracked-asphalt
73,57,A,cracked-asphalt,T,1,.,T,T,C,A,A,A,terrain-cracked-asphalt
74,57,A,cracked-asphalt,T,1,.,T,T,C,g,A,A,terrain-cracked-asphalt
75,57,g,dry-grass,T,1,.,.,.,g,g,g,A,terrain-dry-grass
76,57,g,dry-grass,T,1,.,S,.,g,g,g,g,terrain-dry-grass
77,57,g,dry-grass,T,1,.,S,.,g,g,g,g,terrain-dry-grass
78,57,g,dry-grass,T,1,.,S,.,g,g,g,g,terrain-dry-grass
79,57,g,dry-grass,T,1,.,.,.,g,g,g,g,terrain-dry-grass
80,57,g,dry-grass,T,1,.,.,.,g,g,g,g,terrain-dry-grass
81,57,g,dry-grass,T,1,.,.,.,g,g,g,g,terrain-dry-grass
82,57,g,dry-grass,T,1,.,.,.,g,g,g,g,terrain-dry-grass
83,57,g,dry-grass,T,1,.,.,.,g,g,g,g,terrain-dry-grass
84,57,g,dry-grass,T,1,.,.,.,g,g,g,g,terrain-dry-grass
85,57,g,dry-grass,T,1,.,.,.,g,g,g,g,terrain-dry-grass
86,57,g,dry-grass,T,1,.,.,.,g,g,g,g,terrain-dry-grass
87,57,g,dry-grass,T,1,.,.,.,g,g,g,g,terrain-dry-grass
88,57,g,dry-grass,T,1,.,.,.,g,g,g,g,terrain-dry-grass
89,57,g,dry-grass,T,1,.,.,.,g,G,g,g,terrain-dry-grass
90,57,G,lush-grass,P,1,.,.,.,G,G,G,g,terrain-lush-grass
91,57,G,lush-grass,P,1,.,.,.,G,G,G,G,terrain-lush-grass
92,57,G,lush-grass,P,1,.,.,.,G,G,G,G,terrain-lush-grass
93,57,G,lush-grass,P,1,.,.,.,G,g,G,G,terrain-lush-grass
94,57,g,dry-grass,P,1,.,.,.,g,g,g,G,terrain-dry-grass
95,57,g,dry-grass,P,1,.,.,.,g,g,g,g,terrain-dry-grass
96,57,g,dry-grass,P,1,.,.,.,g,g,g,g,terrain-dry-grass
97,57,g,dry-grass,P,1,.,.,.,g,g,B,g,terrain-dry-grass
98,57,g,dry-grass,P,1,.,.,.,g,X,B,g,terrain-dry-grass
99,57,X,cliff-mountain,M,1,#,.,.,X,VOID,X,g,terrain-cliff-mountain
0,58,F,forest-floor,F,1,#,.,.,F,S,F,VOID,terrain-forest-floor
1,58,S,wasteland-sand,D,1,.,.,.,S,S,S,F,terrain-wasteland-sand
2,58,S,wasteland-sand,D,1,.,.,.,S,S,S,S,terrain-wasteland-sand
3,58,S,wasteland-sand,D,1,.,.,.,S,S,S,S,terrain-wasteland-sand
4,58,S,wasteland-sand,D,1,.,.,.,S,S,S,S,terrain-wasteland-sand
5,58,S,wasteland-sand,D,1,.,.,.,S,S,S,S,terrain-wasteland-sand
6,58,S,wasteland-sand,D,1,.,.,.,S,S,S,S,terrain-wasteland-sand
7,58,S,wasteland-sand,D,1,.,.,.,S,S,S,S,terrain-wasteland-sand
8,58,S,wasteland-sand,D,1,.,.,.,S,S,S,S,terrain-wasteland-sand
9,58,S,wasteland-sand,D,1,.,.,.,S,S,S,S,terrain-wasteland-sand
10,58,S,wasteland-sand,D,1,.,.,.,S,S,S,S,terrain-wasteland-sand
11,58,S,wasteland-sand,D,1,.,.,.,S,S,S,S,terrain-wasteland-sand
12,58,S,wasteland-sand,D,1,.,.,.,S,S,S,S,terrain-wasteland-sand
13,58,S,wasteland-sand,D,1,.,.,.,S,S,S,S,terrain-wasteland-sand
14,58,S,wasteland-sand,D,1,.,.,.,S,S,S,S,terrain-wasteland-sand
15,58,S,wasteland-sand,D,1,.,.,.,S,S,S,S,terrain-wasteland-sand
16,58,S,wasteland-sand,G,1,.,.,.,S,S,S,S,terrain-wasteland-sand
17,58,S,wasteland-sand,G,1,.,.,.,S,S,S,S,terrain-wasteland-sand
18,58,S,wasteland-sand,G,1,.,.,.,S,D,S,S,terrain-wasteland-sand
19,58,D,packed-dirt,G,1,.,N,.,D,D,S,S,terrain-packed-dirt
20,58,D,packed-dirt,G,1,.,N,.,D,D,D,D,terrain-packed-dirt
21,58,D,packed-dirt,G,1,.,N,.,D,S,D,D,terrain-packed-dirt
22,58,S,wasteland-sand,G,1,.,.,.,S,S,D,D,terrain-wasteland-sand
23,58,S,wasteland-sand,G,1,.,.,.,S,S,S,S,terrain-wasteland-sand
24,58,S,wasteland-sand,G,1,.,.,.,S,S,S,S,terrain-wasteland-sand
25,58,S,wasteland-sand,G,1,.,.,.,S,S,S,S,terrain-wasteland-sand
26,58,S,wasteland-sand,G,1,.,.,.,S,S,S,S,terrain-wasteland-sand
27,58,S,wasteland-sand,G,1,.,.,.,S,S,S,S,terrain-wasteland-sand
28,58,S,wasteland-sand,G,1,.,.,.,S,S,A,S,terrain-wasteland-sand
29,58,S,wasteland-sand,G,1,.,.,.,S,A,A,S,terrain-wasteland-sand
30,58,A,cracked-asphalt,G,1,.,M,.,S,A,A,S,terrain-cracked-asphalt
31,58,A,cracked-asphalt,G,1,.,M,.,A,A,A,A,terrain-cracked-asphalt
32,58,A,cracked-asphalt,G,1,.,M,.,A,A,A,A,terrain-cracked-asphalt
33,58,A,cracked-asphalt,G,1,.,M,.,A,A,A,A,terrain-cracked-asphalt
34,58,A,cracked-asphalt,D,1,.,M,.,A,A,A,A,terrain-cracked-asphalt
35,58,A,cracked-asphalt,D,1,.,M,.,A,A,A,A,terrain-cracked-asphalt
36,58,A,cracked-asphalt,D,1,.,M,.,A,S,S,A,terrain-cracked-asphalt
37,58,S,wasteland-sand,D,1,.,.,.,A,S,S,A,terrain-wasteland-sand
38,58,S,wasteland-sand,D,1,.,.,.,S,B,B,S,terrain-wasteland-sand
39,58,B,beach-sand,L,1,.,.,.,B,B,B,S,terrain-beach-sand
40,58,B,beach-sand,L,1,.,.,.,B,B,B,B,terrain-beach-sand
41,58,B,beach-sand,L,1,.,.,.,B,B,B,B,terrain-beach-sand
42,58,B,beach-sand,L,1,.,.,.,B,W,W,B,terrain-beach-sand
43,58,W,fresh-deep-water,L,0,#,.,.,W,W,W,B,terrain-fresh-water
44,58,W,fresh-deep-water,L,0,#,.,.,W,W,W,W,terrain-fresh-water
45,58,W,fresh-deep-water,L,0,#,.,.,W,W,W,W,terrain-fresh-water
46,58,W,fresh-deep-water,L,0,#,.,.,W,W,W,W,terrain-fresh-water
47,58,W,fresh-deep-water,L,0,#,.,.,W,W,W,W,terrain-fresh-water
48,58,W,fresh-deep-water,L,0,#,.,.,W,W,W,W,terrain-fresh-water
49,58,W,fresh-deep-water,L,0,#,.,.,W,W,W,W,terrain-fresh-water
50,58,W,fresh-deep-water,L,0,#,.,.,W,W,W,W,terrain-fresh-water
51,58,W,fresh-deep-water,L,0,#,.,.,W,W,W,W,terrain-fresh-water
52,58,W,fresh-deep-water,L,0,#,.,.,W,W,W,W,terrain-fresh-water
53,58,W,fresh-deep-water,L,0,#,.,.,W,W,W,W,terrain-fresh-water
54,58,W,fresh-deep-water,L,0,#,.,.,B,w,W,W,terrain-fresh-water
55,58,w,shallow-ford,L,0,~,.,.,B,w,w,W,terrain-shallow-ford
56,58,w,shallow-ford,L,0,~,.,.,B,w,w,w,terrain-shallow-ford
57,58,w,shallow-ford,L,0,~,.,.,B,B,w,w,terrain-shallow-ford
58,58,B,beach-sand,L,1,.,.,.,B,B,B,w,terrain-beach-sand
59,58,B,beach-sand,L,1,.,.,.,B,g,B,B,terrain-beach-sand
60,58,g,dry-grass,T,1,.,.,.,g,g,B,B,terrain-dry-grass
61,58,g,dry-grass,T,1,.,.,.,g,g,g,g,terrain-dry-grass
62,58,g,dry-grass,T,1,.,.,.,g,g,g,g,terrain-dry-grass
63,58,g,dry-grass,T,1,.,.,.,g,g,g,g,terrain-dry-grass
64,58,g,dry-grass,T,1,.,.,.,g,g,g,g,terrain-dry-grass
65,58,g,dry-grass,T,1,.,.,.,g,g,g,g,terrain-dry-grass
66,58,g,dry-grass,T,1,.,.,.,g,g,g,g,terrain-dry-grass
67,58,g,dry-grass,T,1,.,.,.,g,g,g,g,terrain-dry-grass
68,58,g,dry-grass,T,1,.,.,.,g,g,g,g,terrain-dry-grass
69,58,g,dry-grass,T,1,.,.,.,g,A,g,g,terrain-dry-grass
70,58,A,cracked-asphalt,T,1,.,T,.,A,A,A,g,terrain-cracked-asphalt
71,58,A,cracked-asphalt,T,1,.,T,T,A,A,A,A,terrain-cracked-asphalt
72,58,A,cracked-asphalt,T,1,.,T,.,A,A,A,A,terrain-cracked-asphalt
73,58,A,cracked-asphalt,T,1,.,T,.,A,A,A,A,terrain-cracked-asphalt
74,58,A,cracked-asphalt,T,1,.,T,.,A,g,A,A,terrain-cracked-asphalt
75,58,g,dry-grass,T,1,.,.,.,g,g,g,A,terrain-dry-grass
76,58,g,dry-grass,T,1,.,.,.,g,g,g,g,terrain-dry-grass
77,58,g,dry-grass,T,1,.,S,.,g,g,g,g,terrain-dry-grass
78,58,g,dry-grass,T,1,.,S,.,g,g,D,g,terrain-dry-grass
79,58,g,dry-grass,T,1,.,S,.,g,g,D,g,terrain-dry-grass
80,58,g,dry-grass,T,1,.,.,.,g,g,D,g,terrain-dry-grass
81,58,g,dry-grass,T,1,.,.,.,g,g,g,g,terrain-dry-grass
82,58,g,dry-grass,T,1,.,.,.,g,g,g,g,terrain-dry-grass
83,58,g,dry-grass,T,1,.,.,.,g,g,g,g,terrain-dry-grass
84,58,g,dry-grass,T,1,.,.,.,g,g,g,g,terrain-dry-grass
85,58,g,dry-grass,T,1,.,.,.,g,g,g,g,terrain-dry-grass
86,58,g,dry-grass,T,1,.,.,.,g,g,g,g,terrain-dry-grass
87,58,g,dry-grass,T,1,.,.,.,g,g,g,g,terrain-dry-grass
88,58,g,dry-grass,T,1,.,.,.,g,g,g,g,terrain-dry-grass
89,58,g,dry-grass,T,1,.,.,.,g,G,g,g,terrain-dry-grass
90,58,G,lush-grass,P,1,.,.,.,G,G,G,g,terrain-lush-grass
91,58,G,lush-grass,P,1,.,.,.,G,G,G,G,terrain-lush-grass
92,58,G,lush-grass,P,1,.,.,.,G,G,G,G,terrain-lush-grass
93,58,G,lush-grass,P,1,.,.,.,G,g,B,G,terrain-lush-grass
94,58,g,dry-grass,P,1,.,.,.,g,g,B,G,terrain-dry-grass
95,58,g,dry-grass,P,1,.,.,.,g,g,B,g,terrain-dry-grass
96,58,g,dry-grass,P,1,.,.,.,g,B,B,g,terrain-dry-grass
97,58,B,beach-sand,C,1,.,.,.,g,B,B,g,terrain-beach-sand
98,58,B,beach-sand,C,1,.,.,.,g,X,B,B,terrain-beach-sand
99,58,X,cliff-mountain,M,1,#,.,.,X,VOID,X,B,terrain-cliff-mountain
0,59,F,forest-floor,F,1,#,.,.,F,S,F,VOID,terrain-forest-floor
1,59,S,wasteland-sand,D,1,.,.,.,S,S,S,F,terrain-wasteland-sand
2,59,S,wasteland-sand,D,1,.,.,.,S,S,S,S,terrain-wasteland-sand
3,59,S,wasteland-sand,D,1,.,.,.,S,S,S,S,terrain-wasteland-sand
4,59,S,wasteland-sand,D,1,.,.,.,S,S,S,S,terrain-wasteland-sand
5,59,S,wasteland-sand,D,1,.,.,.,S,S,S,S,terrain-wasteland-sand
6,59,S,wasteland-sand,D,1,.,.,.,S,S,S,S,terrain-wasteland-sand
7,59,S,wasteland-sand,D,1,.,.,.,S,S,S,S,terrain-wasteland-sand
8,59,S,wasteland-sand,D,1,.,.,.,S,S,S,S,terrain-wasteland-sand
9,59,S,wasteland-sand,D,1,.,.,.,S,S,S,S,terrain-wasteland-sand
10,59,S,wasteland-sand,D,1,.,.,.,S,S,S,S,terrain-wasteland-sand
11,59,S,wasteland-sand,D,1,.,.,.,S,S,S,S,terrain-wasteland-sand
12,59,S,wasteland-sand,D,1,.,.,.,S,S,S,S,terrain-wasteland-sand
13,59,S,wasteland-sand,D,1,.,.,.,S,S,S,S,terrain-wasteland-sand
14,59,S,wasteland-sand,D,1,.,.,.,S,S,S,S,terrain-wasteland-sand
15,59,S,wasteland-sand,D,1,.,.,.,S,S,S,S,terrain-wasteland-sand
16,59,S,wasteland-sand,G,1,.,.,.,S,S,S,S,terrain-wasteland-sand
17,59,S,wasteland-sand,G,1,.,.,.,S,S,S,S,terrain-wasteland-sand
18,59,S,wasteland-sand,G,1,.,.,.,S,S,D,S,terrain-wasteland-sand
19,59,S,wasteland-sand,G,1,.,.,.,D,D,D,S,terrain-wasteland-sand
20,59,D,packed-dirt,G,1,.,N,.,D,D,D,S,terrain-packed-dirt
21,59,D,packed-dirt,G,1,.,N,.,D,D,D,D,terrain-packed-dirt
22,59,D,packed-dirt,G,1,.,N,.,S,S,D,D,terrain-packed-dirt
23,59,S,wasteland-sand,G,1,.,.,.,S,S,D,D,terrain-wasteland-sand
24,59,S,wasteland-sand,G,1,.,.,G,S,S,D,S,terrain-wasteland-sand
25,59,S,wasteland-sand,G,1,.,.,.,S,S,D,S,terrain-wasteland-sand
26,59,S,wasteland-sand,G,1,.,.,.,S,S,D,S,terrain-wasteland-sand
27,59,S,wasteland-sand,G,1,.,.,.,S,A,D,S,terrain-wasteland-sand
28,59,A,cracked-asphalt,G,1,.,M,.,S,A,D,S,terrain-cracked-asphalt
29,59,A,cracked-asphalt,G,1,.,M,.,S,A,D,A,terrain-cracked-asphalt
30,59,A,cracked-asphalt,G,1,.,M,.,A,A,D,A,terrain-cracked-asphalt
31,59,A,cracked-asphalt,G,1,.,M,.,A,A,D,A,terrain-cracked-asphalt
32,59,A,cracked-asphalt,G,1,.,M,.,A,A,A,A,terrain-cracked-asphalt
33,59,A,cracked-asphalt,G,1,.,M,.,A,A,A,A,terrain-cracked-asphalt
34,59,A,cracked-asphalt,D,1,.,M,.,A,A,A,A,terrain-cracked-asphalt
35,59,A,cracked-asphalt,D,1,.,M,.,A,S,S,A,terrain-cracked-asphalt
36,59,S,wasteland-sand,D,1,.,.,.,A,S,S,A,terrain-wasteland-sand
37,59,S,wasteland-sand,D,1,.,.,.,S,B,B,S,terrain-wasteland-sand
38,59,B,beach-sand,L,1,.,.,.,S,B,B,S,terrain-beach-sand
39,59,B,beach-sand,L,1,.,.,.,B,B,B,B,terrain-beach-sand
40,59,B,beach-sand,L,1,.,.,.,B,B,B,B,terrain-beach-sand
41,59,B,beach-sand,L,1,.,.,.,B,W,W,B,terrain-beach-sand
42,59,W,fresh-deep-water,L,0,#,.,.,B,W,W,B,terrain-fresh-water
43,59,W,fresh-deep-water,L,0,#,.,.,W,W,W,W,terrain-fresh-water
44,59,W,fresh-deep-water,L,0,#,.,.,W,W,W,W,terrain-fresh-water
45,59,W,fresh-deep-water,L,0,#,.,.,W,W,W,W,terrain-fresh-water
46,59,W,fresh-deep-water,L,0,#,.,.,W,W,W,W,terrain-fresh-water
47,59,W,fresh-deep-water,L,0,#,.,.,W,W,W,W,terrain-fresh-water
48,59,W,fresh-deep-water,L,0,#,.,.,W,W,W,W,terrain-fresh-water
49,59,W,fresh-deep-water,L,0,#,.,.,W,W,W,W,terrain-fresh-water
50,59,W,fresh-deep-water,L,0,#,.,.,W,W,W,W,terrain-fresh-water
51,59,W,fresh-deep-water,L,0,#,.,.,W,W,W,W,terrain-fresh-water
52,59,W,fresh-deep-water,L,0,#,.,.,W,W,W,W,terrain-fresh-water
53,59,W,fresh-deep-water,L,0,#,.,.,W,W,W,W,terrain-fresh-water
54,59,W,fresh-deep-water,L,0,#,.,.,W,w,W,W,terrain-fresh-water
55,59,w,shallow-ford,L,0,~,.,.,w,w,w,W,terrain-shallow-ford
56,59,w,shallow-ford,L,0,~,.,.,w,w,w,w,terrain-shallow-ford
57,59,w,shallow-ford,L,0,~,.,.,w,B,w,w,terrain-shallow-ford
58,59,B,beach-sand,L,1,.,.,.,B,B,B,w,terrain-beach-sand
59,59,B,beach-sand,L,1,.,.,.,B,B,B,B,terrain-beach-sand
60,59,B,beach-sand,L,1,.,.,.,g,g,B,B,terrain-beach-sand
61,59,g,dry-grass,T,1,.,.,.,g,g,B,B,terrain-dry-grass
62,59,g,dry-grass,T,1,.,.,.,g,g,g,g,terrain-dry-grass
63,59,g,dry-grass,T,1,.,.,.,g,g,g,g,terrain-dry-grass
64,59,g,dry-grass,T,1,.,.,.,g,g,g,g,terrain-dry-grass
65,59,g,dry-grass,T,1,.,.,.,g,g,g,g,terrain-dry-grass
66,59,g,dry-grass,T,1,.,.,.,g,g,g,g,terrain-dry-grass
67,59,g,dry-grass,T,1,.,.,.,g,g,g,g,terrain-dry-grass
68,59,g,dry-grass,T,1,.,.,.,g,g,g,g,terrain-dry-grass
69,59,g,dry-grass,T,1,.,.,.,g,A,g,g,terrain-dry-grass
70,59,A,cracked-asphalt,T,1,.,T,.,A,A,g,g,terrain-cracked-asphalt
71,59,A,cracked-asphalt,T,1,.,T,.,A,A,g,A,terrain-cracked-asphalt
72,59,A,cracked-asphalt,T,1,.,T,.,A,A,g,A,terrain-cracked-asphalt
73,59,A,cracked-asphalt,T,1,.,T,.,A,A,g,A,terrain-cracked-asphalt
74,59,A,cracked-asphalt,T,1,.,T,.,A,g,g,A,terrain-cracked-asphalt
75,59,g,dry-grass,T,1,.,.,.,g,g,g,A,terrain-dry-grass
76,59,g,dry-grass,T,1,.,.,.,g,g,g,g,terrain-dry-grass
77,59,g,dry-grass,T,1,.,.,.,g,D,g,g,terrain-dry-grass
78,59,D,packed-dirt,T,1,.,S,.,g,D,g,g,terrain-packed-dirt
79,59,D,packed-dirt,T,1,.,S,.,g,D,D,D,terrain-packed-dirt
80,59,D,packed-dirt,T,1,.,S,.,g,g,D,D,terrain-packed-dirt
81,59,g,dry-grass,T,1,.,.,.,g,g,D,D,terrain-dry-grass
82,59,g,dry-grass,T,1,.,.,.,g,g,g,g,terrain-dry-grass
83,59,g,dry-grass,T,1,.,.,.,g,g,g,g,terrain-dry-grass
84,59,g,dry-grass,T,1,.,.,.,g,g,g,g,terrain-dry-grass
85,59,g,dry-grass,T,1,.,.,.,g,g,g,g,terrain-dry-grass
86,59,g,dry-grass,T,1,.,.,.,g,g,g,g,terrain-dry-grass
87,59,g,dry-grass,T,1,.,.,.,g,g,g,g,terrain-dry-grass
88,59,g,dry-grass,T,1,.,.,.,g,g,g,g,terrain-dry-grass
89,59,g,dry-grass,T,1,.,.,.,g,G,G,g,terrain-dry-grass
90,59,G,lush-grass,P,1,.,.,.,G,G,B,g,terrain-lush-grass
91,59,G,lush-grass,P,1,.,.,.,G,G,B,G,terrain-lush-grass
92,59,G,lush-grass,P,1,.,.,.,G,B,B,G,terrain-lush-grass
93,59,B,beach-sand,C,1,.,.,.,G,B,B,G,terrain-beach-sand
94,59,B,beach-sand,C,1,.,.,.,g,B,B,B,terrain-beach-sand
95,59,B,beach-sand,C,1,.,.,.,g,B,B,B,terrain-beach-sand
96,59,B,beach-sand,C,1,.,.,.,g,B,B,B,terrain-beach-sand
97,59,B,beach-sand,C,1,.,.,.,B,B,B,B,terrain-beach-sand
98,59,B,beach-sand,C,1,.,.,.,B,X,B,B,terrain-beach-sand
99,59,X,cliff-mountain,M,1,#,.,.,X,VOID,X,B,terrain-cliff-mountain
0,60,F,forest-floor,F,1,#,.,.,F,S,F,VOID,terrain-forest-floor
1,60,S,wasteland-sand,D,1,.,.,.,S,S,S,F,terrain-wasteland-sand
2,60,S,wasteland-sand,D,1,.,.,.,S,S,S,S,terrain-wasteland-sand
3,60,S,wasteland-sand,D,1,.,.,.,S,S,S,S,terrain-wasteland-sand
4,60,S,wasteland-sand,D,1,.,.,.,S,S,S,S,terrain-wasteland-sand
5,60,S,wasteland-sand,D,1,.,.,.,S,S,S,S,terrain-wasteland-sand
6,60,S,wasteland-sand,D,1,.,.,.,S,S,S,S,terrain-wasteland-sand
7,60,S,wasteland-sand,D,1,.,.,.,S,S,S,S,terrain-wasteland-sand
8,60,S,wasteland-sand,D,1,.,.,.,S,S,S,S,terrain-wasteland-sand
9,60,S,wasteland-sand,D,1,.,.,.,S,S,S,S,terrain-wasteland-sand
10,60,S,wasteland-sand,D,1,.,.,.,S,S,S,S,terrain-wasteland-sand
11,60,S,wasteland-sand,D,1,.,.,.,S,S,S,S,terrain-wasteland-sand
12,60,S,wasteland-sand,D,1,.,.,.,S,S,S,S,terrain-wasteland-sand
13,60,S,wasteland-sand,D,1,.,.,.,S,S,S,S,terrain-wasteland-sand
14,60,S,wasteland-sand,D,1,.,.,.,S,S,S,S,terrain-wasteland-sand
15,60,S,wasteland-sand,D,1,.,.,.,S,S,S,S,terrain-wasteland-sand
16,60,S,wasteland-sand,G,1,.,.,.,S,S,S,S,terrain-wasteland-sand
17,60,S,wasteland-sand,G,1,.,.,.,S,D,S,S,terrain-wasteland-sand
18,60,D,packed-dirt,G,1,.,.,.,S,D,D,S,terrain-packed-dirt
19,60,D,packed-dirt,G,1,.,.,.,S,D,D,D,terrain-packed-dirt
20,60,D,packed-dirt,G,1,.,N,.,D,D,D,D,terrain-packed-dirt
21,60,D,packed-dirt,G,1,.,N,G,D,D,D,D,terrain-packed-dirt
22,60,D,packed-dirt,G,1,.,N,G,D,D,D,D,terrain-packed-dirt
23,60,D,packed-dirt,G,1,.,.,G,S,D,D,D,terrain-packed-dirt
24,60,D,packed-dirt,G,1,.,.,G,S,D,D,D,terrain-packed-dirt
25,60,D,packed-dirt,G,1,.,.,G,S,D,D,D,terrain-packed-dirt
26,60,D,packed-dirt,G,1,.,.,G,S,D,D,D,terrain-packed-dirt
27,60,D,packed-dirt,G,1,.,M,G,S,D,D,D,terrain-packed-dirt
28,60,D,packed-dirt,G,1,.,M,.,A,D,D,D,terrain-packed-dirt
29,60,D,packed-dirt,G,1,.,M,.,A,D,D,D,terrain-packed-dirt
30,60,D,packed-dirt,G,1,.,M,.,A,D,D,D,terrain-packed-dirt
31,60,D,packed-dirt,G,1,.,M,.,A,A,D,D,terrain-packed-dirt
32,60,A,cracked-asphalt,G,1,.,M,.,A,A,A,D,terrain-cracked-asphalt
33,60,A,cracked-asphalt,G,1,.,M,.,A,A,A,A,terrain-cracked-asphalt
34,60,A,cracked-asphalt,D,1,.,M,.,A,S,S,A,terrain-cracked-asphalt
35,60,S,wasteland-sand,D,1,.,.,.,A,S,S,A,terrain-wasteland-sand
36,60,S,wasteland-sand,D,1,.,.,.,S,B,S,S,terrain-wasteland-sand
37,60,B,beach-sand,L,1,.,.,.,S,B,B,S,terrain-beach-sand
38,60,B,beach-sand,L,1,.,.,.,B,B,B,B,terrain-beach-sand
39,60,B,beach-sand,L,1,.,.,.,B,B,B,B,terrain-beach-sand
40,60,B,beach-sand,L,1,.,.,.,B,W,W,B,terrain-beach-sand
41,60,W,fresh-deep-water,L,0,#,.,.,B,W,W,B,terrain-fresh-water
42,60,W,fresh-deep-water,L,0,#,.,.,W,W,W,W,terrain-fresh-water
43,60,W,fresh-deep-water,L,0,#,.,.,W,W,W,W,terrain-fresh-water
44,60,W,fresh-deep-water,L,0,#,.,.,W,W,W,W,terrain-fresh-water
45,60,W,fresh-deep-water,L,0,#,.,.,W,W,W,W,terrain-fresh-water
46,60,W,fresh-deep-water,L,0,#,.,.,W,W,W,W,terrain-fresh-water
47,60,W,fresh-deep-water,L,0,#,.,.,W,W,W,W,terrain-fresh-water
48,60,W,fresh-deep-water,L,0,#,.,.,W,W,W,W,terrain-fresh-water
49,60,W,fresh-deep-water,L,0,#,.,.,W,W,W,W,terrain-fresh-water
50,60,W,fresh-deep-water,L,0,#,.,.,W,W,W,W,terrain-fresh-water
51,60,W,fresh-deep-water,L,0,#,.,.,W,W,W,W,terrain-fresh-water
52,60,W,fresh-deep-water,L,0,#,.,.,W,W,W,W,terrain-fresh-water
53,60,W,fresh-deep-water,L,0,#,.,.,W,W,W,W,terrain-fresh-water
54,60,W,fresh-deep-water,L,0,#,.,.,W,w,W,W,terrain-fresh-water
55,60,w,shallow-ford,L,0,~,.,.,w,w,W,W,terrain-shallow-ford
56,60,w,shallow-ford,L,0,~,.,.,w,w,W,w,terrain-shallow-ford
57,60,w,shallow-ford,L,0,~,.,.,w,B,W,w,terrain-shallow-ford
58,60,B,beach-sand,L,1,.,.,.,B,B,W,w,terrain-beach-sand
59,60,B,beach-sand,L,1,.,.,.,B,B,B,B,terrain-beach-sand
60,60,B,beach-sand,L,1,.,.,L,B,B,B,B,terrain-beach-sand
61,60,B,beach-sand,L,1,.,.,.,g,g,B,B,terrain-beach-sand
62,60,g,dry-grass,T,1,.,.,.,g,g,G,B,terrain-dry-grass
63,60,g,dry-grass,T,1,.,.,.,g,g,g,g,terrain-dry-grass
64,60,g,dry-grass,T,1,.,.,.,g,g,g,g,terrain-dry-grass
65,60,g,dry-grass,T,1,.,.,.,g,g,g,g,terrain-dry-grass
66,60,g,dry-grass,T,1,.,.,.,g,g,g,g,terrain-dry-grass
67,60,g,dry-grass,T,1,.,.,.,g,g,g,g,terrain-dry-grass
68,60,g,dry-grass,T,1,.,.,.,g,g,g,g,terrain-dry-grass
69,60,g,dry-grass,T,1,.,.,.,g,g,g,g,terrain-dry-grass
70,60,g,dry-grass,T,1,.,.,.,A,g,g,g,terrain-dry-grass
71,60,g,dry-grass,T,1,.,.,.,A,g,g,g,terrain-dry-grass
72,60,g,dry-grass,T,1,.,.,.,A,g,g,g,terrain-dry-grass
73,60,g,dry-grass,T,1,.,.,.,A,g,g,g,terrain-dry-grass
74,60,g,dry-grass,T,1,.,.,.,A,g,g,g,terrain-dry-grass
75,60,g,dry-grass,T,1,.,.,.,g,g,g,g,terrain-dry-grass
76,60,g,dry-grass,T,1,.,.,.,g,g,g,g,terrain-dry-grass
77,60,g,dry-grass,T,1,.,.,.,g,g,g,g,terrain-dry-grass
78,60,g,dry-grass,T,1,.,.,.,D,D,g,g,terrain-dry-grass
79,60,D,packed-dirt,T,1,.,S,.,D,D,g,g,terrain-packed-dirt
80,60,D,packed-dirt,T,1,.,S,.,D,D,D,D,terrain-packed-dirt
81,60,D,packed-dirt,T,1,.,S,.,g,g,D,D,terrain-packed-dirt
82,60,g,dry-grass,T,1,.,.,.,g,g,D,D,terrain-dry-grass
83,60,g,dry-grass,T,1,.,.,.,g,g,g,g,terrain-dry-grass
84,60,g,dry-grass,T,1,.,.,.,g,g,g,g,terrain-dry-grass
85,60,g,dry-grass,T,1,.,.,.,g,g,g,g,terrain-dry-grass
86,60,g,dry-grass,T,1,.,.,.,g,g,g,g,terrain-dry-grass
87,60,g,dry-grass,T,1,.,.,.,g,g,g,g,terrain-dry-grass
88,60,g,dry-grass,T,1,.,.,.,g,G,g,g,terrain-dry-grass
89,60,G,lush-grass,P,1,.,.,.,g,B,B,g,terrain-lush-grass
90,60,B,beach-sand,C,1,.,.,.,G,B,B,G,terrain-beach-sand
91,60,B,beach-sand,C,1,.,.,.,G,B,B,B,terrain-beach-sand
92,60,B,beach-sand,C,1,.,.,.,G,B,B,B,terrain-beach-sand
93,60,B,beach-sand,C,1,.,.,.,B,B,B,B,terrain-beach-sand
94,60,B,beach-sand,C,1,.,.,.,B,B,B,B,terrain-beach-sand
95,60,B,beach-sand,C,1,.,.,.,B,B,B,B,terrain-beach-sand
96,60,B,beach-sand,C,1,.,.,.,B,B,B,B,terrain-beach-sand
97,60,B,beach-sand,C,1,.,.,.,B,B,B,B,terrain-beach-sand
98,60,B,beach-sand,C,1,.,.,.,B,X,B,B,terrain-beach-sand
99,60,X,cliff-mountain,M,1,#,.,.,X,VOID,X,B,terrain-cliff-mountain
0,61,F,forest-floor,F,1,#,.,.,F,S,X,VOID,terrain-forest-floor
1,61,S,wasteland-sand,D,1,.,.,.,S,S,S,F,terrain-wasteland-sand
2,61,S,wasteland-sand,D,1,.,.,.,S,S,S,S,terrain-wasteland-sand
3,61,S,wasteland-sand,D,1,.,.,.,S,S,S,S,terrain-wasteland-sand
4,61,S,wasteland-sand,D,1,.,.,.,S,S,S,S,terrain-wasteland-sand
5,61,S,wasteland-sand,D,1,.,.,.,S,S,S,S,terrain-wasteland-sand
6,61,S,wasteland-sand,D,1,.,.,.,S,S,S,S,terrain-wasteland-sand
7,61,S,wasteland-sand,D,1,.,.,.,S,S,S,S,terrain-wasteland-sand
8,61,S,wasteland-sand,D,1,.,.,.,S,S,S,S,terrain-wasteland-sand
9,61,S,wasteland-sand,D,1,.,.,.,S,S,S,S,terrain-wasteland-sand
10,61,S,wasteland-sand,D,1,.,.,.,S,S,S,S,terrain-wasteland-sand
11,61,S,wasteland-sand,D,1,.,.,.,S,S,S,S,terrain-wasteland-sand
12,61,S,wasteland-sand,D,1,.,.,.,S,S,S,S,terrain-wasteland-sand
13,61,S,wasteland-sand,D,1,.,.,.,S,S,S,S,terrain-wasteland-sand
14,61,S,wasteland-sand,D,1,.,.,.,S,S,S,S,terrain-wasteland-sand
15,61,S,wasteland-sand,D,1,.,.,.,S,S,S,S,terrain-wasteland-sand
16,61,S,wasteland-sand,G,1,.,.,.,S,S,S,S,terrain-wasteland-sand
17,61,S,wasteland-sand,G,1,.,.,.,S,D,S,S,terrain-wasteland-sand
18,61,D,packed-dirt,G,1,.,.,.,D,D,D,S,terrain-packed-dirt
19,61,D,packed-dirt,G,1,.,.,.,D,D,D,D,terrain-packed-dirt
20,61,D,packed-dirt,G,1,.,.,G,D,D,D,D,terrain-packed-dirt
21,61,D,packed-dirt,G,1,.,N,G,D,D,D,D,terrain-packed-dirt
22,61,D,packed-dirt,G,1,.,N,G,D,D,D,D,terrain-packed-dirt
23,61,D,packed-dirt,G,1,.,N,G,D,D,D,D,terrain-packed-dirt
24,61,D,packed-dirt,G,1,.,.,G,D,D,D,D,terrain-packed-dirt
25,61,D,packed-dirt,G,1,.,.,G,D,D,D,D,terrain-packed-dirt
26,61,D,packed-dirt,G,1,.,M,G,D,D,D,D,terrain-packed-dirt
27,61,D,packed-dirt,G,1,.,M,G,D,D,D,D,terrain-packed-dirt
28,61,D,packed-dirt,G,1,.,M,G,D,D,D,D,terrain-packed-dirt
29,61,D,packed-dirt,G,1,.,S,.,D,D,D,D,terrain-packed-dirt
30,61,D,packed-dirt,G,1,.,M,.,D,D,D,D,terrain-packed-dirt
31,61,D,packed-dirt,G,1,.,M,.,D,A,D,D,terrain-packed-dirt
32,61,A,cracked-asphalt,G,1,.,M,.,A,A,A,D,terrain-cracked-asphalt
33,61,A,cracked-asphalt,G,1,.,M,.,A,S,S,A,terrain-cracked-asphalt
34,61,S,wasteland-sand,D,1,.,.,.,A,S,S,A,terrain-wasteland-sand
35,61,S,wasteland-sand,D,1,.,.,.,S,S,S,S,terrain-wasteland-sand
36,61,S,wasteland-sand,D,1,.,.,.,S,B,S,S,terrain-wasteland-sand
37,61,B,beach-sand,L,1,.,.,.,B,B,B,S,terrain-beach-sand
38,61,B,beach-sand,L,1,.,.,.,B,B,B,B,terrain-beach-sand
39,61,B,beach-sand,L,1,.,.,.,B,W,B,B,terrain-beach-sand
40,61,W,fresh-deep-water,L,0,#,.,.,B,W,W,B,terrain-fresh-water
41,61,W,fresh-deep-water,L,0,#,.,.,W,W,W,W,terrain-fresh-water
42,61,W,fresh-deep-water,L,0,#,.,.,W,W,W,W,terrain-fresh-water
43,61,W,fresh-deep-water,L,0,#,.,.,W,W,W,W,terrain-fresh-water
44,61,W,fresh-deep-water,L,0,#,.,.,W,W,W,W,terrain-fresh-water
45,61,W,fresh-deep-water,L,0,#,.,.,W,W,W,W,terrain-fresh-water
46,61,W,fresh-deep-water,L,0,#,.,.,W,W,W,W,terrain-fresh-water
47,61,W,fresh-deep-water,L,0,#,.,.,W,W,W,W,terrain-fresh-water
48,61,W,fresh-deep-water,L,0,#,.,.,W,W,W,W,terrain-fresh-water
49,61,W,fresh-deep-water,L,0,#,.,.,W,W,W,W,terrain-fresh-water
50,61,W,fresh-deep-water,L,0,#,.,.,W,W,W,W,terrain-fresh-water
51,61,W,fresh-deep-water,L,0,#,.,.,W,W,W,W,terrain-fresh-water
52,61,W,fresh-deep-water,L,0,#,.,.,W,W,W,W,terrain-fresh-water
53,61,W,fresh-deep-water,L,0,#,.,.,W,W,W,W,terrain-fresh-water
54,61,W,fresh-deep-water,L,0,#,.,.,W,W,W,W,terrain-fresh-water
55,61,W,fresh-deep-water,L,0,#,.,.,w,W,W,W,terrain-fresh-water
56,61,W,fresh-deep-water,L,0,#,.,.,w,W,W,W,terrain-fresh-water
57,61,W,fresh-deep-water,L,0,#,.,L,w,W,W,W,terrain-fresh-water
58,61,W,fresh-deep-water,L,0,#,.,L,B,B,W,W,terrain-fresh-water
59,61,B,beach-sand,L,1,.,.,L,B,B,B,W,terrain-beach-sand
60,61,B,beach-sand,L,1,.,.,L,B,B,B,B,terrain-beach-sand
61,61,B,beach-sand,L,1,.,.,L,B,G,B,B,terrain-beach-sand
62,61,G,lush-grass,T,1,.,.,L,g,g,G,B,terrain-lush-grass
63,61,g,dry-grass,T,1,.,.,L,g,g,G,G,terrain-dry-grass
64,61,g,dry-grass,T,1,.,.,.,g,g,g,g,terrain-dry-grass
65,61,g,dry-grass,T,1,.,.,.,g,g,g,g,terrain-dry-grass
66,61,g,dry-grass,T,1,.,.,.,g,g,g,g,terrain-dry-grass
67,61,g,dry-grass,T,1,.,.,.,g,g,g,g,terrain-dry-grass
68,61,g,dry-grass,T,1,.,.,.,g,g,g,g,terrain-dry-grass
69,61,g,dry-grass,T,1,.,.,.,g,g,g,g,terrain-dry-grass
70,61,g,dry-grass,T,1,.,.,.,g,g,g,g,terrain-dry-grass
71,61,g,dry-grass,T,1,.,.,.,g,g,g,g,terrain-dry-grass
72,61,g,dry-grass,T,1,.,.,.,g,g,f,g,terrain-dry-grass
73,61,g,dry-grass,T,1,.,.,.,g,g,f,g,terrain-dry-grass
74,61,g,dry-grass,T,1,.,.,.,g,g,f,g,terrain-dry-grass
75,61,g,dry-grass,T,1,.,.,.,g,g,g,g,terrain-dry-grass
76,61,g,dry-grass,T,1,.,.,.,g,g,g,g,terrain-dry-grass
77,61,g,dry-grass,T,1,.,.,.,g,g,g,g,terrain-dry-grass
78,61,g,dry-grass,T,1,.,.,.,g,g,g,g,terrain-dry-grass
79,61,g,dry-grass,T,1,.,.,.,D,D,g,g,terrain-dry-grass
80,61,D,packed-dirt,T,1,.,S,.,D,D,g,g,terrain-packed-dirt
81,61,D,packed-dirt,T,1,.,S,.,D,D,D,D,terrain-packed-dirt
82,61,D,packed-dirt,T,1,.,S,.,g,g,D,D,terrain-packed-dirt
83,61,g,dry-grass,T,1,.,.,.,g,g,D,D,terrain-dry-grass
84,61,g,dry-grass,T,1,.,.,.,g,g,g,g,terrain-dry-grass
85,61,g,dry-grass,T,1,.,.,.,g,g,g,g,terrain-dry-grass
86,61,g,dry-grass,T,1,.,.,.,g,g,g,g,terrain-dry-grass
87,61,g,dry-grass,T,1,.,.,.,g,g,g,g,terrain-dry-grass
88,61,g,dry-grass,T,1,.,.,.,g,B,g,g,terrain-dry-grass
89,61,B,beach-sand,C,1,.,.,.,G,B,B,g,terrain-beach-sand
90,61,B,beach-sand,C,1,.,.,.,B,B,B,B,terrain-beach-sand
91,61,B,beach-sand,C,1,.,.,.,B,B,B,B,terrain-beach-sand
92,61,B,beach-sand,C,1,.,.,.,B,B,B,B,terrain-beach-sand
93,61,B,beach-sand,C,1,.,.,.,B,B,B,B,terrain-beach-sand
94,61,B,beach-sand,C,1,.,.,.,B,B,B,B,terrain-beach-sand
95,61,B,beach-sand,C,1,.,.,.,B,B,B,B,terrain-beach-sand
96,61,B,beach-sand,C,1,.,.,.,B,B,B,B,terrain-beach-sand
97,61,B,beach-sand,C,1,.,.,.,B,B,B,B,terrain-beach-sand
98,61,B,beach-sand,C,1,.,.,.,B,X,B,B,terrain-beach-sand
99,61,X,cliff-mountain,M,1,#,.,.,X,VOID,X,B,terrain-cliff-mountain
0,62,X,cliff-mountain,M,1,#,.,.,F,S,X,VOID,terrain-cliff-mountain
1,62,S,wasteland-sand,D,1,.,.,.,S,S,S,X,terrain-wasteland-sand
2,62,S,wasteland-sand,D,1,.,.,.,S,S,S,S,terrain-wasteland-sand
3,62,S,wasteland-sand,D,1,.,.,.,S,S,S,S,terrain-wasteland-sand
4,62,S,wasteland-sand,D,1,.,.,.,S,S,S,S,terrain-wasteland-sand
5,62,S,wasteland-sand,D,1,.,.,.,S,S,S,S,terrain-wasteland-sand
6,62,S,wasteland-sand,D,1,.,.,.,S,S,S,S,terrain-wasteland-sand
7,62,S,wasteland-sand,D,1,.,.,.,S,S,S,S,terrain-wasteland-sand
8,62,S,wasteland-sand,D,1,.,.,.,S,S,S,S,terrain-wasteland-sand
9,62,S,wasteland-sand,D,1,.,.,.,S,S,S,S,terrain-wasteland-sand
10,62,S,wasteland-sand,D,1,.,.,.,S,S,S,S,terrain-wasteland-sand
11,62,S,wasteland-sand,D,1,.,.,.,S,S,S,S,terrain-wasteland-sand
12,62,S,wasteland-sand,D,1,.,.,.,S,S,S,S,terrain-wasteland-sand
13,62,S,wasteland-sand,D,1,.,.,.,S,S,S,S,terrain-wasteland-sand
14,62,S,wasteland-sand,D,1,.,.,.,S,S,S,S,terrain-wasteland-sand
15,62,S,wasteland-sand,D,1,.,.,.,S,S,S,S,terrain-wasteland-sand
16,62,S,wasteland-sand,G,1,.,.,.,S,S,S,S,terrain-wasteland-sand
17,62,S,wasteland-sand,G,1,.,.,.,S,D,S,S,terrain-wasteland-sand
18,62,D,packed-dirt,G,1,.,.,.,D,D,D,S,terrain-packed-dirt
19,62,D,packed-dirt,G,1,.,.,G,D,D,C,D,terrain-packed-dirt
20,62,D,packed-dirt,G,1,.,.,G,D,D,C,D,terrain-packed-dirt
21,62,D,packed-dirt,G,1,.,N,G,D,D,C,D,terrain-packed-dirt
22,62,D,packed-dirt,G,1,.,N,G,D,D,C,D,terrain-packed-dirt
23,62,D,packed-dirt,G,1,.,N,G,D,D,C,D,terrain-packed-dirt
24,62,D,packed-dirt,G,1,.,M,G,D,D,C,D,terrain-packed-dirt
25,62,D,packed-dirt,G,1,.,M,G,D,D,C,D,terrain-packed-dirt
26,62,D,packed-dirt,G,1,.,M,G,D,D,C,D,terrain-packed-dirt
27,62,D,packed-dirt,G,1,.,M,G,D,D,C,D,terrain-packed-dirt
28,62,D,packed-dirt,G,1,.,S,G,D,D,C,D,terrain-packed-dirt
29,62,D,packed-dirt,G,1,.,S,G,D,D,C,D,terrain-packed-dirt
30,62,D,packed-dirt,G,1,.,S,.,D,D,C,D,terrain-packed-dirt
31,62,D,packed-dirt,G,1,.,M,.,D,A,C,D,terrain-packed-dirt
32,62,A,cracked-asphalt,G,1,.,M,.,A,S,S,D,terrain-cracked-asphalt
33,62,S,wasteland-sand,G,1,.,.,.,A,S,S,A,terrain-wasteland-sand
34,62,S,wasteland-sand,D,1,.,.,.,S,S,S,S,terrain-wasteland-sand
35,62,S,wasteland-sand,D,1,.,.,.,S,S,S,S,terrain-wasteland-sand
36,62,S,wasteland-sand,D,1,.,.,.,S,B,S,S,terrain-wasteland-sand
37,62,B,beach-sand,L,1,.,.,.,B,B,B,S,terrain-beach-sand
38,62,B,beach-sand,L,1,.,.,.,B,B,B,B,terrain-beach-sand
39,62,B,beach-sand,L,1,.,.,.,B,W,B,B,terrain-beach-sand
40,62,W,fresh-deep-water,L,0,#,.,.,W,W,W,B,terrain-fresh-water
41,62,W,fresh-deep-water,L,0,#,.,.,W,W,W,W,terrain-fresh-water
42,62,W,fresh-deep-water,L,0,#,.,.,W,W,W,W,terrain-fresh-water
43,62,W,fresh-deep-water,L,0,#,.,.,W,W,W,W,terrain-fresh-water
44,62,W,fresh-deep-water,L,0,#,.,.,W,W,W,W,terrain-fresh-water
45,62,W,fresh-deep-water,L,0,#,.,.,W,W,W,W,terrain-fresh-water
46,62,W,fresh-deep-water,L,0,#,.,.,W,W,W,W,terrain-fresh-water
47,62,W,fresh-deep-water,L,0,#,.,.,W,W,W,W,terrain-fresh-water
48,62,W,fresh-deep-water,L,0,#,.,.,W,W,W,W,terrain-fresh-water
49,62,W,fresh-deep-water,L,0,#,.,.,W,W,W,W,terrain-fresh-water
50,62,W,fresh-deep-water,L,0,#,.,.,W,W,W,W,terrain-fresh-water
51,62,W,fresh-deep-water,L,0,#,.,.,W,W,W,W,terrain-fresh-water
52,62,W,fresh-deep-water,L,0,#,.,.,W,W,W,W,terrain-fresh-water
53,62,W,fresh-deep-water,L,0,#,.,.,W,W,W,W,terrain-fresh-water
54,62,W,fresh-deep-water,L,0,#,.,.,W,W,W,W,terrain-fresh-water
55,62,W,fresh-deep-water,L,0,#,.,.,W,W,W,W,terrain-fresh-water
56,62,W,fresh-deep-water,L,0,#,.,L,W,W,W,W,terrain-fresh-water
57,62,W,fresh-deep-water,L,0,#,.,L,W,W,W,W,terrain-fresh-water
58,62,W,fresh-deep-water,L,0,#,.,L,W,B,W,W,terrain-fresh-water
59,62,B,beach-sand,L,1,.,.,L,B,B,B,W,terrain-beach-sand
60,62,B,beach-sand,L,1,.,.,L,B,B,B,B,terrain-beach-sand
61,62,B,beach-sand,L,1,.,.,L,B,G,B,B,terrain-beach-sand
62,62,G,lush-grass,P,1,.,.,L,G,G,G,B,terrain-lush-grass
63,62,G,lush-grass,P,1,.,.,L,g,g,G,G,terrain-lush-grass
64,62,g,dry-grass,T,1,.,.,L,g,g,G,G,terrain-dry-grass
65,62,g,dry-grass,T,1,.,.,.,g,g,g,g,terrain-dry-grass
66,62,g,dry-grass,T,1,.,.,.,g,g,g,g,terrain-dry-grass
67,62,g,dry-grass,T,1,.,.,.,g,g,f,g,terrain-dry-grass
68,62,g,dry-grass,T,1,.,.,.,g,g,f,g,terrain-dry-grass
69,62,g,dry-grass,T,1,.,.,.,g,g,f,g,terrain-dry-grass
70,62,g,dry-grass,T,1,.,.,.,g,g,f,g,terrain-dry-grass
71,62,g,dry-grass,T,1,.,.,.,g,f,f,g,terrain-dry-grass
72,62,f,farm-field,A,1,.,.,.,g,f,f,g,terrain-farm-field
73,62,f,farm-field,A,1,.,.,.,g,f,f,f,terrain-farm-field
74,62,f,farm-field,A,1,.,.,.,g,g,f,f,terrain-farm-field
75,62,g,dry-grass,T,1,.,.,.,g,g,f,f,terrain-dry-grass
76,62,g,dry-grass,T,1,.,.,.,g,g,g,g,terrain-dry-grass
77,62,g,dry-grass,T,1,.,.,.,g,g,g,g,terrain-dry-grass
78,62,g,dry-grass,T,1,.,.,.,g,g,g,g,terrain-dry-grass
79,62,g,dry-grass,T,1,.,.,.,g,g,g,g,terrain-dry-grass
80,62,g,dry-grass,T,1,.,.,.,D,D,g,g,terrain-dry-grass
81,62,D,packed-dirt,T,1,.,S,.,D,D,D,g,terrain-packed-dirt
82,62,D,packed-dirt,T,1,.,S,.,D,D,D,D,terrain-packed-dirt
83,62,D,packed-dirt,T,1,.,S,.,g,g,D,D,terrain-packed-dirt
84,62,g,dry-grass,T,1,.,.,.,g,g,g,D,terrain-dry-grass
85,62,g,dry-grass,T,1,.,.,.,g,g,g,g,terrain-dry-grass
86,62,g,dry-grass,T,1,.,.,.,g,g,g,g,terrain-dry-grass
87,62,g,dry-grass,T,1,.,.,.,g,g,B,g,terrain-dry-grass
88,62,g,dry-grass,T,1,.,.,.,g,B,B,g,terrain-dry-grass
89,62,B,beach-sand,C,1,.,.,.,B,B,B,g,terrain-beach-sand
90,62,B,beach-sand,C,1,.,.,.,B,B,B,B,terrain-beach-sand
91,62,B,beach-sand,C,1,.,.,.,B,B,B,B,terrain-beach-sand
92,62,B,beach-sand,C,1,.,.,.,B,B,B,B,terrain-beach-sand
93,62,B,beach-sand,C,1,.,.,.,B,B,B,B,terrain-beach-sand
94,62,B,beach-sand,C,1,.,.,.,B,B,B,B,terrain-beach-sand
95,62,B,beach-sand,C,1,.,.,.,B,B,B,B,terrain-beach-sand
96,62,B,beach-sand,C,1,.,.,.,B,B,B,B,terrain-beach-sand
97,62,B,beach-sand,C,1,.,.,.,B,B,B,B,terrain-beach-sand
98,62,B,beach-sand,C,1,.,.,.,B,X,B,B,terrain-beach-sand
99,62,X,cliff-mountain,M,1,#,.,.,X,VOID,X,B,terrain-cliff-mountain
0,63,X,cliff-mountain,M,1,#,.,.,X,S,X,VOID,terrain-cliff-mountain
1,63,S,wasteland-sand,D,1,.,.,.,S,S,S,X,terrain-wasteland-sand
2,63,S,wasteland-sand,D,1,.,.,.,S,S,S,S,terrain-wasteland-sand
3,63,S,wasteland-sand,D,1,.,.,.,S,S,S,S,terrain-wasteland-sand
4,63,S,wasteland-sand,D,1,.,.,.,S,S,S,S,terrain-wasteland-sand
5,63,S,wasteland-sand,D,1,.,.,.,S,S,S,S,terrain-wasteland-sand
6,63,S,wasteland-sand,D,1,.,.,.,S,S,S,S,terrain-wasteland-sand
7,63,S,wasteland-sand,D,1,.,.,.,S,S,S,S,terrain-wasteland-sand
8,63,S,wasteland-sand,D,1,.,.,.,S,S,S,S,terrain-wasteland-sand
9,63,S,wasteland-sand,D,1,.,.,.,S,S,S,S,terrain-wasteland-sand
10,63,S,wasteland-sand,D,1,.,.,.,S,S,S,S,terrain-wasteland-sand
11,63,S,wasteland-sand,D,1,.,.,.,S,S,S,S,terrain-wasteland-sand
12,63,S,wasteland-sand,D,1,.,.,.,S,S,S,S,terrain-wasteland-sand
13,63,S,wasteland-sand,D,1,.,.,.,S,S,S,S,terrain-wasteland-sand
14,63,S,wasteland-sand,D,1,.,.,.,S,S,S,S,terrain-wasteland-sand
15,63,S,wasteland-sand,D,1,.,.,.,S,S,S,S,terrain-wasteland-sand
16,63,S,wasteland-sand,G,1,.,.,.,S,S,S,S,terrain-wasteland-sand
17,63,S,wasteland-sand,G,1,.,.,.,S,D,S,S,terrain-wasteland-sand
18,63,D,packed-dirt,G,1,.,.,.,D,C,D,S,terrain-packed-dirt
19,63,C,cobblestone,G,1,.,T,G,D,C,C,D,terrain-cobblestone
20,63,C,cobblestone,G,1,.,T,G,D,C,C,C,terrain-cobblestone
21,63,C,cobblestone,G,1,.,T,G,D,C,C,C,terrain-cobblestone
22,63,C,cobblestone,G,1,.,T,G,D,C,C,C,terrain-cobblestone
23,63,C,cobblestone,G,1,.,T,G,D,C,C,C,terrain-cobblestone
24,63,C,cobblestone,G,1,.,T,G,D,C,C,C,terrain-cobblestone
25,63,C,cobblestone,G,1,.,T,G,D,C,C,C,terrain-cobblestone
26,63,C,cobblestone,G,1,.,T,G,D,C,C,C,terrain-cobblestone
27,63,C,cobblestone,G,1,.,T,G,D,C,C,C,terrain-cobblestone
28,63,C,cobblestone,G,1,.,T,G,D,C,C,C,terrain-cobblestone
29,63,C,cobblestone,G,1,.,T,G,D,C,C,C,terrain-cobblestone
30,63,C,cobblestone,G,1,.,T,.,D,C,C,C,terrain-cobblestone
31,63,C,cobblestone,G,1,.,T,.,D,S,C,C,terrain-cobblestone
32,63,S,wasteland-sand,G,1,.,.,.,A,S,S,C,terrain-wasteland-sand
33,63,S,wasteland-sand,G,1,.,.,.,S,S,S,S,terrain-wasteland-sand
34,63,S,wasteland-sand,D,1,.,.,.,S,S,S,S,terrain-wasteland-sand
35,63,S,wasteland-sand,D,1,.,.,.,S,S,S,S,terrain-wasteland-sand
36,63,S,wasteland-sand,D,1,.,.,.,S,B,B,S,terrain-wasteland-sand
37,63,B,beach-sand,L,1,.,.,.,B,B,B,S,terrain-beach-sand
38,63,B,beach-sand,L,1,.,.,.,B,B,B,B,terrain-beach-sand
39,63,B,beach-sand,L,1,.,.,.,B,W,W,B,terrain-beach-sand
40,63,W,fresh-deep-water,L,0,#,.,.,W,W,W,B,terrain-fresh-water
41,63,W,fresh-deep-water,L,0,#,.,.,W,W,W,W,terrain-fresh-water
42,63,W,fresh-deep-water,L,0,#,.,.,W,W,W,W,terrain-fresh-water
43,63,W,fresh-deep-water,L,0,#,.,.,W,W,W,W,terrain-fresh-water
44,63,W,fresh-deep-water,L,0,#,.,.,W,W,W,W,terrain-fresh-water
45,63,W,fresh-deep-water,L,0,#,.,.,W,W,W,W,terrain-fresh-water
46,63,W,fresh-deep-water,L,0,#,.,.,W,W,W,W,terrain-fresh-water
47,63,W,fresh-deep-water,L,0,#,.,.,W,W,W,W,terrain-fresh-water
48,63,W,fresh-deep-water,L,0,#,.,.,W,W,W,W,terrain-fresh-water
49,63,W,fresh-deep-water,L,0,#,.,.,W,W,W,W,terrain-fresh-water
50,63,W,fresh-deep-water,L,0,#,.,.,W,W,W,W,terrain-fresh-water
51,63,W,fresh-deep-water,L,0,#,.,.,W,W,W,W,terrain-fresh-water
52,63,W,fresh-deep-water,L,0,#,.,.,W,W,W,W,terrain-fresh-water
53,63,W,fresh-deep-water,L,0,#,.,.,W,W,W,W,terrain-fresh-water
54,63,W,fresh-deep-water,L,0,#,.,.,W,W,W,W,terrain-fresh-water
55,63,W,fresh-deep-water,L,0,#,.,.,W,W,W,W,terrain-fresh-water
56,63,W,fresh-deep-water,L,0,#,.,L,W,W,W,W,terrain-fresh-water
57,63,W,fresh-deep-water,L,0,#,.,L,W,W,W,W,terrain-fresh-water
58,63,W,fresh-deep-water,L,0,#,.,L,W,B,W,W,terrain-fresh-water
59,63,B,beach-sand,L,1,.,.,L,B,B,W,W,terrain-beach-sand
60,63,B,beach-sand,L,1,.,.,L,B,B,B,B,terrain-beach-sand
61,63,B,beach-sand,L,1,.,.,L,B,G,B,B,terrain-beach-sand
62,63,G,lush-grass,P,1,.,.,L,G,G,B,B,terrain-lush-grass
63,63,G,lush-grass,P,1,.,.,L,G,G,f,G,terrain-lush-grass
64,63,G,lush-grass,P,1,.,.,L,g,g,f,G,terrain-lush-grass
65,63,g,dry-grass,T,1,.,.,.,g,g,f,G,terrain-dry-grass
66,63,g,dry-grass,T,1,.,.,.,g,f,f,g,terrain-dry-grass
67,63,f,farm-field,A,1,.,.,.,g,f,f,g,terrain-farm-field
68,63,f,farm-field,A,1,.,.,.,g,f,f,f,terrain-farm-field
69,63,f,farm-field,A,1,.,.,.,g,f,f,f,terrain-farm-field
70,63,f,farm-field,A,1,.,.,.,g,f,f,f,terrain-farm-field
71,63,f,farm-field,A,1,.,.,.,g,f,f,f,terrain-farm-field
72,63,f,farm-field,A,1,.,.,.,f,f,f,f,terrain-farm-field
73,63,f,farm-field,A,1,.,.,.,f,f,f,f,terrain-farm-field
74,63,f,farm-field,A,1,.,.,.,f,f,f,f,terrain-farm-field
75,63,f,farm-field,A,1,.,.,.,g,g,f,f,terrain-farm-field
76,63,g,dry-grass,T,1,.,.,.,g,g,g,f,terrain-dry-grass
77,63,g,dry-grass,T,1,.,.,.,g,g,g,g,terrain-dry-grass
78,63,g,dry-grass,T,1,.,.,.,g,g,g,g,terrain-dry-grass
79,63,g,dry-grass,T,1,.,.,.,g,g,g,g,terrain-dry-grass
80,63,g,dry-grass,T,1,.,.,.,g,D,g,g,terrain-dry-grass
81,63,D,packed-dirt,T,1,.,S,.,D,D,g,g,terrain-packed-dirt
82,63,D,packed-dirt,T,1,.,S,.,D,D,D,D,terrain-packed-dirt
83,63,D,packed-dirt,T,1,.,S,.,D,g,D,D,terrain-packed-dirt
84,63,g,dry-grass,T,1,.,.,.,g,g,D,D,terrain-dry-grass
85,63,g,dry-grass,T,1,.,.,.,g,g,B,g,terrain-dry-grass
86,63,g,dry-grass,T,1,.,.,.,g,B,B,g,terrain-dry-grass
87,63,B,beach-sand,C,1,.,.,.,g,B,B,g,terrain-beach-sand
88,63,B,beach-sand,C,1,.,.,.,g,B,B,B,terrain-beach-sand
89,63,B,beach-sand,C,1,.,.,.,B,B,B,B,terrain-beach-sand
90,63,B,beach-sand,C,1,.,.,.,B,B,B,B,terrain-beach-sand
91,63,B,beach-sand,C,1,.,.,.,B,B,B,B,terrain-beach-sand
92,63,B,beach-sand,C,1,.,.,.,B,B,B,B,terrain-beach-sand
93,63,B,beach-sand,C,1,.,.,.,B,B,B,B,terrain-beach-sand
94,63,B,beach-sand,C,1,.,.,.,B,B,B,B,terrain-beach-sand
95,63,B,beach-sand,C,1,.,.,.,B,B,B,B,terrain-beach-sand
96,63,B,beach-sand,C,1,.,.,.,B,B,B,B,terrain-beach-sand
97,63,B,beach-sand,C,1,.,.,.,B,B,B,B,terrain-beach-sand
98,63,B,beach-sand,C,1,.,.,.,B,X,B,B,terrain-beach-sand
99,63,X,cliff-mountain,M,1,#,.,.,X,VOID,X,B,terrain-cliff-mountain
0,64,X,cliff-mountain,M,1,#,.,.,X,S,X,VOID,terrain-cliff-mountain
1,64,S,wasteland-sand,D,1,.,.,.,S,S,S,X,terrain-wasteland-sand
2,64,S,wasteland-sand,D,1,.,.,.,S,S,S,S,terrain-wasteland-sand
3,64,S,wasteland-sand,D,1,.,.,.,S,S,S,S,terrain-wasteland-sand
4,64,S,wasteland-sand,D,1,.,.,.,S,S,S,S,terrain-wasteland-sand
5,64,S,wasteland-sand,D,1,.,.,.,S,S,S,S,terrain-wasteland-sand
6,64,S,wasteland-sand,D,1,.,.,.,S,S,S,S,terrain-wasteland-sand
7,64,S,wasteland-sand,D,1,.,.,.,S,S,S,S,terrain-wasteland-sand
8,64,S,wasteland-sand,D,1,.,.,.,S,S,S,S,terrain-wasteland-sand
9,64,S,wasteland-sand,D,1,.,.,.,S,S,S,S,terrain-wasteland-sand
10,64,S,wasteland-sand,D,1,.,.,.,S,S,S,S,terrain-wasteland-sand
11,64,S,wasteland-sand,D,1,.,.,.,S,S,S,S,terrain-wasteland-sand
12,64,S,wasteland-sand,D,1,.,.,.,S,S,S,S,terrain-wasteland-sand
13,64,S,wasteland-sand,D,1,.,.,.,S,S,S,S,terrain-wasteland-sand
14,64,S,wasteland-sand,D,1,.,.,.,S,S,S,S,terrain-wasteland-sand
15,64,S,wasteland-sand,D,1,.,.,.,S,S,S,S,terrain-wasteland-sand
16,64,S,wasteland-sand,G,1,.,.,.,S,S,S,S,terrain-wasteland-sand
17,64,S,wasteland-sand,G,1,.,.,.,S,D,S,S,terrain-wasteland-sand
18,64,D,packed-dirt,G,1,.,.,.,D,C,D,S,terrain-packed-dirt
19,64,C,cobblestone,G,1,.,T,G,C,C,C,D,terrain-cobblestone
20,64,C,cobblestone,G,1,.,T,G,C,C,C,C,terrain-cobblestone
21,64,C,cobblestone,G,1,.,T,G,C,C,C,C,terrain-cobblestone
22,64,C,cobblestone,G,1,.,T,G,C,C,C,C,terrain-cobblestone
23,64,C,cobblestone,G,1,.,T,G,C,C,C,C,terrain-cobblestone
24,64,C,cobblestone,G,1,.,T,G,C,C,C,C,terrain-cobblestone
25,64,C,cobblestone,G,1,.,T,G,C,C,C,C,terrain-cobblestone
26,64,C,cobblestone,G,1,.,T,G,C,C,C,C,terrain-cobblestone
27,64,C,cobblestone,G,1,.,T,G,C,C,C,C,terrain-cobblestone
28,64,C,cobblestone,G,1,.,T,G,C,C,C,C,terrain-cobblestone
29,64,C,cobblestone,G,1,.,T,G,C,C,C,C,terrain-cobblestone
30,64,C,cobblestone,G,1,.,T,.,C,C,C,C,terrain-cobblestone
31,64,C,cobblestone,G,1,.,T,.,C,S,C,C,terrain-cobblestone
32,64,S,wasteland-sand,G,1,.,.,.,S,S,D,C,terrain-wasteland-sand
33,64,S,wasteland-sand,G,1,.,.,.,S,S,S,S,terrain-wasteland-sand
34,64,S,wasteland-sand,D,1,.,.,.,S,S,S,S,terrain-wasteland-sand
35,64,S,wasteland-sand,D,1,.,.,.,S,B,S,S,terrain-wasteland-sand
36,64,B,beach-sand,L,1,.,.,.,S,B,S,S,terrain-beach-sand
37,64,B,beach-sand,L,1,.,.,.,B,B,B,B,terrain-beach-sand
38,64,B,beach-sand,L,1,.,.,.,B,W,B,B,terrain-beach-sand
39,64,W,fresh-deep-water,L,0,#,.,.,B,W,B,B,terrain-fresh-water
40,64,W,fresh-deep-water,L,0,#,.,.,W,W,W,W,terrain-fresh-water
41,64,W,fresh-deep-water,L,0,#,.,.,W,W,W,W,terrain-fresh-water
42,64,W,fresh-deep-water,L,0,#,.,.,W,W,W,W,terrain-fresh-water
43,64,W,fresh-deep-water,L,0,#,.,.,W,W,W,W,terrain-fresh-water
44,64,W,fresh-deep-water,L,0,#,.,.,W,W,W,W,terrain-fresh-water
45,64,W,fresh-deep-water,L,0,#,.,.,W,W,W,W,terrain-fresh-water
46,64,W,fresh-deep-water,L,0,#,.,.,W,W,W,W,terrain-fresh-water
47,64,W,fresh-deep-water,L,0,#,.,.,W,W,W,W,terrain-fresh-water
48,64,W,fresh-deep-water,L,0,#,.,.,W,W,W,W,terrain-fresh-water
49,64,W,fresh-deep-water,L,0,#,.,.,W,W,W,W,terrain-fresh-water
50,64,W,fresh-deep-water,L,0,#,.,.,W,W,W,W,terrain-fresh-water
51,64,W,fresh-deep-water,L,0,#,.,.,W,W,W,W,terrain-fresh-water
52,64,W,fresh-deep-water,L,0,#,.,.,W,W,W,W,terrain-fresh-water
53,64,W,fresh-deep-water,L,0,#,.,.,W,W,W,W,terrain-fresh-water
54,64,W,fresh-deep-water,L,0,#,.,.,W,W,W,W,terrain-fresh-water
55,64,W,fresh-deep-water,L,0,#,.,.,W,W,W,W,terrain-fresh-water
56,64,W,fresh-deep-water,L,0,#,.,L,W,W,W,W,terrain-fresh-water
57,64,W,fresh-deep-water,L,0,#,.,L,W,W,W,W,terrain-fresh-water
58,64,W,fresh-deep-water,L,0,#,.,L,W,W,W,W,terrain-fresh-water
59,64,W,fresh-deep-water,L,0,#,.,L,B,B,B,W,terrain-fresh-water
60,64,B,beach-sand,L,1,.,.,L,B,B,B,W,terrain-beach-sand
61,64,B,beach-sand,L,1,.,.,L,B,B,B,B,terrain-beach-sand
62,64,B,beach-sand,L,1,.,.,L,G,f,f,B,terrain-beach-sand
63,64,f,farm-field,A,1,.,.,L,G,f,f,B,terrain-farm-field
64,64,f,farm-field,A,1,.,.,L,G,f,f,f,terrain-farm-field
65,64,f,farm-field,A,1,.,.,.,g,f,f,f,terrain-farm-field
66,64,f,farm-field,A,1,.,.,.,g,f,f,f,terrain-farm-field
67,64,f,farm-field,A,1,.,.,.,f,f,f,f,terrain-farm-field
68,64,f,farm-field,A,1,.,.,.,f,f,f,f,terrain-farm-field
69,64,f,farm-field,A,1,.,.,.,f,f,f,f,terrain-farm-field
70,64,f,farm-field,A,1,.,.,.,f,f,f,f,terrain-farm-field
71,64,f,farm-field,A,1,.,.,.,f,f,f,f,terrain-farm-field
72,64,f,farm-field,A,1,.,.,.,f,f,f,f,terrain-farm-field
73,64,f,farm-field,A,1,.,.,.,f,f,f,f,terrain-farm-field
74,64,f,farm-field,A,1,.,.,.,f,f,f,f,terrain-farm-field
75,64,f,farm-field,A,1,.,.,.,f,g,f,f,terrain-farm-field
76,64,g,dry-grass,T,1,.,.,.,g,g,f,f,terrain-dry-grass
77,64,g,dry-grass,T,1,.,.,.,g,g,g,g,terrain-dry-grass
78,64,g,dry-grass,T,1,.,.,.,g,g,g,g,terrain-dry-grass
79,64,g,dry-grass,T,1,.,.,.,g,g,B,g,terrain-dry-grass
80,64,g,dry-grass,T,1,.,.,.,g,g,B,g,terrain-dry-grass
81,64,g,dry-grass,T,1,.,.,.,D,D,B,g,terrain-dry-grass
82,64,D,packed-dirt,T,1,.,S,.,D,D,D,g,terrain-packed-dirt
83,64,D,packed-dirt,C,1,.,S,.,D,D,D,D,terrain-packed-dirt
84,64,D,packed-dirt,C,1,.,S,.,g,B,D,D,terrain-packed-dirt
85,64,B,beach-sand,C,1,.,.,.,g,B,B,D,terrain-beach-sand
86,64,B,beach-sand,C,1,.,.,.,g,B,B,B,terrain-beach-sand
87,64,B,beach-sand,C,1,.,.,.,B,B,B,B,terrain-beach-sand
88,64,B,beach-sand,C,1,.,.,.,B,B,B,B,terrain-beach-sand
89,64,B,beach-sand,C,1,.,.,.,B,B,B,B,terrain-beach-sand
90,64,B,beach-sand,C,1,.,.,.,B,B,B,B,terrain-beach-sand
91,64,B,beach-sand,C,1,.,.,.,B,B,B,B,terrain-beach-sand
92,64,B,beach-sand,C,1,.,.,.,B,B,B,B,terrain-beach-sand
93,64,B,beach-sand,C,1,.,.,.,B,B,B,B,terrain-beach-sand
94,64,B,beach-sand,C,1,.,.,.,B,B,B,B,terrain-beach-sand
95,64,B,beach-sand,C,1,.,.,.,B,B,B,B,terrain-beach-sand
96,64,B,beach-sand,C,1,.,.,.,B,B,B,B,terrain-beach-sand
97,64,B,beach-sand,C,1,.,.,.,B,B,B,B,terrain-beach-sand
98,64,B,beach-sand,C,1,.,.,.,B,X,B,B,terrain-beach-sand
99,64,X,cliff-mountain,M,1,#,.,.,X,VOID,X,B,terrain-cliff-mountain
0,65,X,cliff-mountain,M,1,#,.,.,X,S,X,VOID,terrain-cliff-mountain
1,65,S,wasteland-sand,D,1,.,.,.,S,S,S,X,terrain-wasteland-sand
2,65,S,wasteland-sand,D,1,.,.,.,S,S,S,S,terrain-wasteland-sand
3,65,S,wasteland-sand,D,1,.,.,.,S,S,S,S,terrain-wasteland-sand
4,65,S,wasteland-sand,D,1,.,.,.,S,S,S,S,terrain-wasteland-sand
5,65,S,wasteland-sand,D,1,.,.,.,S,S,S,S,terrain-wasteland-sand
6,65,S,wasteland-sand,D,1,.,.,.,S,S,S,S,terrain-wasteland-sand
7,65,S,wasteland-sand,D,1,.,.,.,S,S,S,S,terrain-wasteland-sand
8,65,S,wasteland-sand,D,1,.,.,.,S,S,S,S,terrain-wasteland-sand
9,65,S,wasteland-sand,D,1,.,.,.,S,S,S,S,terrain-wasteland-sand
10,65,S,wasteland-sand,D,1,.,.,.,S,S,S,S,terrain-wasteland-sand
11,65,S,wasteland-sand,D,1,.,.,.,S,S,S,S,terrain-wasteland-sand
12,65,S,wasteland-sand,D,1,.,.,.,S,S,S,S,terrain-wasteland-sand
13,65,S,wasteland-sand,D,1,.,.,.,S,S,S,S,terrain-wasteland-sand
14,65,S,wasteland-sand,D,1,.,.,.,S,S,S,S,terrain-wasteland-sand
15,65,S,wasteland-sand,D,1,.,.,.,S,S,S,S,terrain-wasteland-sand
16,65,S,wasteland-sand,G,1,.,.,.,S,S,S,S,terrain-wasteland-sand
17,65,S,wasteland-sand,G,1,.,.,.,S,D,S,S,terrain-wasteland-sand
18,65,D,packed-dirt,G,1,.,.,G,D,C,D,S,terrain-packed-dirt
19,65,C,cobblestone,G,1,.,T,G,C,C,C,D,terrain-cobblestone
20,65,C,cobblestone,G,1,.,T,G,C,C,C,C,terrain-cobblestone
21,65,C,cobblestone,G,1,.,T,G,C,C,C,C,terrain-cobblestone
22,65,C,cobblestone,G,1,.,T,G,C,C,C,C,terrain-cobblestone
23,65,C,cobblestone,G,1,.,T,G,C,C,C,C,terrain-cobblestone
24,65,C,cobblestone,G,1,.,T,G,C,C,C,C,terrain-cobblestone
25,65,C,cobblestone,G,1,.,T,G,C,C,C,C,terrain-cobblestone
26,65,C,cobblestone,G,1,.,T,G,C,C,C,C,terrain-cobblestone
27,65,C,cobblestone,G,1,.,T,G,C,C,C,C,terrain-cobblestone
28,65,C,cobblestone,G,1,.,T,G,C,C,C,C,terrain-cobblestone
29,65,C,cobblestone,G,1,.,T,G,C,C,C,C,terrain-cobblestone
30,65,C,cobblestone,G,1,.,T,G,C,C,C,C,terrain-cobblestone
31,65,C,cobblestone,G,1,.,T,.,C,D,C,C,terrain-cobblestone
32,65,D,packed-dirt,G,1,.,S,.,S,S,D,C,terrain-packed-dirt
33,65,S,wasteland-sand,G,1,.,.,.,S,S,D,D,terrain-wasteland-sand
34,65,S,wasteland-sand,D,1,.,.,.,S,S,S,S,terrain-wasteland-sand
35,65,S,wasteland-sand,D,1,.,.,.,S,S,S,S,terrain-wasteland-sand
36,65,S,wasteland-sand,D,1,.,.,.,B,B,S,S,terrain-wasteland-sand
37,65,B,beach-sand,L,1,.,.,.,B,B,B,S,terrain-beach-sand
38,65,B,beach-sand,L,1,.,.,.,B,B,B,B,terrain-beach-sand
39,65,B,beach-sand,L,1,.,.,.,W,W,B,B,terrain-beach-sand
40,65,W,fresh-deep-water,L,0,#,.,.,W,W,W,B,terrain-fresh-water
41,65,W,fresh-deep-water,L,0,#,.,.,W,W,W,W,terrain-fresh-water
42,65,W,fresh-deep-water,L,0,#,.,.,W,W,W,W,terrain-fresh-water
43,65,W,fresh-deep-water,L,0,#,.,.,W,W,W,W,terrain-fresh-water
44,65,W,fresh-deep-water,L,0,#,.,.,W,W,W,W,terrain-fresh-water
45,65,W,fresh-deep-water,L,0,#,.,.,W,W,W,W,terrain-fresh-water
46,65,W,fresh-deep-water,L,0,#,.,.,W,W,W,W,terrain-fresh-water
47,65,W,fresh-deep-water,L,0,#,.,.,W,W,W,W,terrain-fresh-water
48,65,W,fresh-deep-water,L,0,#,.,.,W,W,W,W,terrain-fresh-water
49,65,W,fresh-deep-water,L,0,#,.,.,W,W,W,W,terrain-fresh-water
50,65,W,fresh-deep-water,L,0,#,.,.,W,W,W,W,terrain-fresh-water
51,65,W,fresh-deep-water,L,0,#,.,.,W,W,W,W,terrain-fresh-water
52,65,W,fresh-deep-water,L,0,#,.,.,W,W,W,W,terrain-fresh-water
53,65,W,fresh-deep-water,L,0,#,.,.,W,W,W,W,terrain-fresh-water
54,65,W,fresh-deep-water,L,0,#,.,.,W,W,W,W,terrain-fresh-water
55,65,W,fresh-deep-water,L,0,#,.,L,W,W,W,W,terrain-fresh-water
56,65,W,fresh-deep-water,L,0,#,.,L,W,W,W,W,terrain-fresh-water
57,65,W,fresh-deep-water,L,0,#,.,L,W,W,W,W,terrain-fresh-water
58,65,W,fresh-deep-water,L,0,#,.,L,W,B,W,W,terrain-fresh-water
59,65,B,beach-sand,L,1,.,.,L,W,B,B,W,terrain-beach-sand
60,65,B,beach-sand,L,1,.,.,L,B,B,B,B,terrain-beach-sand
61,65,B,beach-sand,L,1,.,.,L,B,f,B,B,terrain-beach-sand
62,65,f,farm-field,A,1,.,.,L,B,f,f,B,terrain-farm-field
63,65,f,farm-field,A,1,.,.,L,f,f,f,f,terrain-farm-field
64,65,f,farm-field,A,1,.,.,L,f,f,f,f,terrain-farm-field
65,65,f,farm-field,A,1,.,.,L,f,f,f,f,terrain-farm-field
66,65,f,farm-field,A,1,.,.,.,f,f,f,f,terrain-farm-field
67,65,f,farm-field,A,1,.,.,.,f,f,f,f,terrain-farm-field
68,65,f,farm-field,A,1,.,.,.,f,f,f,f,terrain-farm-field
69,65,f,farm-field,A,1,.,.,.,f,f,f,f,terrain-farm-field
70,65,f,farm-field,A,1,.,.,.,f,f,f,f,terrain-farm-field
71,65,f,farm-field,A,1,.,.,.,f,f,f,f,terrain-farm-field
72,65,f,farm-field,A,1,.,.,.,f,f,f,f,terrain-farm-field
73,65,f,farm-field,A,1,.,.,.,f,f,f,f,terrain-farm-field
74,65,f,farm-field,A,1,.,.,.,f,f,f,f,terrain-farm-field
75,65,f,farm-field,A,1,.,.,.,f,f,f,f,terrain-farm-field
76,65,f,farm-field,A,1,.,.,.,g,g,f,f,terrain-farm-field
77,65,g,dry-grass,T,1,.,.,.,g,g,f,f,terrain-dry-grass
78,65,g,dry-grass,T,1,.,.,.,g,B,B,g,terrain-dry-grass
79,65,B,beach-sand,C,1,.,.,.,g,B,B,g,terrain-beach-sand
80,65,B,beach-sand,C,1,.,.,.,g,B,B,B,terrain-beach-sand
81,65,B,beach-sand,C,1,.,.,.,g,D,B,B,terrain-beach-sand
82,65,D,packed-dirt,C,1,.,S,.,D,D,D,B,terrain-packed-dirt
83,65,D,packed-dirt,C,1,.,S,.,D,D,D,D,terrain-packed-dirt
84,65,D,packed-dirt,C,1,.,S,.,D,B,D,D,terrain-packed-dirt
85,65,B,beach-sand,C,1,.,.,.,B,B,B,D,terrain-beach-sand
86,65,B,beach-sand,C,1,.,.,.,B,B,B,B,terrain-beach-sand
87,65,B,beach-sand,C,1,.,.,.,B,B,B,B,terrain-beach-sand
88,65,B,beach-sand,C,1,.,.,.,B,B,B,B,terrain-beach-sand
89,65,B,beach-sand,C,1,.,.,.,B,B,B,B,terrain-beach-sand
90,65,B,beach-sand,C,1,.,.,.,B,B,B,B,terrain-beach-sand
91,65,B,beach-sand,C,1,.,.,.,B,B,B,B,terrain-beach-sand
92,65,B,beach-sand,C,1,.,.,.,B,B,B,B,terrain-beach-sand
93,65,B,beach-sand,C,1,.,.,.,B,B,B,B,terrain-beach-sand
94,65,B,beach-sand,C,1,.,.,.,B,B,B,B,terrain-beach-sand
95,65,B,beach-sand,C,1,.,.,.,B,B,B,B,terrain-beach-sand
96,65,B,beach-sand,C,1,.,.,.,B,B,B,B,terrain-beach-sand
97,65,B,beach-sand,C,1,.,.,.,B,B,B,B,terrain-beach-sand
98,65,B,beach-sand,C,1,.,.,.,B,X,B,B,terrain-beach-sand
99,65,X,cliff-mountain,M,1,#,.,.,X,VOID,X,B,terrain-cliff-mountain
0,66,X,cliff-mountain,M,1,#,.,.,X,S,X,VOID,terrain-cliff-mountain
1,66,S,wasteland-sand,D,1,.,.,.,S,S,S,X,terrain-wasteland-sand
2,66,S,wasteland-sand,D,1,.,.,.,S,S,S,S,terrain-wasteland-sand
3,66,S,wasteland-sand,D,1,.,.,.,S,S,S,S,terrain-wasteland-sand
4,66,S,wasteland-sand,D,1,.,.,.,S,S,S,S,terrain-wasteland-sand
5,66,S,wasteland-sand,D,1,.,.,.,S,S,S,S,terrain-wasteland-sand
6,66,S,wasteland-sand,D,1,.,.,.,S,S,S,S,terrain-wasteland-sand
7,66,S,wasteland-sand,D,1,.,.,.,S,S,S,S,terrain-wasteland-sand
8,66,S,wasteland-sand,D,1,.,.,.,S,S,S,S,terrain-wasteland-sand
9,66,S,wasteland-sand,D,1,.,.,.,S,S,S,S,terrain-wasteland-sand
10,66,S,wasteland-sand,D,1,.,.,.,S,S,S,S,terrain-wasteland-sand
11,66,S,wasteland-sand,D,1,.,.,.,S,S,S,S,terrain-wasteland-sand
12,66,S,wasteland-sand,D,1,.,.,.,S,S,S,S,terrain-wasteland-sand
13,66,S,wasteland-sand,D,1,.,.,.,S,S,S,S,terrain-wasteland-sand
14,66,S,wasteland-sand,D,1,.,.,.,S,S,S,S,terrain-wasteland-sand
15,66,S,wasteland-sand,D,1,.,.,.,S,S,S,S,terrain-wasteland-sand
16,66,S,wasteland-sand,G,1,.,.,.,S,S,S,S,terrain-wasteland-sand
17,66,S,wasteland-sand,G,1,.,.,.,S,D,S,S,terrain-wasteland-sand
18,66,D,packed-dirt,G,1,.,.,.,D,C,D,S,terrain-packed-dirt
19,66,C,cobblestone,G,1,.,T,G,C,C,C,D,terrain-cobblestone
20,66,C,cobblestone,G,1,.,T,G,C,C,C,C,terrain-cobblestone
21,66,C,cobblestone,G,1,.,T,G,C,C,C,C,terrain-cobblestone
22,66,C,cobblestone,G,1,.,T,G,C,C,C,C,terrain-cobblestone
23,66,C,cobblestone,G,1,.,T,G,C,C,C,C,terrain-cobblestone
24,66,C,cobblestone,G,1,.,T,G,C,C,C,C,terrain-cobblestone
25,66,C,cobblestone,G,1,.,T,G,C,C,C,C,terrain-cobblestone
26,66,C,cobblestone,G,1,.,T,G,C,C,C,C,terrain-cobblestone
27,66,C,cobblestone,G,1,.,T,G,C,C,C,C,terrain-cobblestone
28,66,C,cobblestone,G,1,.,T,G,C,C,C,C,terrain-cobblestone
29,66,C,cobblestone,G,1,.,T,G,C,C,C,C,terrain-cobblestone
30,66,C,cobblestone,G,1,.,T,.,C,C,C,C,terrain-cobblestone
31,66,C,cobblestone,G,1,.,T,.,C,D,C,C,terrain-cobblestone
32,66,D,packed-dirt,G,1,.,S,.,D,D,D,C,terrain-packed-dirt
33,66,D,packed-dirt,G,1,.,S,.,S,S,D,D,terrain-packed-dirt
34,66,S,wasteland-sand,D,1,.,.,.,S,S,S,D,terrain-wasteland-sand
35,66,S,wasteland-sand,D,1,.,.,.,S,S,S,S,terrain-wasteland-sand
36,66,S,wasteland-sand,D,1,.,.,.,S,B,S,S,terrain-wasteland-sand
37,66,B,beach-sand,L,1,.,.,.,B,B,B,S,terrain-beach-sand
38,66,B,beach-sand,L,1,.,.,.,B,B,B,B,terrain-beach-sand
39,66,B,beach-sand,L,1,.,.,.,B,W,B,B,terrain-beach-sand
40,66,W,fresh-deep-water,L,0,#,.,.,W,W,W,B,terrain-fresh-water
41,66,W,fresh-deep-water,L,0,#,.,.,W,W,W,W,terrain-fresh-water
42,66,W,fresh-deep-water,L,0,#,.,.,W,W,W,W,terrain-fresh-water
43,66,W,fresh-deep-water,L,0,#,.,.,W,W,W,W,terrain-fresh-water
44,66,W,fresh-deep-water,L,0,#,.,.,W,W,W,W,terrain-fresh-water
45,66,W,fresh-deep-water,L,0,#,.,.,W,W,W,W,terrain-fresh-water
46,66,W,fresh-deep-water,L,0,#,.,.,W,W,W,W,terrain-fresh-water
47,66,W,fresh-deep-water,L,0,#,.,.,W,W,W,W,terrain-fresh-water
48,66,W,fresh-deep-water,L,0,#,.,.,W,W,W,W,terrain-fresh-water
49,66,W,fresh-deep-water,L,0,#,.,.,W,W,W,W,terrain-fresh-water
50,66,W,fresh-deep-water,L,0,#,.,.,W,W,W,W,terrain-fresh-water
51,66,W,fresh-deep-water,L,0,#,.,.,W,W,W,W,terrain-fresh-water
52,66,W,fresh-deep-water,L,0,#,.,.,W,W,W,W,terrain-fresh-water
53,66,W,fresh-deep-water,L,0,#,.,.,W,W,W,W,terrain-fresh-water
54,66,W,fresh-deep-water,L,0,#,.,.,W,W,W,W,terrain-fresh-water
55,66,W,fresh-deep-water,L,0,#,.,.,W,W,W,W,terrain-fresh-water
56,66,W,fresh-deep-water,L,0,#,.,L,W,W,W,W,terrain-fresh-water
57,66,W,fresh-deep-water,L,0,#,.,L,W,W,W,W,terrain-fresh-water
58,66,W,fresh-deep-water,L,0,#,.,L,W,B,W,W,terrain-fresh-water
59,66,B,beach-sand,L,1,.,.,L,B,B,W,W,terrain-beach-sand
60,66,B,beach-sand,L,1,.,.,L,B,B,W,B,terrain-beach-sand
61,66,B,beach-sand,L,1,.,.,L,B,f,B,B,terrain-beach-sand
62,66,f,farm-field,A,1,.,.,L,f,f,f,B,terrain-farm-field
63,66,f,farm-field,A,1,.,.,L,f,f,f,f,terrain-farm-field
64,66,f,farm-field,A,1,.,.,L,f,f,f,f,terrain-farm-field
65,66,f,farm-field,A,1,.,.,.,f,f,f,f,terrain-farm-field
66,66,f,farm-field,A,1,.,.,.,f,f,f,f,terrain-farm-field
67,66,f,farm-field,A,1,.,.,.,f,f,f,f,terrain-farm-field
68,66,f,farm-field,A,1,.,.,.,f,f,f,f,terrain-farm-field
69,66,f,farm-field,A,1,.,.,.,f,f,f,f,terrain-farm-field
70,66,f,farm-field,A,1,.,.,.,f,f,f,f,terrain-farm-field
71,66,f,farm-field,A,1,.,.,.,f,f,f,f,terrain-farm-field
72,66,f,farm-field,A,1,.,.,.,f,f,f,f,terrain-farm-field
73,66,f,farm-field,A,1,.,.,.,f,f,f,f,terrain-farm-field
74,66,f,farm-field,A,1,.,.,.,f,f,f,f,terrain-farm-field
75,66,f,farm-field,A,1,.,.,.,f,f,f,f,terrain-farm-field
76,66,f,farm-field,A,1,.,.,.,f,f,f,f,terrain-farm-field
77,66,f,farm-field,A,1,.,.,.,g,B,f,f,terrain-farm-field
78,66,B,beach-sand,C,1,.,.,.,g,B,B,f,terrain-beach-sand
79,66,B,beach-sand,C,1,.,.,.,B,B,B,B,terrain-beach-sand
80,66,B,beach-sand,C,1,.,.,.,B,B,B,B,terrain-beach-sand
81,66,B,beach-sand,C,1,.,.,.,B,D,B,B,terrain-beach-sand
82,66,D,packed-dirt,C,1,.,S,.,D,D,B,B,terrain-packed-dirt
83,66,D,packed-dirt,C,1,.,S,.,D,D,D,D,terrain-packed-dirt
84,66,D,packed-dirt,C,1,.,S,.,D,B,D,D,terrain-packed-dirt
85,66,B,beach-sand,C,1,.,.,.,B,B,D,D,terrain-beach-sand
86,66,B,beach-sand,C,1,.,.,.,B,B,B,B,terrain-beach-sand
87,66,B,beach-sand,C,1,.,.,.,B,B,B,B,terrain-beach-sand
88,66,B,beach-sand,C,1,.,.,.,B,B,B,B,terrain-beach-sand
89,66,B,beach-sand,C,1,.,.,.,B,B,B,B,terrain-beach-sand
90,66,B,beach-sand,C,1,.,.,.,B,B,B,B,terrain-beach-sand
91,66,B,beach-sand,C,1,.,.,.,B,B,B,B,terrain-beach-sand
92,66,B,beach-sand,C,1,.,.,.,B,B,B,B,terrain-beach-sand
93,66,B,beach-sand,C,1,.,.,.,B,B,B,B,terrain-beach-sand
94,66,B,beach-sand,C,1,.,.,.,B,B,B,B,terrain-beach-sand
95,66,B,beach-sand,C,1,.,.,.,B,B,B,B,terrain-beach-sand
96,66,B,beach-sand,C,1,.,.,.,B,B,B,B,terrain-beach-sand
97,66,B,beach-sand,C,1,.,.,.,B,B,B,B,terrain-beach-sand
98,66,B,beach-sand,C,1,.,.,.,B,X,B,B,terrain-beach-sand
99,66,X,cliff-mountain,M,1,#,.,.,X,VOID,X,B,terrain-cliff-mountain
0,67,X,cliff-mountain,M,1,#,.,.,X,S,X,VOID,terrain-cliff-mountain
1,67,S,wasteland-sand,D,1,.,.,.,S,S,S,X,terrain-wasteland-sand
2,67,S,wasteland-sand,D,1,.,.,.,S,S,S,S,terrain-wasteland-sand
3,67,S,wasteland-sand,D,1,.,.,.,S,S,S,S,terrain-wasteland-sand
4,67,S,wasteland-sand,D,1,.,.,.,S,S,S,S,terrain-wasteland-sand
5,67,S,wasteland-sand,D,1,.,.,.,S,S,S,S,terrain-wasteland-sand
6,67,S,wasteland-sand,D,1,.,.,.,S,S,S,S,terrain-wasteland-sand
7,67,S,wasteland-sand,D,1,.,.,.,S,S,S,S,terrain-wasteland-sand
8,67,S,wasteland-sand,D,1,.,.,.,S,S,S,S,terrain-wasteland-sand
9,67,S,wasteland-sand,D,1,.,.,.,S,S,S,S,terrain-wasteland-sand
10,67,S,wasteland-sand,D,1,.,.,.,S,S,S,S,terrain-wasteland-sand
11,67,S,wasteland-sand,D,1,.,.,.,S,S,S,S,terrain-wasteland-sand
12,67,S,wasteland-sand,D,1,.,.,.,S,S,S,S,terrain-wasteland-sand
13,67,S,wasteland-sand,D,1,.,.,.,S,S,S,S,terrain-wasteland-sand
14,67,S,wasteland-sand,D,1,.,.,.,S,S,S,S,terrain-wasteland-sand
15,67,S,wasteland-sand,D,1,.,.,.,S,S,S,S,terrain-wasteland-sand
16,67,S,wasteland-sand,G,1,.,.,.,S,S,A,S,terrain-wasteland-sand
17,67,S,wasteland-sand,G,1,.,.,.,S,D,A,S,terrain-wasteland-sand
18,67,D,packed-dirt,G,1,.,M,.,D,C,D,S,terrain-packed-dirt
19,67,C,cobblestone,G,1,.,T,G,C,C,D,D,terrain-cobblestone
20,67,C,cobblestone,G,1,.,T,G,C,C,D,C,terrain-cobblestone
21,67,C,cobblestone,G,1,.,T,G,C,C,D,C,terrain-cobblestone
22,67,C,cobblestone,G,1,.,T,G,C,C,D,C,terrain-cobblestone
23,67,C,cobblestone,G,1,.,T,G,C,C,D,C,terrain-cobblestone
24,67,C,cobblestone,G,1,.,T,G,C,C,D,C,terrain-cobblestone
25,67,C,cobblestone,G,1,.,T,G,C,C,D,C,terrain-cobblestone
26,67,C,cobblestone,G,1,.,T,G,C,C,D,C,terrain-cobblestone
27,67,C,cobblestone,G,1,.,T,G,C,C,D,C,terrain-cobblestone
28,67,C,cobblestone,G,1,.,T,G,C,C,D,C,terrain-cobblestone
29,67,C,cobblestone,G,1,.,T,G,C,C,D,C,terrain-cobblestone
30,67,C,cobblestone,G,1,.,T,.,C,C,D,C,terrain-cobblestone
31,67,C,cobblestone,G,1,.,T,.,C,D,D,C,terrain-cobblestone
32,67,D,packed-dirt,G,1,.,S,.,D,D,D,C,terrain-packed-dirt
33,67,D,packed-dirt,G,1,.,S,.,D,S,D,D,terrain-packed-dirt
34,67,S,wasteland-sand,D,1,.,.,.,S,S,D,D,terrain-wasteland-sand
35,67,S,wasteland-sand,D,1,.,.,.,S,S,S,S,terrain-wasteland-sand
36,67,S,wasteland-sand,D,1,.,.,.,S,B,S,S,terrain-wasteland-sand
37,67,B,beach-sand,L,1,.,.,.,B,B,B,S,terrain-beach-sand
38,67,B,beach-sand,L,1,.,.,.,B,B,B,B,terrain-beach-sand
39,67,B,beach-sand,L,1,.,.,.,B,W,B,B,terrain-beach-sand
40,67,W,fresh-deep-water,L,0,#,.,.,W,W,B,B,terrain-fresh-water
41,67,W,fresh-deep-water,L,0,#,.,.,W,W,W,W,terrain-fresh-water
42,67,W,fresh-deep-water,L,0,#,.,.,W,W,W,W,terrain-fresh-water
43,67,W,fresh-deep-water,L,0,#,.,.,W,W,W,W,terrain-fresh-water
44,67,W,fresh-deep-water,L,0,#,.,.,W,W,W,W,terrain-fresh-water
45,67,W,fresh-deep-water,L,0,#,.,.,W,W,W,W,terrain-fresh-water
46,67,W,fresh-deep-water,L,0,#,.,.,W,W,W,W,terrain-fresh-water
47,67,W,fresh-deep-water,L,0,#,.,.,W,W,W,W,terrain-fresh-water
48,67,W,fresh-deep-water,L,0,#,.,.,W,W,W,W,terrain-fresh-water
49,67,W,fresh-deep-water,L,0,#,.,.,W,W,W,W,terrain-fresh-water
50,67,W,fresh-deep-water,L,0,#,.,.,W,W,W,W,terrain-fresh-water
51,67,W,fresh-deep-water,L,0,#,.,.,W,W,W,W,terrain-fresh-water
52,67,W,fresh-deep-water,L,0,#,.,.,W,W,W,W,terrain-fresh-water
53,67,W,fresh-deep-water,L,0,#,.,.,W,W,W,W,terrain-fresh-water
54,67,W,fresh-deep-water,L,0,#,.,.,W,W,W,W,terrain-fresh-water
55,67,W,fresh-deep-water,L,0,#,.,.,W,W,W,W,terrain-fresh-water
56,67,W,fresh-deep-water,L,0,#,.,L,W,W,W,W,terrain-fresh-water
57,67,W,fresh-deep-water,L,0,#,.,L,W,W,W,W,terrain-fresh-water
58,67,W,fresh-deep-water,L,0,#,.,L,W,W,W,W,terrain-fresh-water
59,67,W,fresh-deep-water,L,0,#,.,L,B,W,W,W,terrain-fresh-water
60,67,W,fresh-deep-water,L,0,#,.,L,B,B,W,W,terrain-fresh-water
61,67,B,beach-sand,L,1,.,.,L,B,f,W,W,terrain-beach-sand
62,67,f,farm-field,A,1,.,.,L,f,f,f,B,terrain-farm-field
63,67,f,farm-field,A,1,.,.,L,f,f,f,f,terrain-farm-field
64,67,f,farm-field,A,1,.,.,L,f,f,f,f,terrain-farm-field
65,67,f,farm-field,A,1,.,.,.,f,f,f,f,terrain-farm-field
66,67,f,farm-field,A,1,.,.,.,f,f,f,f,terrain-farm-field
67,67,f,farm-field,A,1,.,.,.,f,f,f,f,terrain-farm-field
68,67,f,farm-field,A,1,.,.,.,f,f,f,f,terrain-farm-field
69,67,f,farm-field,A,1,.,.,.,f,f,f,f,terrain-farm-field
70,67,f,farm-field,A,1,.,.,.,f,f,f,f,terrain-farm-field
71,67,f,farm-field,A,1,.,.,.,f,f,f,f,terrain-farm-field
72,67,f,farm-field,A,1,.,.,.,f,f,f,f,terrain-farm-field
73,67,f,farm-field,A,1,.,.,.,f,f,f,f,terrain-farm-field
74,67,f,farm-field,A,1,.,.,.,f,f,f,f,terrain-farm-field
75,67,f,farm-field,A,1,.,.,.,f,f,f,f,terrain-farm-field
76,67,f,farm-field,A,1,.,.,.,f,f,f,f,terrain-farm-field
77,67,f,farm-field,A,1,.,.,.,f,B,f,f,terrain-farm-field
78,67,B,beach-sand,C,1,.,.,.,B,B,f,f,terrain-beach-sand
79,67,B,beach-sand,C,1,.,.,.,B,B,B,B,terrain-beach-sand
80,67,B,beach-sand,C,1,.,.,.,B,B,B,B,terrain-beach-sand
81,67,B,beach-sand,C,1,.,.,.,B,B,B,B,terrain-beach-sand
82,67,B,beach-sand,C,1,.,.,.,D,D,B,B,terrain-beach-sand
83,67,D,packed-dirt,C,1,.,S,.,D,D,D,B,terrain-packed-dirt
84,67,D,packed-dirt,C,1,.,S,.,D,D,D,D,terrain-packed-dirt
85,67,D,packed-dirt,C,1,.,S,.,B,B,D,D,terrain-packed-dirt
86,67,B,beach-sand,C,1,.,.,.,B,B,B,D,terrain-beach-sand
87,67,B,beach-sand,C,1,.,.,.,B,B,B,B,terrain-beach-sand
88,67,B,beach-sand,C,1,.,.,.,B,B,B,B,terrain-beach-sand
89,67,B,beach-sand,C,1,.,.,.,B,B,B,B,terrain-beach-sand
90,67,B,beach-sand,C,1,.,.,.,B,B,B,B,terrain-beach-sand
91,67,B,beach-sand,C,1,.,.,.,B,B,B,B,terrain-beach-sand
92,67,B,beach-sand,C,1,.,.,.,B,B,B,B,terrain-beach-sand
93,67,B,beach-sand,C,1,.,.,.,B,B,B,B,terrain-beach-sand
94,67,B,beach-sand,C,1,.,.,.,B,B,B,B,terrain-beach-sand
95,67,B,beach-sand,C,1,.,.,.,B,B,B,B,terrain-beach-sand
96,67,B,beach-sand,C,1,.,.,.,B,B,B,B,terrain-beach-sand
97,67,B,beach-sand,C,1,.,.,.,B,B,B,B,terrain-beach-sand
98,67,B,beach-sand,C,1,.,.,.,B,X,B,B,terrain-beach-sand
99,67,X,cliff-mountain,M,1,#,.,.,X,VOID,X,B,terrain-cliff-mountain
0,68,X,cliff-mountain,M,1,#,.,.,X,S,X,VOID,terrain-cliff-mountain
1,68,S,wasteland-sand,D,1,.,.,.,S,S,S,X,terrain-wasteland-sand
2,68,S,wasteland-sand,D,1,.,.,.,S,S,S,S,terrain-wasteland-sand
3,68,S,wasteland-sand,D,1,.,.,.,S,S,S,S,terrain-wasteland-sand
4,68,S,wasteland-sand,D,1,.,.,.,S,S,S,S,terrain-wasteland-sand
5,68,S,wasteland-sand,D,1,.,.,.,S,S,S,S,terrain-wasteland-sand
6,68,S,wasteland-sand,D,1,.,.,.,S,S,S,S,terrain-wasteland-sand
7,68,S,wasteland-sand,D,1,.,.,.,S,S,S,S,terrain-wasteland-sand
8,68,S,wasteland-sand,D,1,.,.,.,S,S,S,S,terrain-wasteland-sand
9,68,S,wasteland-sand,D,1,.,.,.,S,S,S,S,terrain-wasteland-sand
10,68,S,wasteland-sand,D,1,.,.,.,S,S,S,S,terrain-wasteland-sand
11,68,S,wasteland-sand,D,1,.,.,.,S,S,S,S,terrain-wasteland-sand
12,68,S,wasteland-sand,D,1,.,.,.,S,S,S,S,terrain-wasteland-sand
13,68,S,wasteland-sand,D,1,.,.,.,S,S,S,S,terrain-wasteland-sand
14,68,S,wasteland-sand,D,1,.,.,.,S,S,S,S,terrain-wasteland-sand
15,68,S,wasteland-sand,D,1,.,.,.,S,A,A,S,terrain-wasteland-sand
16,68,A,cracked-asphalt,G,1,.,M,.,S,A,A,S,terrain-cracked-asphalt
17,68,A,cracked-asphalt,G,1,.,M,.,S,D,A,A,terrain-cracked-asphalt
18,68,D,packed-dirt,G,1,.,M,.,D,D,D,A,terrain-packed-dirt
19,68,D,packed-dirt,G,1,.,M,G,C,D,D,D,terrain-packed-dirt
20,68,D,packed-dirt,G,1,.,M,G,C,D,D,D,terrain-packed-dirt
21,68,D,packed-dirt,G,1,.,M,G,C,D,D,D,terrain-packed-dirt
22,68,D,packed-dirt,G,1,.,M,G,C,D,D,D,terrain-packed-dirt
23,68,D,packed-dirt,G,1,.,M,G,C,D,D,D,terrain-packed-dirt
24,68,D,packed-dirt,G,1,.,M,G,C,D,D,D,terrain-packed-dirt
25,68,D,packed-dirt,G,1,.,.,G,C,D,D,D,terrain-packed-dirt
26,68,D,packed-dirt,G,1,.,.,G,C,D,D,D,terrain-packed-dirt
27,68,D,packed-dirt,G,1,.,.,G,C,D,D,D,terrain-packed-dirt
28,68,D,packed-dirt,G,1,.,.,G,C,D,D,D,terrain-packed-dirt
29,68,D,packed-dirt,G,1,.,.,G,C,D,D,D,terrain-packed-dirt
30,68,D,packed-dirt,G,1,.,.,.,C,D,D,D,terrain-packed-dirt
31,68,D,packed-dirt,G,1,.,.,.,C,D,D,D,terrain-packed-dirt
32,68,D,packed-dirt,G,1,.,S,.,D,D,D,D,terrain-packed-dirt
33,68,D,packed-dirt,G,1,.,S,.,D,D,D,D,terrain-packed-dirt
34,68,D,packed-dirt,D,1,.,S,.,S,S,D,D,terrain-packed-dirt
35,68,S,wasteland-sand,D,1,.,.,.,S,S,S,D,terrain-wasteland-sand
36,68,S,wasteland-sand,D,1,.,.,.,S,B,S,S,terrain-wasteland-sand
37,68,B,beach-sand,L,1,.,.,.,B,B,S,S,terrain-beach-sand
38,68,B,beach-sand,L,1,.,.,.,B,B,B,B,terrain-beach-sand
39,68,B,beach-sand,L,1,.,.,.,B,B,B,B,terrain-beach-sand
40,68,B,beach-sand,L,1,.,.,.,W,W,B,B,terrain-beach-sand
41,68,W,fresh-deep-water,L,0,#,.,.,W,W,B,B,terrain-fresh-water
42,68,W,fresh-deep-water,L,0,#,.,.,W,W,W,W,terrain-fresh-water
43,68,W,fresh-deep-water,L,0,#,.,.,W,W,W,W,terrain-fresh-water
44,68,W,fresh-deep-water,L,0,#,.,.,W,W,W,W,terrain-fresh-water
45,68,W,fresh-deep-water,L,0,#,.,.,W,W,W,W,terrain-fresh-water
46,68,W,fresh-deep-water,L,0,#,.,.,W,W,W,W,terrain-fresh-water
47,68,W,fresh-deep-water,L,0,#,.,.,W,W,W,W,terrain-fresh-water
48,68,W,fresh-deep-water,L,0,#,.,.,W,W,W,W,terrain-fresh-water
49,68,W,fresh-deep-water,L,0,#,.,.,W,W,W,W,terrain-fresh-water
50,68,W,fresh-deep-water,L,0,#,.,.,W,W,W,W,terrain-fresh-water
51,68,W,fresh-deep-water,L,0,#,.,.,W,W,W,W,terrain-fresh-water
52,68,W,fresh-deep-water,L,0,#,.,.,W,W,W,W,terrain-fresh-water
53,68,W,fresh-deep-water,L,0,#,.,.,W,W,W,W,terrain-fresh-water
54,68,W,fresh-deep-water,L,0,#,.,.,W,W,W,W,terrain-fresh-water
55,68,W,fresh-deep-water,L,0,#,.,.,W,W,W,W,terrain-fresh-water
56,68,W,fresh-deep-water,L,0,#,.,L,W,W,W,W,terrain-fresh-water
57,68,W,fresh-deep-water,L,0,#,.,L,W,W,B,W,terrain-fresh-water
58,68,W,fresh-deep-water,L,0,#,.,L,W,W,B,W,terrain-fresh-water
59,68,W,fresh-deep-water,L,0,#,.,L,W,W,W,W,terrain-fresh-water
60,68,W,fresh-deep-water,L,0,#,.,L,W,W,W,W,terrain-fresh-water
61,68,W,fresh-deep-water,L,0,#,.,L,B,f,W,W,terrain-fresh-water
62,68,f,farm-field,A,1,~,.,L,f,f,W,W,terrain-farm-field
63,68,f,farm-field,A,1,~,.,L,f,f,f,f,terrain-farm-field
64,68,f,farm-field,A,1,~,.,L,f,f,f,f,terrain-farm-field
65,68,f,farm-field,A,1,~,.,.,f,f,f,f,terrain-farm-field
66,68,f,farm-field,A,1,~,.,.,f,f,f,f,terrain-farm-field
67,68,f,farm-field,A,1,~,.,.,f,f,f,f,terrain-farm-field
68,68,f,farm-field,A,1,~,.,.,f,f,f,f,terrain-farm-field
69,68,f,farm-field,A,1,~,.,.,f,f,f,f,terrain-farm-field
70,68,f,farm-field,A,1,.,.,.,f,f,f,f,terrain-farm-field
71,68,f,farm-field,A,1,.,.,.,f,f,f,f,terrain-farm-field
72,68,f,farm-field,A,1,.,.,.,f,f,f,f,terrain-farm-field
73,68,f,farm-field,A,1,.,.,.,f,f,f,f,terrain-farm-field
74,68,f,farm-field,A,1,.,.,.,f,f,f,f,terrain-farm-field
75,68,f,farm-field,A,1,.,.,.,f,f,f,f,terrain-farm-field
76,68,f,farm-field,A,1,.,.,.,f,f,f,f,terrain-farm-field
77,68,f,farm-field,A,1,.,.,.,f,f,f,f,terrain-farm-field
78,68,f,farm-field,A,1,.,.,.,B,B,f,f,terrain-farm-field
79,68,B,beach-sand,C,1,.,.,.,B,B,B,f,terrain-beach-sand
80,68,B,beach-sand,C,1,.,.,.,B,B,B,B,terrain-beach-sand
81,68,B,beach-sand,C,1,.,.,.,B,B,B,B,terrain-beach-sand
82,68,B,beach-sand,C,1,.,.,.,B,D,B,B,terrain-beach-sand
83,68,D,packed-dirt,C,1,.,S,.,D,D,D,B,terrain-packed-dirt
84,68,D,packed-dirt,C,1,.,S,.,D,D,D,D,terrain-packed-dirt
85,68,D,packed-dirt,C,1,.,S,.,D,B,D,D,terrain-packed-dirt
86,68,B,beach-sand,C,1,.,.,.,B,B,B,D,terrain-beach-sand
87,68,B,beach-sand,C,1,.,.,.,B,B,B,B,terrain-beach-sand
88,68,B,beach-sand,C,1,.,.,.,B,B,B,B,terrain-beach-sand
89,68,B,beach-sand,C,1,.,.,.,B,B,B,B,terrain-beach-sand
90,68,B,beach-sand,C,1,.,.,.,B,B,B,B,terrain-beach-sand
91,68,B,beach-sand,C,1,.,.,.,B,B,D,B,terrain-beach-sand
92,68,B,beach-sand,C,1,.,.,.,B,B,B,B,terrain-beach-sand
93,68,B,beach-sand,C,1,.,.,.,B,B,B,B,terrain-beach-sand
94,68,B,beach-sand,C,1,.,.,.,B,B,B,B,terrain-beach-sand
95,68,B,beach-sand,C,1,.,.,.,B,B,B,B,terrain-beach-sand
96,68,B,beach-sand,C,1,.,.,.,B,B,B,B,terrain-beach-sand
97,68,B,beach-sand,C,1,.,.,.,B,B,B,B,terrain-beach-sand
98,68,B,beach-sand,C,1,.,.,.,B,X,B,B,terrain-beach-sand
99,68,X,cliff-mountain,M,1,#,.,.,X,VOID,X,B,terrain-cliff-mountain
0,69,X,cliff-mountain,M,1,#,.,.,X,S,X,VOID,terrain-cliff-mountain
1,69,S,wasteland-sand,D,1,.,.,.,S,S,S,X,terrain-wasteland-sand
2,69,S,wasteland-sand,D,1,.,.,.,S,S,S,S,terrain-wasteland-sand
3,69,S,wasteland-sand,D,1,.,.,.,S,S,S,S,terrain-wasteland-sand
4,69,S,wasteland-sand,D,1,.,.,.,S,S,S,S,terrain-wasteland-sand
5,69,S,wasteland-sand,D,1,.,.,.,S,S,S,S,terrain-wasteland-sand
6,69,S,wasteland-sand,D,1,.,.,.,S,S,S,S,terrain-wasteland-sand
7,69,S,wasteland-sand,D,1,.,.,.,S,S,S,S,terrain-wasteland-sand
8,69,S,wasteland-sand,D,1,.,.,.,S,S,S,S,terrain-wasteland-sand
9,69,S,wasteland-sand,D,1,.,.,.,S,S,S,S,terrain-wasteland-sand
10,69,S,wasteland-sand,D,1,.,.,.,S,S,S,S,terrain-wasteland-sand
11,69,S,wasteland-sand,D,1,.,.,.,S,S,S,S,terrain-wasteland-sand
12,69,S,wasteland-sand,D,1,.,.,.,S,S,S,S,terrain-wasteland-sand
13,69,S,wasteland-sand,D,1,.,.,.,S,S,S,S,terrain-wasteland-sand
14,69,S,wasteland-sand,D,1,.,.,.,S,A,A,S,terrain-wasteland-sand
15,69,A,cracked-asphalt,D,1,.,M,.,S,A,A,S,terrain-cracked-asphalt
16,69,A,cracked-asphalt,G,1,.,M,.,A,A,A,A,terrain-cracked-asphalt
17,69,A,cracked-asphalt,G,1,.,M,.,A,D,A,A,terrain-cracked-asphalt
18,69,D,packed-dirt,G,1,.,M,.,D,D,A,A,terrain-packed-dirt
19,69,D,packed-dirt,G,1,.,M,.,D,D,A,D,terrain-packed-dirt
20,69,D,packed-dirt,G,1,.,M,G,D,D,A,D,terrain-packed-dirt
21,69,D,packed-dirt,G,1,.,M,G,D,D,A,D,terrain-packed-dirt
22,69,D,packed-dirt,G,1,.,M,G,D,D,S,D,terrain-packed-dirt
23,69,D,packed-dirt,G,1,.,M,G,D,D,S,D,terrain-packed-dirt
24,69,D,packed-dirt,G,1,.,.,G,D,D,S,D,terrain-packed-dirt
25,69,D,packed-dirt,G,1,.,.,G,D,D,S,D,terrain-packed-dirt
26,69,D,packed-dirt,G,1,.,.,G,D,D,S,D,terrain-packed-dirt
27,69,D,packed-dirt,G,1,.,.,G,D,D,S,D,terrain-packed-dirt
28,69,D,packed-dirt,G,1,.,.,G,D,D,S,D,terrain-packed-dirt
29,69,D,packed-dirt,G,1,.,.,.,D,D,S,D,terrain-packed-dirt
30,69,D,packed-dirt,G,1,.,.,.,D,D,S,D,terrain-packed-dirt
31,69,D,packed-dirt,G,1,.,.,.,D,D,S,D,terrain-packed-dirt
32,69,D,packed-dirt,G,1,.,S,.,D,D,S,D,terrain-packed-dirt
33,69,D,packed-dirt,G,1,.,S,.,D,D,D,D,terrain-packed-dirt
34,69,D,packed-dirt,D,1,.,S,.,D,S,D,D,terrain-packed-dirt
35,69,S,wasteland-sand,D,1,.,.,.,S,S,D,D,terrain-wasteland-sand
36,69,S,wasteland-sand,D,1,.,.,.,S,S,S,S,terrain-wasteland-sand
37,69,S,wasteland-sand,D,1,.,.,.,B,B,S,S,terrain-wasteland-sand
38,69,B,beach-sand,L,1,.,.,.,B,B,S,S,terrain-beach-sand
39,69,B,beach-sand,L,1,.,.,.,B,B,B,B,terrain-beach-sand
40,69,B,beach-sand,L,1,.,.,.,B,B,B,B,terrain-beach-sand
41,69,B,beach-sand,L,1,.,.,.,W,W,B,B,terrain-beach-sand
42,69,W,fresh-deep-water,L,0,#,.,.,W,W,B,B,terrain-fresh-water
43,69,W,fresh-deep-water,L,0,#,.,.,W,W,W,W,terrain-fresh-water
44,69,W,fresh-deep-water,L,0,#,.,.,W,W,W,W,terrain-fresh-water
45,69,W,fresh-deep-water,L,0,#,.,.,W,W,W,W,terrain-fresh-water
46,69,W,fresh-deep-water,L,0,#,.,.,W,W,W,W,terrain-fresh-water
47,69,W,fresh-deep-water,L,0,#,.,.,W,W,W,W,terrain-fresh-water
48,69,W,fresh-deep-water,L,0,#,.,.,W,W,W,W,terrain-fresh-water
49,69,W,fresh-deep-water,L,0,#,.,.,W,W,W,W,terrain-fresh-water
50,69,W,fresh-deep-water,L,0,#,.,.,W,W,W,W,terrain-fresh-water
51,69,W,fresh-deep-water,L,0,#,.,.,W,W,W,W,terrain-fresh-water
52,69,W,fresh-deep-water,L,0,#,.,.,W,W,W,W,terrain-fresh-water
53,69,W,fresh-deep-water,L,0,#,.,.,W,W,W,W,terrain-fresh-water
54,69,W,fresh-deep-water,L,0,#,.,.,W,W,W,W,terrain-fresh-water
55,69,W,fresh-deep-water,L,0,#,.,.,W,W,W,W,terrain-fresh-water
56,69,W,fresh-deep-water,L,0,#,.,.,W,B,B,W,terrain-fresh-water
57,69,B,beach-sand,L,1,.,.,L,W,B,B,W,terrain-beach-sand
58,69,B,beach-sand,L,1,.,.,L,W,W,B,B,terrain-beach-sand
59,69,W,fresh-deep-water,L,0,#,.,L,W,W,B,B,terrain-fresh-water
60,69,W,fresh-deep-water,L,0,#,.,L,W,W,f,W,terrain-fresh-water
61,69,W,fresh-deep-water,L,0,#,.,L,W,W,W,W,terrain-fresh-water
62,69,W,fresh-deep-water,L,0,#,.,L,f,f,W,W,terrain-fresh-water
63,69,f,farm-field,A,1,~,.,L,f,f,W,W,terrain-farm-field
64,69,f,farm-field,A,1,~,.,.,f,f,W,f,terrain-farm-field
65,69,f,farm-field,A,1,~,.,.,f,f,f,f,terrain-farm-field
66,69,f,farm-field,A,1,~,.,.,f,f,f,f,terrain-farm-field
67,69,f,farm-field,A,1,~,.,.,f,f,f,f,terrain-farm-field
68,69,f,farm-field,A,1,~,.,.,f,f,f,f,terrain-farm-field
69,69,f,farm-field,A,1,~,.,.,f,f,f,f,terrain-farm-field
70,69,f,farm-field,A,1,.,.,.,f,f,f,f,terrain-farm-field
71,69,f,farm-field,A,1,.,.,.,f,f,f,f,terrain-farm-field
72,69,f,farm-field,A,1,.,.,.,f,f,f,f,terrain-farm-field
73,69,f,farm-field,A,1,.,.,.,f,f,f,f,terrain-farm-field
74,69,f,farm-field,A,1,.,.,.,f,f,f,f,terrain-farm-field
75,69,f,farm-field,A,1,.,.,.,f,f,f,f,terrain-farm-field
76,69,f,farm-field,A,1,.,.,.,f,f,f,f,terrain-farm-field
77,69,f,farm-field,A,1,.,.,.,f,f,f,f,terrain-farm-field
78,69,f,farm-field,A,1,.,.,.,f,B,f,f,terrain-farm-field
79,69,B,beach-sand,C,1,.,.,.,B,B,f,f,terrain-beach-sand
80,69,B,beach-sand,C,1,.,.,.,B,B,B,B,terrain-beach-sand
81,69,B,beach-sand,C,1,.,.,.,B,B,B,B,terrain-beach-sand
82,69,B,beach-sand,C,1,.,.,.,B,D,B,B,terrain-beach-sand
83,69,D,packed-dirt,C,1,.,S,.,D,D,D,B,terrain-packed-dirt
84,69,D,packed-dirt,C,1,.,S,.,D,D,D,D,terrain-packed-dirt
85,69,D,packed-dirt,C,1,.,S,.,D,B,D,D,terrain-packed-dirt
86,69,B,beach-sand,C,1,.,.,.,B,B,B,D,terrain-beach-sand
87,69,B,beach-sand,C,1,.,.,.,B,B,B,B,terrain-beach-sand
88,69,B,beach-sand,C,1,.,.,.,B,B,B,B,terrain-beach-sand
89,69,B,beach-sand,C,1,.,.,.,B,B,B,B,terrain-beach-sand
90,69,B,beach-sand,C,1,.,.,.,B,D,D,B,terrain-beach-sand
91,69,D,packed-dirt,C,1,.,S,.,B,B,D,B,terrain-packed-dirt
92,69,B,beach-sand,C,1,.,.,.,B,B,D,D,terrain-beach-sand
93,69,B,beach-sand,C,1,.,.,.,B,B,B,B,terrain-beach-sand
94,69,B,beach-sand,C,1,.,.,.,B,B,B,B,terrain-beach-sand
95,69,B,beach-sand,C,1,.,.,.,B,B,B,B,terrain-beach-sand
96,69,B,beach-sand,C,1,.,.,.,B,B,B,B,terrain-beach-sand
97,69,B,beach-sand,C,1,.,.,.,B,B,B,B,terrain-beach-sand
98,69,B,beach-sand,C,1,.,.,.,B,X,B,B,terrain-beach-sand
99,69,X,cliff-mountain,M,1,#,.,.,X,VOID,O,B,terrain-cliff-mountain
0,70,X,cliff-mountain,M,1,#,.,.,X,S,X,VOID,terrain-cliff-mountain
1,70,S,wasteland-sand,D,1,.,.,.,S,S,S,X,terrain-wasteland-sand
2,70,S,wasteland-sand,D,1,.,.,.,S,S,S,S,terrain-wasteland-sand
3,70,S,wasteland-sand,D,1,.,.,.,S,S,S,S,terrain-wasteland-sand
4,70,S,wasteland-sand,D,1,.,.,.,S,S,S,S,terrain-wasteland-sand
5,70,S,wasteland-sand,D,1,.,.,.,S,S,S,S,terrain-wasteland-sand
6,70,S,wasteland-sand,D,1,.,.,.,S,S,S,S,terrain-wasteland-sand
7,70,S,wasteland-sand,D,1,.,.,.,S,S,S,S,terrain-wasteland-sand
8,70,S,wasteland-sand,D,1,.,.,.,S,S,S,S,terrain-wasteland-sand
9,70,S,wasteland-sand,D,1,.,.,.,S,S,S,S,terrain-wasteland-sand
10,70,S,wasteland-sand,D,1,.,.,.,S,S,S,S,terrain-wasteland-sand
11,70,S,wasteland-sand,D,1,.,.,.,S,S,S,S,terrain-wasteland-sand
12,70,S,wasteland-sand,D,1,.,.,.,S,S,S,S,terrain-wasteland-sand
13,70,S,wasteland-sand,D,1,.,.,.,S,A,A,S,terrain-wasteland-sand
14,70,A,cracked-asphalt,D,1,.,M,.,S,A,A,S,terrain-cracked-asphalt
15,70,A,cracked-asphalt,D,1,.,M,.,A,A,A,A,terrain-cracked-asphalt
16,70,A,cracked-asphalt,G,1,.,M,.,A,A,A,A,terrain-cracked-asphalt
17,70,A,cracked-asphalt,G,1,.,M,.,A,A,A,A,terrain-cracked-asphalt
18,70,A,cracked-asphalt,G,1,.,M,.,D,A,A,A,terrain-cracked-asphalt
19,70,A,cracked-asphalt,G,1,.,M,.,D,A,A,A,terrain-cracked-asphalt
20,70,A,cracked-asphalt,G,1,.,M,.,D,A,A,A,terrain-cracked-asphalt
21,70,A,cracked-asphalt,G,1,.,M,G,D,S,S,A,terrain-cracked-asphalt
22,70,S,wasteland-sand,G,1,.,.,G,D,S,S,A,terrain-wasteland-sand
23,70,S,wasteland-sand,G,1,.,.,G,D,S,S,S,terrain-wasteland-sand
24,70,S,wasteland-sand,G,1,.,.,G,D,S,S,S,terrain-wasteland-sand
25,70,S,wasteland-sand,G,1,.,.,G,D,S,S,S,terrain-wasteland-sand
26,70,S,wasteland-sand,G,1,.,.,G,D,S,S,S,terrain-wasteland-sand
27,70,S,wasteland-sand,G,1,.,.,G,D,S,S,S,terrain-wasteland-sand
28,70,S,wasteland-sand,G,1,.,.,.,D,S,S,S,terrain-wasteland-sand
29,70,S,wasteland-sand,G,1,.,.,.,D,S,S,S,terrain-wasteland-sand
30,70,S,wasteland-sand,G,1,.,.,.,D,S,S,S,terrain-wasteland-sand
31,70,S,wasteland-sand,G,1,.,.,.,D,S,S,S,terrain-wasteland-sand
32,70,S,wasteland-sand,G,1,.,.,.,D,D,S,S,terrain-wasteland-sand
33,70,D,packed-dirt,G,1,.,S,.,D,D,S,S,terrain-packed-dirt
34,70,D,packed-dirt,D,1,.,S,.,D,D,D,D,terrain-packed-dirt
35,70,D,packed-dirt,D,1,.,S,.,S,S,D,D,terrain-packed-dirt
36,70,S,wasteland-sand,D,1,.,.,.,S,S,D,D,terrain-wasteland-sand
37,70,S,wasteland-sand,D,1,.,.,.,S,S,S,S,terrain-wasteland-sand
38,70,S,wasteland-sand,D,1,.,.,.,B,B,S,S,terrain-wasteland-sand
39,70,B,beach-sand,L,1,.,.,.,B,B,B,S,terrain-beach-sand
40,70,B,beach-sand,L,1,.,.,D,B,B,B,B,terrain-beach-sand
41,70,B,beach-sand,L,1,.,.,.,B,B,B,B,terrain-beach-sand
42,70,B,beach-sand,L,1,.,.,.,W,W,B,B,terrain-beach-sand
43,70,W,fresh-deep-water,L,0,#,.,.,W,W,B,B,terrain-fresh-water
44,70,W,fresh-deep-water,L,0,#,.,.,W,W,B,W,terrain-fresh-water
45,70,W,fresh-deep-water,L,0,#,.,.,W,W,W,W,terrain-fresh-water
46,70,W,fresh-deep-water,L,0,#,.,.,W,W,W,W,terrain-fresh-water
47,70,W,fresh-deep-water,L,0,#,.,.,W,W,W,W,terrain-fresh-water
48,70,W,fresh-deep-water,L,0,#,.,.,W,W,W,W,terrain-fresh-water
49,70,W,fresh-deep-water,L,0,#,.,.,W,W,W,W,terrain-fresh-water
50,70,W,fresh-deep-water,L,0,#,.,.,W,W,W,W,terrain-fresh-water
51,70,W,fresh-deep-water,L,0,#,.,.,W,W,W,W,terrain-fresh-water
52,70,W,fresh-deep-water,L,0,#,.,.,W,W,W,W,terrain-fresh-water
53,70,W,fresh-deep-water,L,0,#,.,.,W,W,W,W,terrain-fresh-water
54,70,W,fresh-deep-water,L,0,#,.,.,W,W,B,W,terrain-fresh-water
55,70,W,fresh-deep-water,L,0,#,.,.,W,B,B,W,terrain-fresh-water
56,70,B,beach-sand,L,1,.,.,.,W,B,B,W,terrain-beach-sand
57,70,B,beach-sand,L,1,.,.,.,B,B,B,B,terrain-beach-sand
58,70,B,beach-sand,L,1,.,.,.,B,B,B,B,terrain-beach-sand
59,70,B,beach-sand,L,1,.,.,.,W,f,B,B,terrain-beach-sand
60,70,f,farm-field,A,1,.,.,L,W,W,f,B,terrain-farm-field
61,70,W,fresh-deep-water,L,0,#,.,.,W,W,f,f,terrain-fresh-water
62,70,W,fresh-deep-water,L,0,#,.,.,W,W,W,W,terrain-fresh-water
63,70,W,fresh-deep-water,L,0,#,.,.,f,W,W,W,terrain-fresh-water
64,70,W,fresh-deep-water,L,0,#,.,.,f,f,W,W,terrain-fresh-water
65,70,f,farm-field,A,1,~,.,.,f,f,W,W,terrain-farm-field
66,70,f,farm-field,A,1,~,.,.,f,f,f,f,terrain-farm-field
67,70,f,farm-field,A,1,~,.,.,f,f,f,f,terrain-farm-field
68,70,f,farm-field,A,1,~,.,.,f,f,f,f,terrain-farm-field
69,70,f,farm-field,A,1,~,.,.,f,f,f,f,terrain-farm-field
70,70,f,farm-field,A,1,.,.,.,f,f,f,f,terrain-farm-field
71,70,f,farm-field,A,1,.,.,.,f,f,f,f,terrain-farm-field
72,70,f,farm-field,A,1,.,.,.,f,f,f,f,terrain-farm-field
73,70,f,farm-field,A,1,.,.,.,f,f,f,f,terrain-farm-field
74,70,f,farm-field,A,1,.,.,.,f,f,f,f,terrain-farm-field
75,70,f,farm-field,A,1,.,.,.,f,f,f,f,terrain-farm-field
76,70,f,farm-field,A,1,.,.,.,f,f,f,f,terrain-farm-field
77,70,f,farm-field,A,1,.,.,.,f,f,f,f,terrain-farm-field
78,70,f,farm-field,A,1,.,.,.,f,f,f,f,terrain-farm-field
79,70,f,farm-field,A,1,.,.,.,B,B,f,f,terrain-farm-field
80,70,B,beach-sand,C,1,.,.,.,B,B,f,f,terrain-beach-sand
81,70,B,beach-sand,C,1,.,.,.,B,B,B,B,terrain-beach-sand
82,70,B,beach-sand,C,1,.,.,.,B,D,B,B,terrain-beach-sand
83,70,D,packed-dirt,C,1,.,S,.,D,D,B,B,terrain-packed-dirt
84,70,D,packed-dirt,C,1,.,S,.,D,D,D,D,terrain-packed-dirt
85,70,D,packed-dirt,C,1,.,S,.,D,B,D,D,terrain-packed-dirt
86,70,B,beach-sand,C,1,.,.,.,B,B,D,D,terrain-beach-sand
87,70,B,beach-sand,C,1,.,.,.,B,B,B,B,terrain-beach-sand
88,70,B,beach-sand,C,1,.,.,.,B,B,B,B,terrain-beach-sand
89,70,B,beach-sand,C,1,.,.,.,B,D,B,B,terrain-beach-sand
90,70,D,packed-dirt,C,1,.,S,.,B,D,D,B,terrain-packed-dirt
91,70,D,packed-dirt,C,1,.,S,.,D,D,D,D,terrain-packed-dirt
92,70,D,packed-dirt,C,1,.,S,.,B,B,D,D,terrain-packed-dirt
93,70,B,beach-sand,C,1,.,.,.,B,B,B,D,terrain-beach-sand
94,70,B,beach-sand,C,1,.,.,.,B,B,B,B,terrain-beach-sand
95,70,B,beach-sand,C,1,.,.,.,B,B,B,B,terrain-beach-sand
96,70,B,beach-sand,C,1,.,.,.,B,B,B,B,terrain-beach-sand
97,70,B,beach-sand,C,1,.,.,.,B,B,B,B,terrain-beach-sand
98,70,B,beach-sand,C,1,.,.,.,B,O,B,B,terrain-beach-sand
99,70,O,sea-water,S,1,#,.,.,X,VOID,O,B,terrain-sea-water
0,71,X,cliff-mountain,M,1,#,.,.,X,S,X,VOID,terrain-cliff-mountain
1,71,S,wasteland-sand,D,1,.,.,.,S,S,S,X,terrain-wasteland-sand
2,71,S,wasteland-sand,D,1,.,.,.,S,S,S,S,terrain-wasteland-sand
3,71,S,wasteland-sand,D,1,.,.,.,S,S,S,S,terrain-wasteland-sand
4,71,S,wasteland-sand,D,1,.,.,.,S,S,S,S,terrain-wasteland-sand
5,71,S,wasteland-sand,D,1,.,.,.,S,S,S,S,terrain-wasteland-sand
6,71,S,wasteland-sand,D,1,.,.,.,S,S,S,S,terrain-wasteland-sand
7,71,S,wasteland-sand,D,1,.,.,.,S,S,S,S,terrain-wasteland-sand
8,71,S,wasteland-sand,D,1,.,.,.,S,S,S,S,terrain-wasteland-sand
9,71,S,wasteland-sand,D,1,.,.,.,S,S,S,S,terrain-wasteland-sand
10,71,S,wasteland-sand,D,1,.,.,.,S,S,S,S,terrain-wasteland-sand
11,71,S,wasteland-sand,D,1,.,.,.,S,S,S,S,terrain-wasteland-sand
12,71,S,wasteland-sand,D,1,.,.,.,S,A,A,S,terrain-wasteland-sand
13,71,A,cracked-asphalt,D,1,.,M,.,S,A,A,S,terrain-cracked-asphalt
14,71,A,cracked-asphalt,D,1,.,M,.,A,A,A,A,terrain-cracked-asphalt
15,71,A,cracked-asphalt,D,1,.,M,.,A,A,A,A,terrain-cracked-asphalt
16,71,A,cracked-asphalt,G,1,.,M,.,A,A,A,A,terrain-cracked-asphalt
17,71,A,cracked-asphalt,G,1,.,M,.,A,A,A,A,terrain-cracked-asphalt
18,71,A,cracked-asphalt,G,1,.,M,.,A,A,A,A,terrain-cracked-asphalt
19,71,A,cracked-asphalt,G,1,.,M,.,A,A,A,A,terrain-cracked-asphalt
20,71,A,cracked-asphalt,G,1,.,M,.,A,S,S,A,terrain-cracked-asphalt
21,71,S,wasteland-sand,G,1,.,.,.,A,S,S,A,terrain-wasteland-sand
22,71,S,wasteland-sand,G,1,.,.,.,S,S,S,S,terrain-wasteland-sand
23,71,S,wasteland-sand,G,1,.,.,.,S,S,S,S,terrain-wasteland-sand
24,71,S,wasteland-sand,G,1,.,.,G,S,S,S,S,terrain-wasteland-sand
25,71,S,wasteland-sand,G,1,.,.,.,S,S,S,S,terrain-wasteland-sand
26,71,S,wasteland-sand,G,1,.,.,.,S,S,S,S,terrain-wasteland-sand
27,71,S,wasteland-sand,G,1,.,.,.,S,S,S,S,terrain-wasteland-sand
28,71,S,wasteland-sand,G,1,.,.,.,S,S,S,S,terrain-wasteland-sand
29,71,S,wasteland-sand,G,1,.,.,.,S,S,S,S,terrain-wasteland-sand
30,71,S,wasteland-sand,G,1,.,.,.,S,S,S,S,terrain-wasteland-sand
31,71,S,wasteland-sand,G,1,.,.,.,S,S,S,S,terrain-wasteland-sand
32,71,S,wasteland-sand,G,1,.,.,.,S,S,S,S,terrain-wasteland-sand
33,71,S,wasteland-sand,G,1,.,.,.,D,D,S,S,terrain-wasteland-sand
34,71,D,packed-dirt,D,1,.,S,.,D,D,S,S,terrain-packed-dirt
35,71,D,packed-dirt,D,1,.,S,.,D,D,D,D,terrain-packed-dirt
36,71,D,packed-dirt,D,1,.,S,.,S,S,D,D,terrain-packed-dirt
37,71,S,wasteland-sand,D,1,.,.,D,S,S,D,D,terrain-wasteland-sand
38,71,S,wasteland-sand,D,1,.,.,D,S,B,S,S,terrain-wasteland-sand
39,71,B,beach-sand,L,1,.,.,D,B,B,S,S,terrain-beach-sand
40,71,B,beach-sand,L,1,.,.,D,B,B,S,B,terrain-beach-sand
41,71,B,beach-sand,L,1,.,.,D,B,B,B,B,terrain-beach-sand
42,71,B,beach-sand,L,1,.,.,D,B,B,B,B,terrain-beach-sand
43,71,B,beach-sand,L,1,.,.,D,W,B,B,B,terrain-beach-sand
44,71,B,beach-sand,L,1,.,.,.,W,W,B,B,terrain-beach-sand
45,71,W,fresh-deep-water,L,0,#,.,.,W,W,B,B,terrain-fresh-water
46,71,W,fresh-deep-water,L,0,#,.,.,W,W,B,W,terrain-fresh-water
47,71,W,fresh-deep-water,L,0,#,.,.,W,W,B,W,terrain-fresh-water
48,71,W,fresh-deep-water,L,0,#,.,.,W,W,B,W,terrain-fresh-water
49,71,W,fresh-deep-water,L,0,#,.,.,W,W,W,W,terrain-fresh-water
50,71,W,fresh-deep-water,L,0,#,.,.,W,W,B,W,terrain-fresh-water
51,71,W,fresh-deep-water,L,0,#,.,.,W,W,B,W,terrain-fresh-water
52,71,W,fresh-deep-water,L,0,#,.,.,W,W,B,W,terrain-fresh-water
53,71,W,fresh-deep-water,L,0,#,.,.,W,B,f,W,terrain-fresh-water
54,71,B,beach-sand,L,1,.,.,.,W,B,f,W,terrain-beach-sand
55,71,B,beach-sand,L,1,.,.,.,W,B,f,B,terrain-beach-sand
56,71,B,beach-sand,L,1,.,.,.,B,B,f,B,terrain-beach-sand
57,71,B,beach-sand,L,1,.,.,.,B,B,f,B,terrain-beach-sand
58,71,B,beach-sand,L,1,.,.,.,B,B,f,B,terrain-beach-sand
59,71,B,beach-sand,L,1,.,.,.,B,f,f,B,terrain-beach-sand
60,71,f,farm-field,A,1,.,.,.,f,f,f,B,terrain-farm-field
61,71,f,farm-field,A,1,.,.,.,W,W,f,f,terrain-farm-field
62,71,W,fresh-deep-water,L,0,#,.,.,W,W,f,f,terrain-fresh-water
63,71,W,fresh-deep-water,L,0,#,.,.,W,W,W,W,terrain-fresh-water
64,71,W,fresh-deep-water,L,0,#,.,.,W,W,W,W,terrain-fresh-water
65,71,W,fresh-deep-water,L,0,#,.,.,f,f,W,W,terrain-fresh-water
66,71,f,farm-field,A,1,~,.,.,f,f,W,W,terrain-farm-field
67,71,f,farm-field,A,1,~,.,.,f,f,f,f,terrain-farm-field
68,71,f,farm-field,A,1,~,.,.,f,f,f,f,terrain-farm-field
69,71,f,farm-field,A,1,~,.,.,f,f,f,f,terrain-farm-field
70,71,f,farm-field,A,1,.,.,.,f,f,f,f,terrain-farm-field
71,71,f,farm-field,A,1,.,.,.,f,f,f,f,terrain-farm-field
72,71,f,farm-field,A,1,.,.,.,f,f,f,f,terrain-farm-field
73,71,f,farm-field,A,1,.,.,.,f,f,f,f,terrain-farm-field
74,71,f,farm-field,A,1,.,.,.,f,f,f,f,terrain-farm-field
75,71,f,farm-field,A,1,.,.,.,f,f,f,f,terrain-farm-field
76,71,f,farm-field,A,1,.,.,.,f,f,f,f,terrain-farm-field
77,71,f,farm-field,A,1,.,.,.,f,f,f,f,terrain-farm-field
78,71,f,farm-field,A,1,.,.,.,f,f,f,f,terrain-farm-field
79,71,f,farm-field,A,1,.,.,.,f,f,f,f,terrain-farm-field
80,71,f,farm-field,A,1,.,.,.,B,B,f,f,terrain-farm-field
81,71,B,beach-sand,C,1,.,.,.,B,B,B,f,terrain-beach-sand
82,71,B,beach-sand,C,1,.,.,.,B,B,B,B,terrain-beach-sand
83,71,B,beach-sand,C,1,.,.,.,D,D,B,B,terrain-beach-sand
84,71,D,packed-dirt,C,1,.,S,.,D,D,D,B,terrain-packed-dirt
85,71,D,packed-dirt,C,1,.,S,.,D,D,D,D,terrain-packed-dirt
86,71,D,packed-dirt,C,1,.,S,.,B,B,D,D,terrain-packed-dirt
87,71,B,beach-sand,C,1,.,.,.,B,B,B,D,terrain-beach-sand
88,71,B,beach-sand,C,1,.,.,.,B,B,B,B,terrain-beach-sand
89,71,B,beach-sand,C,1,.,.,.,B,D,D,B,terrain-beach-sand
90,71,D,packed-dirt,C,1,.,S,.,D,D,D,B,terrain-packed-dirt
91,71,D,packed-dirt,C,1,.,S,.,D,D,D,D,terrain-packed-dirt
92,71,D,packed-dirt,C,1,.,S,.,D,B,B,D,terrain-packed-dirt
93,71,B,beach-sand,C,1,.,.,.,B,B,B,D,terrain-beach-sand
94,71,B,beach-sand,C,1,.,.,.,B,B,B,B,terrain-beach-sand
95,71,B,beach-sand,C,1,.,.,.,B,B,B,B,terrain-beach-sand
96,71,B,beach-sand,C,1,.,.,.,B,B,B,B,terrain-beach-sand
97,71,B,beach-sand,C,1,.,.,.,B,B,B,B,terrain-beach-sand
98,71,B,beach-sand,C,1,.,.,.,B,O,B,B,terrain-beach-sand
99,71,O,sea-water,S,1,#,.,.,O,VOID,O,B,terrain-sea-water
0,72,X,cliff-mountain,M,1,#,.,.,X,S,X,VOID,terrain-cliff-mountain
1,72,S,wasteland-sand,D,1,.,.,.,S,S,S,X,terrain-wasteland-sand
2,72,S,wasteland-sand,D,1,.,.,.,S,S,S,S,terrain-wasteland-sand
3,72,S,wasteland-sand,D,1,.,.,.,S,S,S,S,terrain-wasteland-sand
4,72,S,wasteland-sand,D,1,.,.,.,S,S,S,S,terrain-wasteland-sand
5,72,S,wasteland-sand,D,1,.,.,.,S,S,S,S,terrain-wasteland-sand
6,72,S,wasteland-sand,D,1,.,.,.,S,S,S,S,terrain-wasteland-sand
7,72,S,wasteland-sand,D,1,.,.,.,S,S,S,S,terrain-wasteland-sand
8,72,S,wasteland-sand,D,1,.,.,.,S,S,S,S,terrain-wasteland-sand
9,72,S,wasteland-sand,D,1,.,.,.,S,S,S,S,terrain-wasteland-sand
10,72,S,wasteland-sand,D,1,.,.,.,S,S,A,S,terrain-wasteland-sand
11,72,S,wasteland-sand,D,1,.,.,.,S,A,A,S,terrain-wasteland-sand
12,72,A,cracked-asphalt,D,1,.,M,.,S,A,A,S,terrain-cracked-asphalt
13,72,A,cracked-asphalt,D,1,.,M,.,A,A,A,A,terrain-cracked-asphalt
14,72,A,cracked-asphalt,D,1,.,M,.,A,A,A,A,terrain-cracked-asphalt
15,72,A,cracked-asphalt,D,1,.,M,.,A,A,A,A,terrain-cracked-asphalt
16,72,A,cracked-asphalt,G,1,.,M,.,A,A,A,A,terrain-cracked-asphalt
17,72,A,cracked-asphalt,G,1,.,M,.,A,A,A,A,terrain-cracked-asphalt
18,72,A,cracked-asphalt,G,1,.,M,.,A,A,S,A,terrain-cracked-asphalt
19,72,A,cracked-asphalt,G,1,.,M,.,A,S,S,A,terrain-cracked-asphalt
20,72,S,wasteland-sand,G,1,.,.,.,A,S,S,A,terrain-wasteland-sand
21,72,S,wasteland-sand,G,1,.,.,.,S,S,S,S,terrain-wasteland-sand
22,72,S,wasteland-sand,G,1,.,.,.,S,S,S,S,terrain-wasteland-sand
23,72,S,wasteland-sand,G,1,.,.,.,S,S,S,S,terrain-wasteland-sand
24,72,S,wasteland-sand,G,1,.,.,.,S,S,S,S,terrain-wasteland-sand
25,72,S,wasteland-sand,G,1,.,.,.,S,S,S,S,terrain-wasteland-sand
26,72,S,wasteland-sand,G,1,.,.,.,S,S,S,S,terrain-wasteland-sand
27,72,S,wasteland-sand,G,1,.,.,.,S,S,S,S,terrain-wasteland-sand
28,72,S,wasteland-sand,G,1,.,.,.,S,S,S,S,terrain-wasteland-sand
29,72,S,wasteland-sand,G,1,.,.,.,S,S,S,S,terrain-wasteland-sand
30,72,S,wasteland-sand,G,1,.,.,.,S,S,S,S,terrain-wasteland-sand
31,72,S,wasteland-sand,G,1,.,.,.,S,S,S,S,terrain-wasteland-sand
32,72,S,wasteland-sand,G,1,.,.,.,S,S,S,S,terrain-wasteland-sand
33,72,S,wasteland-sand,G,1,.,.,.,S,S,S,S,terrain-wasteland-sand
34,72,S,wasteland-sand,D,1,.,.,.,D,D,S,S,terrain-wasteland-sand
35,72,D,packed-dirt,D,1,.,S,.,D,D,S,S,terrain-packed-dirt
36,72,D,packed-dirt,D,1,.,S,D,D,D,D,D,terrain-packed-dirt
37,72,D,packed-dirt,D,1,.,S,D,S,S,D,D,terrain-packed-dirt
38,72,S,wasteland-sand,D,1,.,.,D,S,S,D,D,terrain-wasteland-sand
39,72,S,wasteland-sand,D,1,.,.,D,B,S,S,S,terrain-wasteland-sand
40,72,S,wasteland-sand,D,1,.,.,D,B,B,S,S,terrain-wasteland-sand
41,72,B,beach-sand,L,1,.,.,D,B,B,S,S,terrain-beach-sand
42,72,B,beach-sand,L,1,.,.,D,B,B,B,B,terrain-beach-sand
43,72,B,beach-sand,L,1,.,.,D,B,B,B,B,terrain-beach-sand
44,72,B,beach-sand,L,1,.,.,D,B,B,B,B,terrain-beach-sand
45,72,B,beach-sand,L,1,.,.,.,W,B,B,B,terrain-beach-sand
46,72,B,beach-sand,L,1,.,.,.,W,B,B,B,terrain-beach-sand
47,72,B,beach-sand,L,1,.,.,.,W,B,B,B,terrain-beach-sand
48,72,B,beach-sand,L,1,.,.,.,W,W,B,B,terrain-beach-sand
49,72,W,fresh-deep-water,L,0,#,.,.,W,B,B,B,terrain-fresh-water
50,72,B,beach-sand,L,1,.,.,.,W,B,B,W,terrain-beach-sand
51,72,B,beach-sand,L,1,.,.,.,W,B,B,B,terrain-beach-sand
52,72,B,beach-sand,L,1,.,.,.,W,f,B,B,terrain-beach-sand
53,72,f,farm-field,A,1,~,.,.,W,f,f,B,terrain-farm-field
54,72,f,farm-field,A,1,~,.,.,B,f,f,f,terrain-farm-field
55,72,f,farm-field,A,1,~,.,.,B,f,f,f,terrain-farm-field
56,72,f,farm-field,A,1,~,.,.,B,f,f,f,terrain-farm-field
57,72,f,farm-field,A,1,~,.,.,B,f,f,f,terrain-farm-field
58,72,f,farm-field,A,1,~,.,.,B,f,f,f,terrain-farm-field
59,72,f,farm-field,A,1,~,.,.,B,f,f,f,terrain-farm-field
60,72,f,farm-field,A,1,~,.,.,f,f,f,f,terrain-farm-field
61,72,f,farm-field,A,1,.,.,.,f,f,f,f,terrain-farm-field
62,72,f,farm-field,A,1,~,.,.,W,W,f,f,terrain-farm-field
63,72,W,fresh-deep-water,L,0,#,.,.,W,W,f,f,terrain-fresh-water
64,72,W,fresh-deep-water,L,0,#,.,.,W,W,f,W,terrain-fresh-water
65,72,W,fresh-deep-water,L,0,#,.,.,W,W,W,W,terrain-fresh-water
66,72,W,fresh-deep-water,L,0,#,.,.,f,f,W,W,terrain-fresh-water
67,72,f,farm-field,A,1,~,.,.,f,f,W,W,terrain-farm-field
68,72,f,farm-field,A,1,~,.,.,f,f,H,f,terrain-farm-field
69,72,f,farm-field,A,1,~,.,.,f,f,H,f,terrain-farm-field
70,72,f,farm-field,A,1,~,.,.,f,f,H,f,terrain-farm-field
71,72,f,farm-field,A,1,~,.,.,f,f,f,f,terrain-farm-field
72,72,f,farm-field,A,1,~,.,.,f,f,f,f,terrain-farm-field
73,72,f,farm-field,A,1,~,.,.,f,f,f,f,terrain-farm-field
74,72,f,farm-field,A,1,~,.,.,f,f,f,f,terrain-farm-field
75,72,f,farm-field,A,1,~,.,.,f,f,f,f,terrain-farm-field
76,72,f,farm-field,A,1,~,.,.,f,f,f,f,terrain-farm-field
77,72,f,farm-field,A,1,~,.,.,f,f,f,f,terrain-farm-field
78,72,f,farm-field,A,1,.,.,.,f,f,f,f,terrain-farm-field
79,72,f,farm-field,A,1,.,.,.,f,f,f,f,terrain-farm-field
80,72,f,farm-field,A,1,.,.,.,f,B,f,f,terrain-farm-field
81,72,B,beach-sand,C,1,.,.,.,B,B,f,f,terrain-beach-sand
82,72,B,beach-sand,C,1,.,.,.,B,B,B,B,terrain-beach-sand
83,72,B,beach-sand,C,1,.,.,.,B,D,B,B,terrain-beach-sand
84,72,D,packed-dirt,C,1,.,S,.,D,D,D,B,terrain-packed-dirt
85,72,D,packed-dirt,C,1,.,S,.,D,D,D,D,terrain-packed-dirt
86,72,D,packed-dirt,C,1,.,S,.,D,B,D,D,terrain-packed-dirt
87,72,B,beach-sand,C,1,.,.,.,B,B,B,D,terrain-beach-sand
88,72,B,beach-sand,C,1,.,.,.,B,D,B,B,terrain-beach-sand
89,72,D,packed-dirt,C,1,.,S,.,B,D,D,B,terrain-packed-dirt
90,72,D,packed-dirt,C,1,.,S,.,D,D,D,D,terrain-packed-dirt
91,72,D,packed-dirt,C,1,.,S,.,D,B,D,D,terrain-packed-dirt
92,72,B,beach-sand,C,1,.,.,.,D,B,B,D,terrain-beach-sand
93,72,B,beach-sand,C,1,.,.,.,B,B,B,B,terrain-beach-sand
94,72,B,beach-sand,C,1,.,.,.,B,B,B,B,terrain-beach-sand
95,72,B,beach-sand,C,1,.,.,.,B,B,B,B,terrain-beach-sand
96,72,B,beach-sand,C,1,.,.,.,B,B,B,B,terrain-beach-sand
97,72,B,beach-sand,C,1,.,.,.,B,B,B,B,terrain-beach-sand
98,72,B,beach-sand,C,1,.,.,.,B,O,B,B,terrain-beach-sand
99,72,O,sea-water,S,1,#,.,.,O,VOID,O,B,terrain-sea-water
0,73,X,cliff-mountain,M,1,#,.,.,X,S,X,VOID,terrain-cliff-mountain
1,73,S,wasteland-sand,D,1,.,.,.,S,S,S,X,terrain-wasteland-sand
2,73,S,wasteland-sand,D,1,.,.,.,S,S,S,S,terrain-wasteland-sand
3,73,S,wasteland-sand,D,1,.,.,.,S,S,S,S,terrain-wasteland-sand
4,73,S,wasteland-sand,D,1,.,.,.,S,S,S,S,terrain-wasteland-sand
5,73,S,wasteland-sand,D,1,.,.,.,S,S,S,S,terrain-wasteland-sand
6,73,S,wasteland-sand,D,1,.,.,.,S,S,S,S,terrain-wasteland-sand
7,73,S,wasteland-sand,D,1,.,.,.,S,S,S,S,terrain-wasteland-sand
8,73,S,wasteland-sand,D,1,.,.,.,S,S,S,S,terrain-wasteland-sand
9,73,S,wasteland-sand,D,1,.,.,.,S,A,A,S,terrain-wasteland-sand
10,73,A,cracked-asphalt,D,1,.,M,.,S,A,A,S,terrain-cracked-asphalt
11,73,A,cracked-asphalt,D,1,.,M,.,S,A,A,A,terrain-cracked-asphalt
12,73,A,cracked-asphalt,D,1,.,M,.,A,A,A,A,terrain-cracked-asphalt
13,73,A,cracked-asphalt,D,1,.,M,.,A,A,A,A,terrain-cracked-asphalt
14,73,A,cracked-asphalt,D,1,.,M,.,A,A,A,A,terrain-cracked-asphalt
15,73,A,cracked-asphalt,D,1,.,M,.,A,A,A,A,terrain-cracked-asphalt
16,73,A,cracked-asphalt,D,1,.,M,.,A,A,A,A,terrain-cracked-asphalt
17,73,A,cracked-asphalt,D,1,.,M,.,A,S,S,A,terrain-cracked-asphalt
18,73,S,wasteland-sand,D,1,.,.,.,A,S,S,A,terrain-wasteland-sand
19,73,S,wasteland-sand,D,1,.,.,.,A,S,S,S,terrain-wasteland-sand
20,73,S,wasteland-sand,D,1,.,.,.,S,S,S,S,terrain-wasteland-sand
21,73,S,wasteland-sand,D,1,.,.,.,S,S,S,S,terrain-wasteland-sand
22,73,S,wasteland-sand,D,1,.,.,.,S,S,S,S,terrain-wasteland-sand
23,73,S,wasteland-sand,D,1,.,.,.,S,S,S,S,terrain-wasteland-sand
24,73,S,wasteland-sand,D,1,.,.,.,S,S,S,S,terrain-wasteland-sand
25,73,S,wasteland-sand,D,1,.,.,.,S,S,S,S,terrain-wasteland-sand
26,73,S,wasteland-sand,D,1,.,.,.,S,S,S,S,terrain-wasteland-sand
27,73,S,wasteland-sand,D,1,.,.,.,S,S,S,S,terrain-wasteland-sand
28,73,S,wasteland-sand,D,1,.,.,.,S,S,S,S,terrain-wasteland-sand
29,73,S,wasteland-sand,D,1,.,.,.,S,S,S,S,terrain-wasteland-sand
30,73,S,wasteland-sand,D,1,.,.,.,S,S,S,S,terrain-wasteland-sand
31,73,S,wasteland-sand,D,1,.,.,.,S,S,S,S,terrain-wasteland-sand
32,73,S,wasteland-sand,D,1,.,.,.,S,S,S,S,terrain-wasteland-sand
33,73,S,wasteland-sand,D,1,.,.,.,S,S,S,S,terrain-wasteland-sand
34,73,S,wasteland-sand,D,1,.,.,.,S,S,S,S,terrain-wasteland-sand
35,73,S,wasteland-sand,D,1,.,.,D,D,D,S,S,terrain-wasteland-sand
36,73,D,packed-dirt,D,1,.,S,D,D,D,D,S,terrain-packed-dirt
37,73,D,packed-dirt,D,1,.,S,D,D,D,D,D,terrain-packed-dirt
38,73,D,packed-dirt,D,1,.,S,D,S,S,D,D,terrain-packed-dirt
39,73,S,wasteland-sand,D,1,.,.,D,S,S,S,D,terrain-wasteland-sand
40,73,S,wasteland-sand,D,1,.,.,D,S,S,S,S,terrain-wasteland-sand
41,73,S,wasteland-sand,D,1,.,.,D,B,B,S,S,terrain-wasteland-sand
42,73,B,beach-sand,L,1,.,.,D,B,B,S,S,terrain-beach-sand
43,73,B,beach-sand,L,1,.,.,D,B,B,S,B,terrain-beach-sand
44,73,B,beach-sand,L,1,.,.,D,B,B,B,B,terrain-beach-sand
45,73,B,beach-sand,L,1,.,.,D,B,B,B,B,terrain-beach-sand
46,73,B,beach-sand,L,1,.,.,.,B,B,B,B,terrain-beach-sand
47,73,B,beach-sand,L,1,.,.,.,B,B,B,B,terrain-beach-sand
48,73,B,beach-sand,L,1,.,.,.,B,B,B,B,terrain-beach-sand
49,73,B,beach-sand,L,1,.,.,.,W,B,B,B,terrain-beach-sand
50,73,B,beach-sand,L,1,.,.,.,B,B,B,B,terrain-beach-sand
51,73,B,beach-sand,L,1,.,.,.,B,B,B,B,terrain-beach-sand
52,73,B,beach-sand,L,1,.,.,.,B,f,B,B,terrain-beach-sand
53,73,f,farm-field,A,1,~,.,.,f,f,f,B,terrain-farm-field
54,73,f,farm-field,A,1,~,.,.,f,f,f,f,terrain-farm-field
55,73,f,farm-field,A,1,~,.,.,f,f,f,f,terrain-farm-field
56,73,f,farm-field,A,1,~,.,.,f,f,f,f,terrain-farm-field
57,73,f,farm-field,A,1,~,.,.,f,f,f,f,terrain-farm-field
58,73,f,farm-field,A,1,~,.,.,f,f,f,f,terrain-farm-field
59,73,f,farm-field,A,1,~,.,.,f,f,f,f,terrain-farm-field
60,73,f,farm-field,A,1,~,.,.,f,f,f,f,terrain-farm-field
61,73,f,farm-field,A,1,.,.,.,f,f,f,f,terrain-farm-field
62,73,f,farm-field,A,1,~,.,.,f,f,f,f,terrain-farm-field
63,73,f,farm-field,A,1,~,.,.,W,f,f,f,terrain-farm-field
64,73,f,farm-field,A,1,~,.,.,W,W,f,f,terrain-farm-field
65,73,W,fresh-deep-water,L,0,#,.,.,W,W,f,f,terrain-fresh-water
66,73,W,fresh-deep-water,L,0,#,.,.,W,W,W,W,terrain-fresh-water
67,73,W,fresh-deep-water,L,0,#,.,.,f,H,H,W,terrain-fresh-water
68,73,H,wood-bridge,L,1,.,B,.,f,H,H,W,terrain-wood-bridge
69,73,H,wood-bridge,A,1,.,B,.,f,H,H,H,terrain-wood-bridge
70,73,H,wood-bridge,A,1,.,B,.,f,f,H,H,terrain-wood-bridge
71,73,f,farm-field,A,1,~,.,.,f,f,f,H,terrain-farm-field
72,73,f,farm-field,A,1,~,.,.,f,f,f,f,terrain-farm-field
73,73,f,farm-field,A,1,~,.,.,f,f,f,f,terrain-farm-field
74,73,f,farm-field,A,1,~,.,.,f,f,f,f,terrain-farm-field
75,73,f,farm-field,A,1,~,.,.,f,f,f,f,terrain-farm-field
76,73,f,farm-field,A,1,~,.,.,f,f,f,f,terrain-farm-field
77,73,f,farm-field,A,1,~,.,.,f,f,f,f,terrain-farm-field
78,73,f,farm-field,A,1,.,.,.,f,f,f,f,terrain-farm-field
79,73,f,farm-field,A,1,.,.,.,f,f,f,f,terrain-farm-field
80,73,f,farm-field,A,1,.,.,.,f,f,f,f,terrain-farm-field
81,73,f,farm-field,A,1,.,.,.,B,B,f,f,terrain-farm-field
82,73,B,beach-sand,C,1,.,.,.,B,B,B,f,terrain-beach-sand
83,73,B,beach-sand,C,1,.,.,.,B,D,B,B,terrain-beach-sand
84,73,D,packed-dirt,C,1,.,S,.,D,D,B,B,terrain-packed-dirt
85,73,D,packed-dirt,C,1,.,S,.,D,D,D,D,terrain-packed-dirt
86,73,D,packed-dirt,C,1,.,S,.,D,B,D,D,terrain-packed-dirt
87,73,B,beach-sand,C,1,.,.,.,B,B,D,D,terrain-beach-sand
88,73,B,beach-sand,C,1,.,.,.,B,D,B,B,terrain-beach-sand
89,73,D,packed-dirt,C,1,.,S,.,D,D,D,B,terrain-packed-dirt
90,73,D,packed-dirt,C,1,.,S,.,D,D,D,D,terrain-packed-dirt
91,73,D,packed-dirt,C,1,.,S,.,D,B,D,D,terrain-packed-dirt
92,73,B,beach-sand,C,1,.,.,.,B,B,B,D,terrain-beach-sand
93,73,B,beach-sand,C,1,.,.,.,B,B,B,B,terrain-beach-sand
94,73,B,beach-sand,C,1,.,.,.,B,B,B,B,terrain-beach-sand
95,73,B,beach-sand,C,1,.,.,.,B,B,B,B,terrain-beach-sand
96,73,B,beach-sand,C,1,.,.,.,B,B,B,B,terrain-beach-sand
97,73,B,beach-sand,C,1,.,.,.,B,B,B,B,terrain-beach-sand
98,73,B,beach-sand,C,1,.,.,.,B,O,B,B,terrain-beach-sand
99,73,O,sea-water,S,1,#,.,.,O,VOID,O,B,terrain-sea-water
0,74,X,cliff-mountain,M,1,#,.,.,X,S,X,VOID,terrain-cliff-mountain
1,74,S,wasteland-sand,D,1,.,.,.,S,S,S,X,terrain-wasteland-sand
2,74,S,wasteland-sand,D,1,.,.,.,S,S,S,S,terrain-wasteland-sand
3,74,S,wasteland-sand,D,1,.,.,.,S,S,S,S,terrain-wasteland-sand
4,74,S,wasteland-sand,D,1,.,.,.,S,S,S,S,terrain-wasteland-sand
5,74,S,wasteland-sand,D,1,.,.,.,S,S,S,S,terrain-wasteland-sand
6,74,S,wasteland-sand,D,1,.,.,.,S,S,S,S,terrain-wasteland-sand
7,74,S,wasteland-sand,D,1,.,.,.,S,S,S,S,terrain-wasteland-sand
8,74,S,wasteland-sand,D,1,.,.,.,S,A,A,S,terrain-wasteland-sand
9,74,A,cracked-asphalt,D,1,.,M,.,S,A,A,S,terrain-cracked-asphalt
10,74,A,cracked-asphalt,D,1,.,M,.,A,A,A,A,terrain-cracked-asphalt
11,74,A,cracked-asphalt,D,1,.,M,.,A,A,A,A,terrain-cracked-asphalt
12,74,A,cracked-asphalt,D,1,.,M,.,A,A,A,A,terrain-cracked-asphalt
13,74,A,cracked-asphalt,D,1,.,M,.,A,A,A,A,terrain-cracked-asphalt
14,74,A,cracked-asphalt,D,1,.,M,.,A,A,A,A,terrain-cracked-asphalt
15,74,A,cracked-asphalt,D,1,.,M,.,A,A,A,A,terrain-cracked-asphalt
16,74,A,cracked-asphalt,D,1,.,M,.,A,S,S,A,terrain-cracked-asphalt
17,74,S,wasteland-sand,D,1,.,.,.,A,S,S,A,terrain-wasteland-sand
18,74,S,wasteland-sand,D,1,.,.,.,S,S,S,S,terrain-wasteland-sand
19,74,S,wasteland-sand,D,1,.,.,.,S,S,S,S,terrain-wasteland-sand
20,74,S,wasteland-sand,D,1,.,.,.,S,S,S,S,terrain-wasteland-sand
21,74,S,wasteland-sand,D,1,.,.,.,S,S,S,S,terrain-wasteland-sand
22,74,S,wasteland-sand,D,1,.,.,.,S,S,S,S,terrain-wasteland-sand
23,74,S,wasteland-sand,D,1,.,.,.,S,S,S,S,terrain-wasteland-sand
24,74,S,wasteland-sand,D,1,.,.,.,S,S,S,S,terrain-wasteland-sand
25,74,S,wasteland-sand,D,1,.,.,.,S,S,S,S,terrain-wasteland-sand
26,74,S,wasteland-sand,D,1,.,.,.,S,S,S,S,terrain-wasteland-sand
27,74,S,wasteland-sand,D,1,.,.,.,S,S,S,S,terrain-wasteland-sand
28,74,S,wasteland-sand,D,1,.,.,.,S,S,S,S,terrain-wasteland-sand
29,74,S,wasteland-sand,D,1,.,.,.,S,S,S,S,terrain-wasteland-sand
30,74,S,wasteland-sand,D,1,.,.,.,S,S,S,S,terrain-wasteland-sand
31,74,S,wasteland-sand,D,1,.,.,.,S,S,S,S,terrain-wasteland-sand
32,74,S,wasteland-sand,D,1,.,.,.,S,S,S,S,terrain-wasteland-sand
33,74,S,wasteland-sand,D,1,.,.,.,S,S,S,S,terrain-wasteland-sand
34,74,S,wasteland-sand,D,1,.,.,D,S,S,S,S,terrain-wasteland-sand
35,74,S,wasteland-sand,D,1,.,.,D,S,D,S,S,terrain-wasteland-sand
36,74,D,packed-dirt,D,1,.,S,D,D,D,S,S,terrain-packed-dirt
37,74,D,packed-dirt,D,1,.,S,D,D,D,D,D,terrain-packed-dirt
38,74,D,packed-dirt,D,1,.,S,D,D,S,D,D,terrain-packed-dirt
39,74,S,wasteland-sand,D,1,.,.,D,S,S,D,D,terrain-wasteland-sand
40,74,S,wasteland-sand,D,1,.,.,D,S,S,S,S,terrain-wasteland-sand
41,74,S,wasteland-sand,D,1,.,.,D,S,S,S,S,terrain-wasteland-sand
42,74,S,wasteland-sand,D,1,.,.,D,B,S,S,S,terrain-wasteland-sand
43,74,S,wasteland-sand,D,1,.,.,D,B,B,S,S,terrain-wasteland-sand
44,74,B,beach-sand,L,1,.,.,D,B,B,S,S,terrain-beach-sand
45,74,B,beach-sand,L,1,.,.,D,B,B,S,B,terrain-beach-sand
46,74,B,beach-sand,L,1,.,.,D,B,B,S,B,terrain-beach-sand
47,74,B,beach-sand,L,1,.,.,.,B,B,S,B,terrain-beach-sand
48,74,B,beach-sand,L,1,.,.,.,B,B,S,B,terrain-beach-sand
49,74,B,beach-sand,L,1,.,.,.,B,B,B,B,terrain-beach-sand
50,74,B,beach-sand,L,1,.,.,.,B,B,f,B,terrain-beach-sand
51,74,B,beach-sand,L,1,.,.,.,B,B,f,B,terrain-beach-sand
52,74,B,beach-sand,L,1,.,.,.,B,f,f,B,terrain-beach-sand
53,74,f,farm-field,A,1,~,.,.,f,f,f,B,terrain-farm-field
54,74,f,farm-field,A,1,~,.,.,f,f,f,f,terrain-farm-field
55,74,f,farm-field,A,1,~,.,.,f,f,f,f,terrain-farm-field
56,74,f,farm-field,A,1,~,.,.,f,f,f,f,terrain-farm-field
57,74,f,farm-field,A,1,~,.,.,f,f,f,f,terrain-farm-field
58,74,f,farm-field,A,1,~,.,.,f,f,f,f,terrain-farm-field
59,74,f,farm-field,A,1,~,.,.,f,f,f,f,terrain-farm-field
60,74,f,farm-field,A,1,~,.,.,f,f,f,f,terrain-farm-field
61,74,f,farm-field,A,1,.,.,.,f,f,f,f,terrain-farm-field
62,74,f,farm-field,A,1,~,.,.,f,f,f,f,terrain-farm-field
63,74,f,farm-field,A,1,~,.,.,f,f,f,f,terrain-farm-field
64,74,f,farm-field,A,1,~,.,.,f,f,f,f,terrain-farm-field
65,74,f,farm-field,A,1,~,.,.,W,W,D,f,terrain-farm-field
66,74,W,fresh-deep-water,L,0,#,.,.,W,H,H,f,terrain-fresh-water
67,74,H,wood-bridge,L,1,.,B,.,W,H,H,W,terrain-wood-bridge
68,74,H,wood-bridge,L,1,.,B,.,H,H,H,H,terrain-wood-bridge
69,74,H,wood-bridge,L,1,.,B,.,H,H,H,H,terrain-wood-bridge
70,74,H,wood-bridge,A,1,.,B,.,H,f,H,H,terrain-wood-bridge
71,74,f,farm-field,A,1,~,.,.,f,f,W,H,terrain-farm-field
72,74,f,farm-field,A,1,~,.,.,f,f,f,f,terrain-farm-field
73,74,f,farm-field,A,1,~,.,.,f,f,f,f,terrain-farm-field
74,74,f,farm-field,A,1,~,.,.,f,f,f,f,terrain-farm-field
75,74,f,farm-field,A,1,~,.,.,f,f,f,f,terrain-farm-field
76,74,f,farm-field,A,1,~,.,.,f,f,f,f,terrain-farm-field
77,74,f,farm-field,A,1,~,.,.,f,f,f,f,terrain-farm-field
78,74,f,farm-field,A,1,.,.,.,f,f,f,f,terrain-farm-field
79,74,f,farm-field,A,1,.,.,.,f,f,f,f,terrain-farm-field
80,74,f,farm-field,A,1,.,.,.,f,f,f,f,terrain-farm-field
81,74,f,farm-field,A,1,.,.,.,f,B,f,f,terrain-farm-field
82,74,B,beach-sand,C,1,.,.,.,B,B,f,f,terrain-beach-sand
83,74,B,beach-sand,C,1,.,.,.,B,B,B,B,terrain-beach-sand
84,74,B,beach-sand,C,1,.,.,.,D,D,B,B,terrain-beach-sand
85,74,D,packed-dirt,C,1,.,S,.,D,D,D,B,terrain-packed-dirt
86,74,D,packed-dirt,C,1,.,S,.,D,D,D,D,terrain-packed-dirt
87,74,D,packed-dirt,C,1,.,S,.,B,B,D,D,terrain-packed-dirt
88,74,B,beach-sand,C,1,.,.,.,B,D,D,D,terrain-beach-sand
89,74,D,packed-dirt,C,1,.,S,.,D,D,D,B,terrain-packed-dirt
90,74,D,packed-dirt,C,1,.,S,.,D,D,D,D,terrain-packed-dirt
91,74,D,packed-dirt,C,1,.,S,.,D,B,B,D,terrain-packed-dirt
92,74,B,beach-sand,C,1,.,.,.,B,B,B,D,terrain-beach-sand
93,74,B,beach-sand,C,1,.,.,.,B,B,B,B,terrain-beach-sand
94,74,B,beach-sand,C,1,.,.,.,B,B,B,B,terrain-beach-sand
95,74,B,beach-sand,C,1,.,.,.,B,B,B,B,terrain-beach-sand
96,74,B,beach-sand,C,1,.,.,.,B,B,B,B,terrain-beach-sand
97,74,B,beach-sand,C,1,.,.,.,B,B,B,B,terrain-beach-sand
98,74,B,beach-sand,C,1,.,.,.,B,O,B,B,terrain-beach-sand
99,74,O,sea-water,S,1,#,.,.,O,VOID,O,B,terrain-sea-water
0,75,X,cliff-mountain,M,1,#,.,.,X,S,X,VOID,terrain-cliff-mountain
1,75,S,wasteland-sand,D,1,.,.,.,S,S,S,X,terrain-wasteland-sand
2,75,S,wasteland-sand,D,1,.,.,.,S,S,S,S,terrain-wasteland-sand
3,75,S,wasteland-sand,D,1,.,.,.,S,S,S,S,terrain-wasteland-sand
4,75,S,wasteland-sand,D,1,.,.,.,S,S,S,S,terrain-wasteland-sand
5,75,S,wasteland-sand,D,1,.,.,.,S,S,S,S,terrain-wasteland-sand
6,75,S,wasteland-sand,D,1,.,.,.,S,S,S,S,terrain-wasteland-sand
7,75,S,wasteland-sand,D,1,.,.,.,S,A,A,S,terrain-wasteland-sand
8,75,A,cracked-asphalt,D,1,.,M,.,S,A,A,S,terrain-cracked-asphalt
9,75,A,cracked-asphalt,D,1,.,M,.,A,A,A,A,terrain-cracked-asphalt
10,75,A,cracked-asphalt,D,1,.,M,.,A,A,A,A,terrain-cracked-asphalt
11,75,A,cracked-asphalt,D,1,.,M,.,A,A,A,A,terrain-cracked-asphalt
12,75,A,cracked-asphalt,D,1,.,M,.,A,A,A,A,terrain-cracked-asphalt
13,75,A,cracked-asphalt,D,1,.,M,.,A,A,A,A,terrain-cracked-asphalt
14,75,A,cracked-asphalt,D,1,.,M,.,A,A,A,A,terrain-cracked-asphalt
15,75,A,cracked-asphalt,D,1,.,M,.,A,S,S,A,terrain-cracked-asphalt
16,75,S,wasteland-sand,D,1,.,.,.,A,S,S,A,terrain-wasteland-sand
17,75,S,wasteland-sand,D,1,.,.,.,S,S,S,S,terrain-wasteland-sand
18,75,S,wasteland-sand,D,1,.,.,.,S,S,S,S,terrain-wasteland-sand
19,75,S,wasteland-sand,D,1,.,.,.,S,S,S,S,terrain-wasteland-sand
20,75,S,wasteland-sand,D,1,.,.,.,S,S,S,S,terrain-wasteland-sand
21,75,S,wasteland-sand,D,1,.,.,.,S,S,S,S,terrain-wasteland-sand
22,75,S,wasteland-sand,D,1,.,.,.,S,S,S,S,terrain-wasteland-sand
23,75,S,wasteland-sand,D,1,.,.,.,S,S,S,S,terrain-wasteland-sand
24,75,S,wasteland-sand,D,1,.,.,.,S,S,S,S,terrain-wasteland-sand
25,75,S,wasteland-sand,D,1,.,.,.,S,S,S,S,terrain-wasteland-sand
26,75,S,wasteland-sand,D,1,.,.,.,S,S,S,S,terrain-wasteland-sand
27,75,S,wasteland-sand,D,1,.,.,.,S,S,S,S,terrain-wasteland-sand
28,75,S,wasteland-sand,D,1,.,.,.,S,S,S,S,terrain-wasteland-sand
29,75,S,wasteland-sand,D,1,.,.,.,S,S,S,S,terrain-wasteland-sand
30,75,S,wasteland-sand,D,1,.,.,.,S,S,S,S,terrain-wasteland-sand
31,75,S,wasteland-sand,D,1,.,.,.,S,S,S,S,terrain-wasteland-sand
32,75,S,wasteland-sand,D,1,.,.,.,S,S,S,S,terrain-wasteland-sand
33,75,S,wasteland-sand,D,1,.,.,.,S,S,S,S,terrain-wasteland-sand
34,75,S,wasteland-sand,D,1,.,.,D,S,S,S,S,terrain-wasteland-sand
35,75,S,wasteland-sand,D,1,.,.,D,S,S,S,S,terrain-wasteland-sand
36,75,S,wasteland-sand,D,1,.,.,D,D,D,S,S,terrain-wasteland-sand
37,75,D,packed-dirt,D,1,.,S,D,D,D,S,S,terrain-packed-dirt
38,75,D,packed-dirt,D,1,.,S,D,D,D,D,D,terrain-packed-dirt
39,75,D,packed-dirt,D,1,.,S,D,S,S,D,D,terrain-packed-dirt
40,75,S,wasteland-sand,D,1,.,.,D,S,S,D,D,terrain-wasteland-sand
41,75,S,wasteland-sand,D,1,.,.,D,S,S,D,S,terrain-wasteland-sand
42,75,S,wasteland-sand,D,1,.,.,D,S,S,S,S,terrain-wasteland-sand
43,75,S,wasteland-sand,D,1,.,.,D,S,S,S,S,terrain-wasteland-sand
44,75,S,wasteland-sand,D,1,.,.,D,B,S,S,S,terrain-wasteland-sand
45,75,S,wasteland-sand,D,1,.,.,D,B,S,S,S,terrain-wasteland-sand
46,75,S,wasteland-sand,D,1,.,.,D,B,S,S,S,terrain-wasteland-sand
47,75,S,wasteland-sand,D,1,.,.,.,B,S,S,S,terrain-wasteland-sand
48,75,S,wasteland-sand,D,1,.,.,.,B,B,S,S,terrain-wasteland-sand
49,75,B,beach-sand,L,1,.,.,.,B,f,S,S,terrain-beach-sand
50,75,f,farm-field,A,1,.,.,.,B,f,f,B,terrain-farm-field
51,75,f,farm-field,A,1,.,.,.,B,f,f,f,terrain-farm-field
52,75,f,farm-field,A,1,.,.,.,B,f,f,f,terrain-farm-field
53,75,f,farm-field,A,1,~,.,.,f,f,f,f,terrain-farm-field
54,75,f,farm-field,A,1,~,.,.,f,f,f,f,terrain-farm-field
55,75,f,farm-field,A,1,~,.,.,f,f,f,f,terrain-farm-field
56,75,f,farm-field,A,1,~,.,.,f,f,f,f,terrain-farm-field
57,75,f,farm-field,A,1,~,.,.,f,f,f,f,terrain-farm-field
58,75,f,farm-field,A,1,~,.,.,f,f,f,f,terrain-farm-field
59,75,f,farm-field,A,1,~,.,.,f,f,f,f,terrain-farm-field
60,75,f,farm-field,A,1,~,.,.,f,f,f,f,terrain-farm-field
61,75,f,farm-field,A,1,.,.,.,f,f,D,f,terrain-farm-field
62,75,f,farm-field,A,1,.,.,.,f,f,D,f,terrain-farm-field
63,75,f,farm-field,A,1,.,.,.,f,f,D,f,terrain-farm-field
64,75,f,farm-field,A,1,.,.,.,f,D,D,f,terrain-farm-field
65,75,D,packed-dirt,A,1,.,S,.,f,H,D,f,terrain-packed-dirt
66,75,H,wood-bridge,A,1,.,B,.,W,H,H,D,terrain-wood-bridge
67,75,H,wood-bridge,L,1,.,B,.,H,H,H,H,terrain-wood-bridge
68,75,H,wood-bridge,L,1,.,B,.,H,H,H,H,terrain-wood-bridge
69,75,H,wood-bridge,L,1,.,B,.,H,H,H,H,terrain-wood-bridge
70,75,H,wood-bridge,L,1,.,B,.,H,W,W,H,terrain-wood-bridge
71,75,W,fresh-deep-water,L,0,#,.,.,f,f,W,H,terrain-fresh-water
72,75,f,farm-field,A,1,~,.,.,f,f,W,W,terrain-farm-field
73,75,f,farm-field,A,1,~,.,.,f,f,f,f,terrain-farm-field
74,75,f,farm-field,A,1,~,.,.,f,f,f,f,terrain-farm-field
75,75,f,farm-field,A,1,~,.,.,f,f,f,f,terrain-farm-field
76,75,f,farm-field,A,1,~,.,.,f,f,f,f,terrain-farm-field
77,75,f,farm-field,A,1,~,.,.,f,f,f,f,terrain-farm-field
78,75,f,farm-field,A,1,.,.,.,f,f,f,f,terrain-farm-field
79,75,f,farm-field,A,1,.,.,.,f,f,f,f,terrain-farm-field
80,75,f,farm-field,A,1,.,.,.,f,f,f,f,terrain-farm-field
81,75,f,farm-field,A,1,.,.,.,f,f,f,f,terrain-farm-field
82,75,f,farm-field,A,1,.,.,.,B,B,f,f,terrain-farm-field
83,75,B,beach-sand,C,1,.,.,.,B,B,f,f,terrain-beach-sand
84,75,B,beach-sand,C,1,.,.,.,B,D,D,B,terrain-beach-sand
85,75,D,packed-dirt,C,1,.,S,.,D,D,D,B,terrain-packed-dirt
86,75,D,packed-dirt,C,1,.,S,.,D,D,D,D,terrain-packed-dirt
87,75,D,packed-dirt,C,1,.,S,.,D,D,B,D,terrain-packed-dirt
88,75,D,packed-dirt,C,1,.,S,.,B,D,D,D,terrain-packed-dirt
89,75,D,packed-dirt,C,1,.,S,.,D,D,D,D,terrain-packed-dirt
90,75,D,packed-dirt,C,1,.,S,.,D,B,D,D,terrain-packed-dirt
91,75,B,beach-sand,C,1,.,.,.,D,B,B,D,terrain-beach-sand
92,75,B,beach-sand,C,1,.,.,.,B,B,B,B,terrain-beach-sand
93,75,B,beach-sand,C,1,.,.,.,B,B,B,B,terrain-beach-sand
94,75,B,beach-sand,C,1,.,.,.,B,B,B,B,terrain-beach-sand
95,75,B,beach-sand,C,1,.,.,.,B,B,B,B,terrain-beach-sand
96,75,B,beach-sand,C,1,.,.,.,B,B,B,B,terrain-beach-sand
97,75,B,beach-sand,C,1,.,.,.,B,B,B,B,terrain-beach-sand
98,75,B,beach-sand,C,1,.,.,.,B,O,B,B,terrain-beach-sand
99,75,O,sea-water,S,1,#,.,.,O,VOID,O,B,terrain-sea-water
0,76,X,cliff-mountain,M,1,#,.,.,X,S,X,VOID,terrain-cliff-mountain
1,76,S,wasteland-sand,D,1,.,.,.,S,S,S,X,terrain-wasteland-sand
2,76,S,wasteland-sand,D,1,.,.,.,S,S,S,S,terrain-wasteland-sand
3,76,S,wasteland-sand,D,1,.,.,.,S,S,S,S,terrain-wasteland-sand
4,76,S,wasteland-sand,D,1,.,.,.,S,S,S,S,terrain-wasteland-sand
5,76,S,wasteland-sand,D,1,.,.,.,S,S,S,S,terrain-wasteland-sand
6,76,S,wasteland-sand,D,1,.,.,.,S,A,A,S,terrain-wasteland-sand
7,76,A,cracked-asphalt,D,1,.,M,.,S,A,A,S,terrain-cracked-asphalt
8,76,A,cracked-asphalt,D,1,.,M,.,A,A,A,A,terrain-cracked-asphalt
9,76,A,cracked-asphalt,D,1,.,M,.,A,A,A,A,terrain-cracked-asphalt
10,76,A,cracked-asphalt,D,1,.,M,.,A,A,A,A,terrain-cracked-asphalt
11,76,A,cracked-asphalt,D,1,.,M,.,A,A,A,A,terrain-cracked-asphalt
12,76,A,cracked-asphalt,D,1,.,M,.,A,A,A,A,terrain-cracked-asphalt
13,76,A,cracked-asphalt,D,1,.,M,.,A,A,A,A,terrain-cracked-asphalt
14,76,A,cracked-asphalt,D,1,.,M,.,A,S,S,A,terrain-cracked-asphalt
15,76,S,wasteland-sand,D,1,.,.,.,A,S,S,A,terrain-wasteland-sand
16,76,S,wasteland-sand,D,1,.,.,.,S,S,S,S,terrain-wasteland-sand
17,76,S,wasteland-sand,D,1,.,.,.,S,S,S,S,terrain-wasteland-sand
18,76,S,wasteland-sand,D,1,.,.,.,S,S,S,S,terrain-wasteland-sand
19,76,S,wasteland-sand,D,1,.,.,.,S,S,S,S,terrain-wasteland-sand
20,76,S,wasteland-sand,D,1,.,.,.,S,S,S,S,terrain-wasteland-sand
21,76,S,wasteland-sand,D,1,.,.,.,S,S,S,S,terrain-wasteland-sand
22,76,S,wasteland-sand,D,1,.,.,.,S,S,S,S,terrain-wasteland-sand
23,76,S,wasteland-sand,D,1,.,.,.,S,S,S,S,terrain-wasteland-sand
24,76,S,wasteland-sand,D,1,.,.,.,S,S,S,S,terrain-wasteland-sand
25,76,S,wasteland-sand,D,1,.,.,.,S,S,S,S,terrain-wasteland-sand
26,76,S,wasteland-sand,D,1,.,.,.,S,S,S,S,terrain-wasteland-sand
27,76,S,wasteland-sand,D,1,.,.,.,S,S,S,S,terrain-wasteland-sand
28,76,S,wasteland-sand,D,1,.,.,.,S,S,S,S,terrain-wasteland-sand
29,76,S,wasteland-sand,D,1,.,.,.,S,S,S,S,terrain-wasteland-sand
30,76,S,wasteland-sand,D,1,.,.,.,S,S,S,S,terrain-wasteland-sand
31,76,S,wasteland-sand,D,1,.,.,.,S,S,S,S,terrain-wasteland-sand
32,76,S,wasteland-sand,D,1,.,.,.,S,S,S,S,terrain-wasteland-sand
33,76,S,wasteland-sand,D,1,.,.,.,S,S,S,S,terrain-wasteland-sand
34,76,S,wasteland-sand,D,1,.,.,D,S,S,S,S,terrain-wasteland-sand
35,76,S,wasteland-sand,D,1,.,.,D,S,S,S,S,terrain-wasteland-sand
36,76,S,wasteland-sand,D,1,.,.,D,S,S,S,S,terrain-wasteland-sand
37,76,S,wasteland-sand,D,1,.,.,D,D,D,S,S,terrain-wasteland-sand
38,76,D,packed-dirt,D,1,.,S,D,D,D,S,S,terrain-packed-dirt
39,76,D,packed-dirt,D,1,.,S,D,D,D,D,D,terrain-packed-dirt
40,76,D,packed-dirt,D,1,.,S,D,S,D,D,D,terrain-packed-dirt
41,76,D,packed-dirt,D,1,.,S,D,S,S,D,D,terrain-packed-dirt
42,76,S,wasteland-sand,D,1,.,.,D,S,S,D,D,terrain-wasteland-sand
43,76,S,wasteland-sand,D,1,.,.,D,S,S,D,S,terrain-wasteland-sand
44,76,S,wasteland-sand,D,1,.,.,D,S,S,D,S,terrain-wasteland-sand
45,76,S,wasteland-sand,D,1,.,.,D,S,S,S,S,terrain-wasteland-sand
46,76,S,wasteland-sand,D,1,.,.,D,S,S,S,S,terrain-wasteland-sand
47,76,S,wasteland-sand,D,1,.,.,.,S,S,S,S,terrain-wasteland-sand
48,76,S,wasteland-sand,D,1,.,.,.,S,S,S,S,terrain-wasteland-sand
49,76,S,wasteland-sand,D,1,.,.,.,B,f,S,S,terrain-wasteland-sand
50,76,f,farm-field,A,1,.,.,.,f,f,f,S,terrain-farm-field
51,76,f,farm-field,A,1,.,.,.,f,f,f,f,terrain-farm-field
52,76,f,farm-field,A,1,.,.,.,f,f,f,f,terrain-farm-field
53,76,f,farm-field,A,1,~,.,.,f,f,f,f,terrain-farm-field
54,76,f,farm-field,A,1,~,.,.,f,f,f,f,terrain-farm-field
55,76,f,farm-field,A,1,~,.,.,f,f,f,f,terrain-farm-field
56,76,f,farm-field,A,1,~,.,.,f,f,f,f,terrain-farm-field
57,76,f,farm-field,A,1,~,.,.,f,f,f,f,terrain-farm-field
58,76,f,farm-field,A,1,~,.,.,f,f,f,f,terrain-farm-field
59,76,f,farm-field,A,1,~,S,.,f,f,f,f,terrain-farm-field
60,76,f,farm-field,A,1,~,S,.,f,D,f,f,terrain-farm-field
61,76,D,packed-dirt,A,1,.,S,.,f,D,D,f,terrain-packed-dirt
62,76,D,packed-dirt,A,1,.,S,.,f,D,D,D,terrain-packed-dirt
63,76,D,packed-dirt,A,1,.,S,.,f,D,D,D,terrain-packed-dirt
64,76,D,packed-dirt,A,1,.,S,.,f,D,D,D,terrain-packed-dirt
65,76,D,packed-dirt,A,1,.,S,.,D,H,D,D,terrain-packed-dirt
66,76,H,wood-bridge,A,1,.,B,.,H,H,H,D,terrain-wood-bridge
67,76,H,wood-bridge,A,1,.,B,.,H,H,H,H,terrain-wood-bridge
68,76,H,wood-bridge,A,1,.,B,.,H,H,H,H,terrain-wood-bridge
69,76,H,wood-bridge,L,1,.,B,.,H,W,D,H,terrain-wood-bridge
70,76,W,fresh-deep-water,L,0,#,S,.,H,W,W,H,terrain-fresh-water
71,76,W,fresh-deep-water,L,0,#,S,.,W,W,W,W,terrain-fresh-water
72,76,W,fresh-deep-water,L,0,#,S,.,f,f,W,W,terrain-fresh-water
73,76,f,farm-field,A,1,~,.,.,f,f,W,W,terrain-farm-field
74,76,f,farm-field,A,1,~,.,.,f,f,f,f,terrain-farm-field
75,76,f,farm-field,A,1,~,.,.,f,f,f,f,terrain-farm-field
76,76,f,farm-field,A,1,~,.,.,f,f,f,f,terrain-farm-field
77,76,f,farm-field,A,1,~,.,.,f,f,f,f,terrain-farm-field
78,76,f,farm-field,A,1,.,.,.,f,f,f,f,terrain-farm-field
79,76,f,farm-field,A,1,.,.,.,f,f,f,f,terrain-farm-field
80,76,f,farm-field,A,1,.,.,.,f,f,f,f,terrain-farm-field
81,76,f,farm-field,A,1,.,.,.,f,f,f,f,terrain-farm-field
82,76,f,farm-field,A,1,.,.,C,f,f,f,f,terrain-farm-field
83,76,f,farm-field,A,1,.,.,.,B,D,D,f,terrain-farm-field
84,76,D,packed-dirt,C,1,.,S,.,B,D,D,f,terrain-packed-dirt
85,76,D,packed-dirt,C,1,.,S,.,D,D,D,D,terrain-packed-dirt
86,76,D,packed-dirt,C,1,.,S,.,D,B,B,D,terrain-packed-dirt
87,76,B,beach-sand,C,1,.,.,.,D,D,D,D,terrain-beach-sand
88,76,D,packed-dirt,C,1,.,S,.,D,D,D,B,terrain-packed-dirt
89,76,D,packed-dirt,C,1,.,S,.,D,D,D,D,terrain-packed-dirt
90,76,D,packed-dirt,C,1,.,S,.,D,B,B,D,terrain-packed-dirt
91,76,B,beach-sand,C,1,.,.,.,B,B,B,D,terrain-beach-sand
92,76,B,beach-sand,C,1,.,.,.,B,B,B,B,terrain-beach-sand
93,76,B,beach-sand,C,1,.,.,.,B,B,B,B,terrain-beach-sand
94,76,B,beach-sand,C,1,.,.,.,B,B,B,B,terrain-beach-sand
95,76,B,beach-sand,C,1,.,.,.,B,B,B,B,terrain-beach-sand
96,76,B,beach-sand,C,1,.,.,.,B,B,B,B,terrain-beach-sand
97,76,B,beach-sand,C,1,.,.,.,B,B,B,B,terrain-beach-sand
98,76,B,beach-sand,C,1,.,.,.,B,O,B,B,terrain-beach-sand
99,76,O,sea-water,S,1,#,.,.,O,VOID,O,B,terrain-sea-water
0,77,X,cliff-mountain,M,1,#,.,.,X,S,X,VOID,terrain-cliff-mountain
1,77,S,wasteland-sand,D,1,.,.,.,S,S,S,X,terrain-wasteland-sand
2,77,S,wasteland-sand,D,1,.,.,.,S,S,S,S,terrain-wasteland-sand
3,77,S,wasteland-sand,D,1,.,.,.,S,S,S,S,terrain-wasteland-sand
4,77,S,wasteland-sand,D,1,.,.,.,S,S,S,S,terrain-wasteland-sand
5,77,S,wasteland-sand,D,1,.,.,.,S,A,S,S,terrain-wasteland-sand
6,77,A,cracked-asphalt,D,1,.,M,.,S,A,A,S,terrain-cracked-asphalt
7,77,A,cracked-asphalt,D,1,.,M,.,A,A,A,A,terrain-cracked-asphalt
8,77,A,cracked-asphalt,D,1,.,M,.,A,A,A,A,terrain-cracked-asphalt
9,77,A,cracked-asphalt,D,1,.,M,.,A,A,A,A,terrain-cracked-asphalt
10,77,A,cracked-asphalt,D,1,.,M,.,A,A,A,A,terrain-cracked-asphalt
11,77,A,cracked-asphalt,D,1,.,M,.,A,A,A,A,terrain-cracked-asphalt
12,77,A,cracked-asphalt,D,1,.,M,.,A,A,S,A,terrain-cracked-asphalt
13,77,A,cracked-asphalt,D,1,.,M,.,A,S,S,A,terrain-cracked-asphalt
14,77,S,wasteland-sand,D,1,.,.,.,A,S,S,A,terrain-wasteland-sand
15,77,S,wasteland-sand,D,1,.,.,.,S,S,S,S,terrain-wasteland-sand
16,77,S,wasteland-sand,D,1,.,.,.,S,S,S,S,terrain-wasteland-sand
17,77,S,wasteland-sand,D,1,.,.,.,S,S,S,S,terrain-wasteland-sand
18,77,S,wasteland-sand,D,1,.,.,.,S,S,S,S,terrain-wasteland-sand
19,77,S,wasteland-sand,D,1,.,.,.,S,S,S,S,terrain-wasteland-sand
20,77,S,wasteland-sand,D,1,.,.,.,S,S,S,S,terrain-wasteland-sand
21,77,S,wasteland-sand,D,1,.,.,.,S,S,S,S,terrain-wasteland-sand
22,77,S,wasteland-sand,D,1,.,.,.,S,S,S,S,terrain-wasteland-sand
23,77,S,wasteland-sand,D,1,.,.,.,S,S,S,S,terrain-wasteland-sand
24,77,S,wasteland-sand,D,1,.,.,.,S,S,S,S,terrain-wasteland-sand
25,77,S,wasteland-sand,D,1,.,.,.,S,S,S,S,terrain-wasteland-sand
26,77,S,wasteland-sand,D,1,.,.,.,S,S,S,S,terrain-wasteland-sand
27,77,S,wasteland-sand,D,1,.,.,.,S,S,S,S,terrain-wasteland-sand
28,77,S,wasteland-sand,D,1,.,.,.,S,S,S,S,terrain-wasteland-sand
29,77,S,wasteland-sand,D,1,.,.,.,S,S,S,S,terrain-wasteland-sand
30,77,S,wasteland-sand,D,1,.,.,.,S,S,S,S,terrain-wasteland-sand
31,77,S,wasteland-sand,D,1,.,.,.,S,S,S,S,terrain-wasteland-sand
32,77,S,wasteland-sand,D,1,.,.,.,S,S,S,S,terrain-wasteland-sand
33,77,S,wasteland-sand,D,1,.,.,D,S,S,S,S,terrain-wasteland-sand
34,77,S,wasteland-sand,D,1,.,.,D,S,S,S,S,terrain-wasteland-sand
35,77,S,wasteland-sand,D,1,.,.,D,S,S,S,S,terrain-wasteland-sand
36,77,S,wasteland-sand,D,1,.,.,D,S,S,S,S,terrain-wasteland-sand
37,77,S,wasteland-sand,D,1,.,.,D,S,S,S,S,terrain-wasteland-sand
38,77,S,wasteland-sand,D,1,.,.,D,D,D,S,S,terrain-wasteland-sand
39,77,D,packed-dirt,D,1,.,S,D,D,D,S,S,terrain-packed-dirt
40,77,D,packed-dirt,D,1,.,S,D,D,D,D,D,terrain-packed-dirt
41,77,D,packed-dirt,D,1,.,S,D,D,D,D,D,terrain-packed-dirt
42,77,D,packed-dirt,D,1,.,S,D,S,D,D,D,terrain-packed-dirt
43,77,D,packed-dirt,D,1,.,S,D,S,D,D,D,terrain-packed-dirt
44,77,D,packed-dirt,D,1,.,S,D,S,S,D,D,terrain-packed-dirt
45,77,S,wasteland-sand,D,1,.,.,D,S,S,D,D,terrain-wasteland-sand
46,77,S,wasteland-sand,D,1,.,.,D,S,S,D,S,terrain-wasteland-sand
47,77,S,wasteland-sand,D,1,.,.,D,S,S,D,S,terrain-wasteland-sand
48,77,S,wasteland-sand,D,1,.,.,.,S,S,D,S,terrain-wasteland-sand
49,77,S,wasteland-sand,D,1,.,.,.,S,f,S,S,terrain-wasteland-sand
50,77,f,farm-field,A,1,.,.,.,f,f,f,S,terrain-farm-field
51,77,f,farm-field,A,1,.,.,.,f,f,f,f,terrain-farm-field
52,77,f,farm-field,A,1,.,.,.,f,f,D,f,terrain-farm-field
53,77,f,farm-field,A,1,~,.,.,f,f,f,f,terrain-farm-field
54,77,f,farm-field,A,1,~,.,.,f,f,f,f,terrain-farm-field
55,77,f,farm-field,A,1,~,S,.,f,f,f,f,terrain-farm-field
56,77,f,farm-field,A,1,~,S,.,f,f,f,f,terrain-farm-field
57,77,f,farm-field,A,1,~,S,.,f,f,f,f,terrain-farm-field
58,77,f,farm-field,A,1,~,S,.,f,f,f,f,terrain-farm-field
59,77,f,farm-field,A,1,~,S,.,f,f,f,f,terrain-farm-field
60,77,f,farm-field,A,1,~,S,.,f,D,f,f,terrain-farm-field
61,77,D,packed-dirt,A,1,.,S,.,D,D,D,f,terrain-packed-dirt
62,77,D,packed-dirt,A,1,.,S,.,D,D,D,D,terrain-packed-dirt
63,77,D,packed-dirt,A,1,.,S,.,D,D,D,D,terrain-packed-dirt
64,77,D,packed-dirt,A,1,.,S,.,D,D,D,D,terrain-packed-dirt
65,77,D,packed-dirt,A,1,.,S,.,D,H,f,D,terrain-packed-dirt
66,77,H,wood-bridge,A,1,.,B,.,H,H,f,D,terrain-wood-bridge
67,77,H,wood-bridge,A,1,.,B,.,H,H,f,H,terrain-wood-bridge
68,77,H,wood-bridge,A,1,.,B,.,H,D,f,H,terrain-wood-bridge
69,77,D,packed-dirt,A,1,.,S,.,H,W,f,H,terrain-packed-dirt
70,77,W,fresh-deep-water,L,0,#,S,.,W,W,f,D,terrain-fresh-water
71,77,W,fresh-deep-water,L,0,#,S,.,W,W,f,W,terrain-fresh-water
72,77,W,fresh-deep-water,L,0,#,S,.,W,W,W,W,terrain-fresh-water
73,77,W,fresh-deep-water,L,0,#,S,.,f,f,W,W,terrain-fresh-water
74,77,f,farm-field,A,1,~,.,.,f,f,W,W,terrain-farm-field
75,77,f,farm-field,A,1,~,.,.,f,f,f,f,terrain-farm-field
76,77,f,farm-field,A,1,~,.,.,f,f,f,f,terrain-farm-field
77,77,f,farm-field,A,1,~,.,.,f,f,f,f,terrain-farm-field
78,77,f,farm-field,A,1,.,.,.,f,f,f,f,terrain-farm-field
79,77,f,farm-field,A,1,.,.,C,f,f,f,f,terrain-farm-field
80,77,f,farm-field,A,1,.,.,C,f,f,f,f,terrain-farm-field
81,77,f,farm-field,A,1,.,.,C,f,f,f,f,terrain-farm-field
82,77,f,farm-field,A,1,.,.,C,f,D,D,f,terrain-farm-field
83,77,D,packed-dirt,A,1,.,S,C,f,D,D,f,terrain-packed-dirt
84,77,D,packed-dirt,C,1,.,S,C,D,D,D,D,terrain-packed-dirt
85,77,D,packed-dirt,C,1,.,S,C,D,B,B,D,terrain-packed-dirt
86,77,B,beach-sand,C,1,.,.,.,D,D,D,D,terrain-beach-sand
87,77,D,packed-dirt,C,1,.,S,.,B,D,D,B,terrain-packed-dirt
88,77,D,packed-dirt,C,1,.,S,.,D,D,D,D,terrain-packed-dirt
89,77,D,packed-dirt,C,1,.,S,.,D,B,D,D,terrain-packed-dirt
90,77,B,beach-sand,C,1,.,.,.,D,B,B,D,terrain-beach-sand
91,77,B,beach-sand,C,1,.,.,.,B,B,B,B,terrain-beach-sand
92,77,B,beach-sand,C,1,.,.,.,B,B,B,B,terrain-beach-sand
93,77,B,beach-sand,C,1,.,.,.,B,B,B,B,terrain-beach-sand
94,77,B,beach-sand,C,1,.,.,.,B,B,B,B,terrain-beach-sand
95,77,B,beach-sand,C,1,.,.,.,B,B,B,B,terrain-beach-sand
96,77,B,beach-sand,C,1,.,.,.,B,B,B,B,terrain-beach-sand
97,77,B,beach-sand,C,1,.,.,.,B,B,B,B,terrain-beach-sand
98,77,B,beach-sand,C,1,.,.,.,B,O,B,B,terrain-beach-sand
99,77,O,sea-water,S,1,#,.,.,O,VOID,O,B,terrain-sea-water
0,78,X,cliff-mountain,M,1,#,.,.,X,S,X,VOID,terrain-cliff-mountain
1,78,S,wasteland-sand,D,1,.,.,.,S,S,S,X,terrain-wasteland-sand
2,78,S,wasteland-sand,D,1,.,.,.,S,S,S,S,terrain-wasteland-sand
3,78,S,wasteland-sand,D,1,.,.,.,S,S,S,S,terrain-wasteland-sand
4,78,S,wasteland-sand,D,1,.,.,.,S,S,S,S,terrain-wasteland-sand
5,78,S,wasteland-sand,D,1,.,.,.,S,A,S,S,terrain-wasteland-sand
6,78,A,cracked-asphalt,D,1,.,M,.,A,A,A,S,terrain-cracked-asphalt
7,78,A,cracked-asphalt,D,1,.,M,.,A,A,A,A,terrain-cracked-asphalt
8,78,A,cracked-asphalt,D,1,.,M,.,A,A,A,A,terrain-cracked-asphalt
9,78,A,cracked-asphalt,D,1,.,M,.,A,A,A,A,terrain-cracked-asphalt
10,78,A,cracked-asphalt,D,1,.,M,.,A,A,A,A,terrain-cracked-asphalt
11,78,A,cracked-asphalt,D,1,.,M,.,A,S,S,A,terrain-cracked-asphalt
12,78,S,wasteland-sand,D,1,.,.,.,A,S,S,A,terrain-wasteland-sand
13,78,S,wasteland-sand,D,1,.,.,.,A,S,S,S,terrain-wasteland-sand
14,78,S,wasteland-sand,D,1,.,.,.,S,S,S,S,terrain-wasteland-sand
15,78,S,wasteland-sand,D,1,.,.,.,S,S,S,S,terrain-wasteland-sand
16,78,S,wasteland-sand,D,1,.,.,.,S,S,S,S,terrain-wasteland-sand
17,78,S,wasteland-sand,D,1,.,.,.,S,S,S,S,terrain-wasteland-sand
18,78,S,wasteland-sand,D,1,.,.,.,S,S,S,S,terrain-wasteland-sand
19,78,S,wasteland-sand,D,1,.,.,.,S,S,S,S,terrain-wasteland-sand
20,78,S,wasteland-sand,D,1,.,.,.,S,S,S,S,terrain-wasteland-sand
21,78,S,wasteland-sand,D,1,.,.,.,S,S,S,S,terrain-wasteland-sand
22,78,S,wasteland-sand,D,1,.,.,.,S,S,S,S,terrain-wasteland-sand
23,78,S,wasteland-sand,D,1,.,.,.,S,S,S,S,terrain-wasteland-sand
24,78,S,wasteland-sand,D,1,.,.,.,S,S,S,S,terrain-wasteland-sand
25,78,S,wasteland-sand,D,1,.,.,.,S,S,S,S,terrain-wasteland-sand
26,78,S,wasteland-sand,D,1,.,.,.,S,S,S,S,terrain-wasteland-sand
27,78,S,wasteland-sand,D,1,.,.,.,S,S,S,S,terrain-wasteland-sand
28,78,S,wasteland-sand,D,1,.,.,.,S,S,S,S,terrain-wasteland-sand
29,78,S,wasteland-sand,D,1,.,.,.,S,S,S,S,terrain-wasteland-sand
30,78,S,wasteland-sand,D,1,.,.,.,S,S,S,S,terrain-wasteland-sand
31,78,S,wasteland-sand,D,1,.,.,.,S,S,S,S,terrain-wasteland-sand
32,78,S,wasteland-sand,D,1,.,.,.,S,S,S,S,terrain-wasteland-sand
33,78,S,wasteland-sand,D,1,.,.,.,S,S,S,S,terrain-wasteland-sand
34,78,S,wasteland-sand,D,1,.,.,D,S,S,S,S,terrain-wasteland-sand
35,78,S,wasteland-sand,D,1,.,.,D,S,S,S,S,terrain-wasteland-sand
36,78,S,wasteland-sand,D,1,.,.,D,S,S,S,S,terrain-wasteland-sand
37,78,S,wasteland-sand,D,1,.,.,D,S,S,S,S,terrain-wasteland-sand
38,78,S,wasteland-sand,D,1,.,.,D,S,S,S,S,terrain-wasteland-sand
39,78,S,wasteland-sand,D,1,.,.,D,D,D,S,S,terrain-wasteland-sand
40,78,D,packed-dirt,D,1,.,S,D,D,D,S,S,terrain-packed-dirt
41,78,D,packed-dirt,D,1,.,S,D,D,D,S,D,terrain-packed-dirt
42,78,D,packed-dirt,D,1,.,S,D,D,D,D,D,terrain-packed-dirt
43,78,D,packed-dirt,D,1,.,S,D,D,D,D,D,terrain-packed-dirt
44,78,D,packed-dirt,D,1,.,S,D,D,D,D,D,terrain-packed-dirt
45,78,D,packed-dirt,D,1,.,S,D,S,D,D,D,terrain-packed-dirt
46,78,D,packed-dirt,D,1,.,S,D,S,D,D,D,terrain-packed-dirt
47,78,D,packed-dirt,D,1,.,S,.,S,D,D,D,terrain-packed-dirt
48,78,D,packed-dirt,D,1,.,S,.,S,S,D,D,terrain-packed-dirt
49,78,S,wasteland-sand,D,1,.,.,.,S,f,D,D,terrain-wasteland-sand
50,78,f,farm-field,A,1,.,.,.,f,f,D,S,terrain-farm-field
51,78,f,farm-field,A,1,.,.,.,f,D,D,f,terrain-farm-field
52,78,D,packed-dirt,A,1,.,S,.,f,f,D,f,terrain-packed-dirt
53,78,f,farm-field,A,1,~,S,.,f,f,D,D,terrain-farm-field
54,78,f,farm-field,A,1,~,S,.,f,f,D,f,terrain-farm-field
55,78,f,farm-field,A,1,~,S,.,f,f,D,f,terrain-farm-field
56,78,f,farm-field,A,1,~,S,.,f,f,D,f,terrain-farm-field
57,78,f,farm-field,A,1,~,S,.,f,f,D,f,terrain-farm-field
58,78,f,farm-field,A,1,~,S,.,f,f,D,f,terrain-farm-field
59,78,f,farm-field,A,1,~,S,.,f,f,f,f,terrain-farm-field
60,78,f,farm-field,A,1,~,S,.,f,D,f,f,terrain-farm-field
61,78,D,packed-dirt,A,1,.,S,.,D,D,f,f,terrain-packed-dirt
62,78,D,packed-dirt,A,1,.,S,.,D,D,f,D,terrain-packed-dirt
63,78,D,packed-dirt,A,1,.,S,.,D,D,f,D,terrain-packed-dirt
64,78,D,packed-dirt,A,1,.,S,.,D,f,f,D,terrain-packed-dirt
65,78,f,farm-field,A,1,.,.,.,D,f,f,D,terrain-farm-field
66,78,f,farm-field,A,1,.,.,.,H,f,f,f,terrain-farm-field
67,78,f,farm-field,A,1,.,.,.,H,f,f,f,terrain-farm-field
68,78,f,farm-field,A,1,.,.,.,H,f,f,f,terrain-farm-field
69,78,f,farm-field,A,1,.,.,.,D,f,f,f,terrain-farm-field
70,78,f,farm-field,A,1,~,S,.,W,f,f,f,terrain-farm-field
71,78,f,farm-field,A,1,~,S,.,W,W,f,f,terrain-farm-field
72,78,W,fresh-deep-water,L,0,#,S,.,W,W,D,f,terrain-fresh-water
73,78,W,fresh-deep-water,L,0,#,S,.,W,W,W,W,terrain-fresh-water
74,78,W,fresh-deep-water,L,0,#,S,.,f,f,W,W,terrain-fresh-water
75,78,f,farm-field,A,1,~,S,.,f,f,W,W,terrain-farm-field
76,78,f,farm-field,A,1,~,.,.,f,f,W,f,terrain-farm-field
77,78,f,farm-field,A,1,~,.,.,f,f,D,f,terrain-farm-field
78,78,f,farm-field,A,1,.,.,C,f,f,f,f,terrain-farm-field
79,78,f,farm-field,A,1,.,.,C,f,f,f,f,terrain-farm-field
80,78,f,farm-field,A,1,.,.,C,f,f,f,f,terrain-farm-field
81,78,f,farm-field,A,1,.,.,C,f,D,D,f,terrain-farm-field
82,78,D,packed-dirt,A,1,.,S,C,f,D,D,f,terrain-packed-dirt
83,78,D,packed-dirt,C,1,.,S,C,D,D,D,D,terrain-packed-dirt
84,78,D,packed-dirt,C,1,.,S,C,D,B,B,D,terrain-packed-dirt
85,78,B,beach-sand,C,1,.,.,C,D,D,D,D,terrain-beach-sand
86,78,D,packed-dirt,C,1,.,S,C,B,D,D,B,terrain-packed-dirt
87,78,D,packed-dirt,C,1,.,S,.,D,D,D,D,terrain-packed-dirt
88,78,D,packed-dirt,C,1,.,S,.,D,D,D,D,terrain-packed-dirt
89,78,D,packed-dirt,C,1,.,S,.,D,B,B,D,terrain-packed-dirt
90,78,B,beach-sand,C,1,.,.,.,B,B,B,D,terrain-beach-sand
91,78,B,beach-sand,C,1,.,.,.,B,B,B,B,terrain-beach-sand
92,78,B,beach-sand,C,1,.,.,.,B,B,B,B,terrain-beach-sand
93,78,B,beach-sand,C,1,.,.,.,B,B,B,B,terrain-beach-sand
94,78,B,beach-sand,C,1,.,.,.,B,B,B,B,terrain-beach-sand
95,78,B,beach-sand,C,1,.,.,.,B,B,B,B,terrain-beach-sand
96,78,B,beach-sand,C,1,.,.,.,B,B,B,B,terrain-beach-sand
97,78,B,beach-sand,C,1,.,.,.,B,B,B,B,terrain-beach-sand
98,78,B,beach-sand,C,1,.,.,.,B,O,B,B,terrain-beach-sand
99,78,O,sea-water,S,1,#,.,.,O,VOID,O,B,terrain-sea-water
0,79,X,cliff-mountain,M,1,#,.,.,X,S,X,VOID,terrain-cliff-mountain
1,79,S,wasteland-sand,D,1,.,.,.,S,S,S,X,terrain-wasteland-sand
2,79,S,wasteland-sand,D,1,.,.,.,S,S,S,S,terrain-wasteland-sand
3,79,S,wasteland-sand,D,1,.,.,.,S,S,S,S,terrain-wasteland-sand
4,79,S,wasteland-sand,D,1,.,.,.,S,S,S,S,terrain-wasteland-sand
5,79,S,wasteland-sand,D,1,.,.,.,S,A,S,S,terrain-wasteland-sand
6,79,A,cracked-asphalt,D,1,.,M,.,A,A,S,S,terrain-cracked-asphalt
7,79,A,cracked-asphalt,D,1,.,M,.,A,A,A,A,terrain-cracked-asphalt
8,79,A,cracked-asphalt,D,1,.,M,.,A,A,A,A,terrain-cracked-asphalt
9,79,A,cracked-asphalt,D,1,.,M,.,A,A,A,A,terrain-cracked-asphalt
10,79,A,cracked-asphalt,D,1,.,M,.,A,S,S,A,terrain-cracked-asphalt
11,79,S,wasteland-sand,D,1,.,.,.,A,S,S,A,terrain-wasteland-sand
12,79,S,wasteland-sand,D,1,.,.,.,S,S,S,S,terrain-wasteland-sand
13,79,S,wasteland-sand,D,1,.,.,.,S,S,S,S,terrain-wasteland-sand
14,79,S,wasteland-sand,D,1,.,.,.,S,S,S,S,terrain-wasteland-sand
15,79,S,wasteland-sand,D,1,.,.,.,S,S,S,S,terrain-wasteland-sand
16,79,S,wasteland-sand,D,1,.,.,.,S,S,S,S,terrain-wasteland-sand
17,79,S,wasteland-sand,D,1,.,.,.,S,S,S,S,terrain-wasteland-sand
18,79,S,wasteland-sand,D,1,.,.,.,S,S,S,S,terrain-wasteland-sand
19,79,S,wasteland-sand,D,1,.,.,.,S,S,S,S,terrain-wasteland-sand
20,79,S,wasteland-sand,D,1,.,.,.,S,S,S,S,terrain-wasteland-sand
21,79,S,wasteland-sand,D,1,.,.,.,S,S,S,S,terrain-wasteland-sand
22,79,S,wasteland-sand,D,1,.,.,.,S,S,S,S,terrain-wasteland-sand
23,79,S,wasteland-sand,D,1,.,.,.,S,S,S,S,terrain-wasteland-sand
24,79,S,wasteland-sand,D,1,.,.,.,S,S,S,S,terrain-wasteland-sand
25,79,S,wasteland-sand,D,1,.,.,.,S,S,S,S,terrain-wasteland-sand
26,79,S,wasteland-sand,D,1,.,.,.,S,S,S,S,terrain-wasteland-sand
27,79,S,wasteland-sand,D,1,.,.,.,S,S,S,S,terrain-wasteland-sand
28,79,S,wasteland-sand,D,1,.,.,.,S,S,S,S,terrain-wasteland-sand
29,79,S,wasteland-sand,D,1,.,.,.,S,S,S,S,terrain-wasteland-sand
30,79,S,wasteland-sand,D,1,.,.,.,S,S,S,S,terrain-wasteland-sand
31,79,S,wasteland-sand,D,1,.,.,.,S,S,S,S,terrain-wasteland-sand
32,79,S,wasteland-sand,D,1,.,.,.,S,S,S,S,terrain-wasteland-sand
33,79,S,wasteland-sand,D,1,.,.,.,S,S,S,S,terrain-wasteland-sand
34,79,S,wasteland-sand,D,1,.,.,D,S,S,S,S,terrain-wasteland-sand
35,79,S,wasteland-sand,D,1,.,.,D,S,S,S,S,terrain-wasteland-sand
36,79,S,wasteland-sand,D,1,.,.,D,S,S,S,S,terrain-wasteland-sand
37,79,S,wasteland-sand,D,1,.,.,D,S,S,S,S,terrain-wasteland-sand
38,79,S,wasteland-sand,D,1,.,.,D,S,S,S,S,terrain-wasteland-sand
39,79,S,wasteland-sand,D,1,.,.,D,S,S,S,S,terrain-wasteland-sand
40,79,S,wasteland-sand,D,1,.,.,D,D,S,S,S,terrain-wasteland-sand
41,79,S,wasteland-sand,D,1,.,.,D,D,D,S,S,terrain-wasteland-sand
42,79,D,packed-dirt,D,1,.,S,D,D,D,S,S,terrain-packed-dirt
43,79,D,packed-dirt,D,1,.,S,D,D,D,S,D,terrain-packed-dirt
44,79,D,packed-dirt,D,1,.,S,D,D,D,S,D,terrain-packed-dirt
45,79,D,packed-dirt,D,1,.,S,D,D,D,D,D,terrain-packed-dirt
46,79,D,packed-dirt,D,1,.,S,D,D,D,D,D,terrain-packed-dirt
47,79,D,packed-dirt,D,1,.,S,.,D,D,D,D,terrain-packed-dirt
48,79,D,packed-dirt,D,1,.,S,.,D,D,D,D,terrain-packed-dirt
49,79,D,packed-dirt,D,1,.,S,.,S,D,D,D,terrain-packed-dirt
50,79,D,packed-dirt,A,1,.,S,.,f,D,D,D,terrain-packed-dirt
51,79,D,packed-dirt,A,1,.,S,.,f,D,D,D,terrain-packed-dirt
52,79,D,packed-dirt,A,1,.,S,.,D,D,D,D,terrain-packed-dirt
53,79,D,packed-dirt,A,1,.,S,.,f,D,D,D,terrain-packed-dirt
54,79,D,packed-dirt,A,1,.,S,.,f,D,D,D,terrain-packed-dirt
55,79,D,packed-dirt,A,1,.,S,.,f,D,f,D,terrain-packed-dirt
56,79,D,packed-dirt,A,1,.,S,.,f,D,f,D,terrain-packed-dirt
57,79,D,packed-dirt,A,1,.,S,.,f,D,f,D,terrain-packed-dirt
58,79,D,packed-dirt,A,1,.,S,.,f,f,f,D,terrain-packed-dirt
59,79,f,farm-field,A,1,.,.,.,f,f,f,D,terrain-farm-field
60,79,f,farm-field,A,1,.,.,.,f,f,f,f,terrain-farm-field
61,79,f,farm-field,A,1,.,.,.,D,f,f,f,terrain-farm-field
62,79,f,farm-field,A,1,.,.,.,D,f,f,f,terrain-farm-field
63,79,f,farm-field,A,1,.,.,.,D,f,f,f,terrain-farm-field
64,79,f,farm-field,A,1,.,.,.,D,f,f,f,terrain-farm-field
65,79,f,farm-field,A,1,.,.,.,f,f,f,f,terrain-farm-field
66,79,f,farm-field,A,1,.,.,.,f,f,f,f,terrain-farm-field
67,79,f,farm-field,A,1,.,.,.,f,f,f,f,terrain-farm-field
68,79,f,farm-field,A,1,.,.,.,f,f,f,f,terrain-farm-field
69,79,f,farm-field,A,1,.,.,.,f,f,f,f,terrain-farm-field
70,79,f,farm-field,A,1,.,.,.,f,f,f,f,terrain-farm-field
71,79,f,farm-field,A,1,.,.,.,f,D,f,f,terrain-farm-field
72,79,D,packed-dirt,A,1,.,S,.,W,W,f,f,terrain-packed-dirt
73,79,W,fresh-deep-water,L,0,#,S,.,W,W,f,D,terrain-fresh-water
74,79,W,fresh-deep-water,L,0,#,S,.,W,W,W,W,terrain-fresh-water
75,79,W,fresh-deep-water,L,0,#,S,.,f,W,W,W,terrain-fresh-water
76,79,W,fresh-deep-water,L,0,#,S,.,f,D,W,W,terrain-fresh-water
77,79,D,packed-dirt,A,1,.,S,C,f,f,W,W,terrain-packed-dirt
78,79,f,farm-field,A,1,.,.,C,f,f,D,D,terrain-farm-field
79,79,f,farm-field,A,1,.,.,C,f,f,D,f,terrain-farm-field
80,79,f,farm-field,A,1,.,.,C,f,D,D,f,terrain-farm-field
81,79,D,packed-dirt,A,1,.,S,C,f,D,D,f,terrain-packed-dirt
82,79,D,packed-dirt,C,1,.,S,C,D,D,D,D,terrain-packed-dirt
83,79,D,packed-dirt,C,1,.,S,C,D,B,D,D,terrain-packed-dirt
84,79,B,beach-sand,C,1,.,.,C,D,D,D,D,terrain-beach-sand
85,79,D,packed-dirt,C,1,.,S,C,B,D,D,B,terrain-packed-dirt
86,79,D,packed-dirt,C,1,.,S,C,D,D,D,D,terrain-packed-dirt
87,79,D,packed-dirt,C,1,.,S,C,D,D,D,D,terrain-packed-dirt
88,79,D,packed-dirt,C,1,.,S,.,D,B,B,D,terrain-packed-dirt
89,79,B,beach-sand,C,1,.,.,.,D,B,B,D,terrain-beach-sand
90,79,B,beach-sand,C,1,.,.,.,B,B,B,B,terrain-beach-sand
91,79,B,beach-sand,C,1,.,.,.,B,B,B,B,terrain-beach-sand
92,79,B,beach-sand,C,1,.,.,.,B,B,B,B,terrain-beach-sand
93,79,B,beach-sand,C,1,.,.,.,B,B,B,B,terrain-beach-sand
94,79,B,beach-sand,C,1,.,.,.,B,B,B,B,terrain-beach-sand
95,79,B,beach-sand,C,1,.,.,.,B,B,B,B,terrain-beach-sand
96,79,B,beach-sand,C,1,.,.,.,B,B,B,B,terrain-beach-sand
97,79,B,beach-sand,C,1,.,.,.,B,B,B,B,terrain-beach-sand
98,79,B,beach-sand,C,1,.,.,.,B,O,B,B,terrain-beach-sand
99,79,O,sea-water,S,1,#,.,.,O,VOID,O,B,terrain-sea-water
0,80,X,cliff-mountain,M,1,#,.,.,X,S,X,VOID,terrain-cliff-mountain
1,80,S,wasteland-sand,D,1,.,.,.,S,S,S,X,terrain-wasteland-sand
2,80,S,wasteland-sand,D,1,.,.,.,S,S,S,S,terrain-wasteland-sand
3,80,S,wasteland-sand,D,1,.,.,.,S,S,S,S,terrain-wasteland-sand
4,80,S,wasteland-sand,D,1,.,.,.,S,S,S,S,terrain-wasteland-sand
5,80,S,wasteland-sand,D,1,.,.,.,S,S,S,S,terrain-wasteland-sand
6,80,S,wasteland-sand,D,1,.,.,.,A,A,S,S,terrain-wasteland-sand
7,80,A,cracked-asphalt,D,1,.,M,.,A,A,S,S,terrain-cracked-asphalt
8,80,A,cracked-asphalt,D,1,.,M,.,A,A,S,A,terrain-cracked-asphalt
9,80,A,cracked-asphalt,D,1,.,M,.,A,S,S,A,terrain-cracked-asphalt
10,80,S,wasteland-sand,D,1,.,.,.,A,S,S,A,terrain-wasteland-sand
11,80,S,wasteland-sand,D,1,.,.,.,S,S,S,S,terrain-wasteland-sand
12,80,S,wasteland-sand,D,1,.,.,.,S,S,S,S,terrain-wasteland-sand
13,80,S,wasteland-sand,D,1,.,.,.,S,S,S,S,terrain-wasteland-sand
14,80,S,wasteland-sand,D,1,.,.,.,S,S,S,S,terrain-wasteland-sand
15,80,S,wasteland-sand,D,1,.,.,.,S,S,S,S,terrain-wasteland-sand
16,80,S,wasteland-sand,D,1,.,.,.,S,S,S,S,terrain-wasteland-sand
17,80,S,wasteland-sand,D,1,.,.,.,S,S,S,S,terrain-wasteland-sand
18,80,S,wasteland-sand,D,1,.,.,.,S,S,S,S,terrain-wasteland-sand
19,80,S,wasteland-sand,D,1,.,.,.,S,S,S,S,terrain-wasteland-sand
20,80,S,wasteland-sand,D,1,.,.,.,S,S,S,S,terrain-wasteland-sand
21,80,S,wasteland-sand,D,1,.,.,.,S,S,S,S,terrain-wasteland-sand
22,80,S,wasteland-sand,D,1,.,.,.,S,S,S,S,terrain-wasteland-sand
23,80,S,wasteland-sand,D,1,.,.,.,S,S,S,S,terrain-wasteland-sand
24,80,S,wasteland-sand,D,1,.,.,.,S,S,S,S,terrain-wasteland-sand
25,80,S,wasteland-sand,D,1,.,.,.,S,S,S,S,terrain-wasteland-sand
26,80,S,wasteland-sand,D,1,.,.,.,S,S,S,S,terrain-wasteland-sand
27,80,S,wasteland-sand,D,1,.,.,.,S,S,S,S,terrain-wasteland-sand
28,80,S,wasteland-sand,D,1,.,.,.,S,S,S,S,terrain-wasteland-sand
29,80,S,wasteland-sand,D,1,.,.,.,S,S,S,S,terrain-wasteland-sand
30,80,S,wasteland-sand,D,1,.,.,.,S,S,S,S,terrain-wasteland-sand
31,80,S,wasteland-sand,D,1,.,.,.,S,S,S,S,terrain-wasteland-sand
32,80,S,wasteland-sand,D,1,.,.,.,S,S,S,S,terrain-wasteland-sand
33,80,S,wasteland-sand,D,1,.,.,.,S,S,S,S,terrain-wasteland-sand
34,80,S,wasteland-sand,D,1,.,.,D,S,S,S,S,terrain-wasteland-sand
35,80,S,wasteland-sand,D,1,.,.,D,S,S,S,S,terrain-wasteland-sand
36,80,S,wasteland-sand,D,1,.,.,D,S,S,S,S,terrain-wasteland-sand
37,80,S,wasteland-sand,D,1,.,.,D,S,S,S,S,terrain-wasteland-sand
38,80,S,wasteland-sand,D,1,.,.,D,S,S,S,S,terrain-wasteland-sand
39,80,S,wasteland-sand,D,1,.,.,D,S,S,S,S,terrain-wasteland-sand
40,80,S,wasteland-sand,D,1,.,.,D,S,S,S,S,terrain-wasteland-sand
41,80,S,wasteland-sand,D,1,.,.,D,S,S,S,S,terrain-wasteland-sand
42,80,S,wasteland-sand,D,1,.,.,D,D,S,S,S,terrain-wasteland-sand
43,80,S,wasteland-sand,D,1,.,.,D,D,S,S,S,terrain-wasteland-sand
44,80,S,wasteland-sand,D,1,.,.,D,D,D,S,S,terrain-wasteland-sand
45,80,D,packed-dirt,D,1,.,S,D,D,D,S,S,terrain-packed-dirt
46,80,D,packed-dirt,D,1,.,S,D,D,D,S,D,terrain-packed-dirt
47,80,D,packed-dirt,D,1,.,S,.,D,D,S,D,terrain-packed-dirt
48,80,D,packed-dirt,D,1,.,S,.,D,D,S,D,terrain-packed-dirt
49,80,D,packed-dirt,D,1,.,S,.,D,D,D,D,terrain-packed-dirt
50,80,D,packed-dirt,A,1,.,S,.,D,D,D,D,terrain-packed-dirt
51,80,D,packed-dirt,A,1,.,S,.,D,D,D,D,terrain-packed-dirt
52,80,D,packed-dirt,A,1,.,S,.,D,D,f,D,terrain-packed-dirt
53,80,D,packed-dirt,A,1,.,S,.,D,D,f,D,terrain-packed-dirt
54,80,D,packed-dirt,A,1,.,S,.,D,f,f,D,terrain-packed-dirt
55,80,f,farm-field,A,1,.,.,.,D,f,f,D,terrain-farm-field
56,80,f,farm-field,A,1,.,.,.,D,f,f,f,terrain-farm-field
57,80,f,farm-field,A,1,.,.,.,D,f,f,f,terrain-farm-field
58,80,f,farm-field,A,1,.,.,.,D,f,f,f,terrain-farm-field
59,80,f,farm-field,A,1,.,.,.,f,f,f,f,terrain-farm-field
60,80,f,farm-field,A,1,.,.,.,f,f,f,f,terrain-farm-field
61,80,f,farm-field,A,1,.,.,.,f,f,f,f,terrain-farm-field
62,80,f,farm-field,A,1,.,.,.,f,f,f,f,terrain-farm-field
63,80,f,farm-field,A,1,.,.,.,f,f,f,f,terrain-farm-field
64,80,f,farm-field,A,1,.,.,.,f,f,f,f,terrain-farm-field
65,80,f,farm-field,A,1,.,.,.,f,f,f,f,terrain-farm-field
66,80,f,farm-field,A,1,.,.,.,f,f,f,f,terrain-farm-field
67,80,f,farm-field,A,1,.,.,.,f,f,f,f,terrain-farm-field
68,80,f,farm-field,A,1,.,.,.,f,f,f,f,terrain-farm-field
69,80,f,farm-field,A,1,.,.,.,f,f,f,f,terrain-farm-field
70,80,f,farm-field,A,1,.,.,.,f,f,f,f,terrain-farm-field
71,80,f,farm-field,A,1,.,.,.,f,f,f,f,terrain-farm-field
72,80,f,farm-field,A,1,.,.,.,D,f,f,f,terrain-farm-field
73,80,f,farm-field,A,1,.,.,.,W,W,f,f,terrain-farm-field
74,80,W,fresh-deep-water,L,0,#,S,.,W,W,f,f,terrain-fresh-water
75,80,W,fresh-deep-water,L,0,#,S,.,W,W,W,W,terrain-fresh-water
76,80,W,fresh-deep-water,L,0,#,S,.,W,W,W,W,terrain-fresh-water
77,80,W,fresh-deep-water,L,0,#,S,C,D,D,W,W,terrain-fresh-water
78,80,D,packed-dirt,A,1,.,S,C,f,D,W,W,terrain-packed-dirt
79,80,D,packed-dirt,A,1,.,S,C,f,D,D,D,terrain-packed-dirt
80,80,D,packed-dirt,A,1,.,S,C,f,D,D,D,terrain-packed-dirt
81,80,D,packed-dirt,C,1,.,S,C,D,D,D,D,terrain-packed-dirt
82,80,D,packed-dirt,C,1,.,S,C,D,D,D,D,terrain-packed-dirt
83,80,D,packed-dirt,C,1,.,S,C,D,D,D,D,terrain-packed-dirt
84,80,D,packed-dirt,C,1,.,S,C,B,D,D,D,terrain-packed-dirt
85,80,D,packed-dirt,C,1,.,S,C,D,D,D,D,terrain-packed-dirt
86,80,D,packed-dirt,C,1,.,S,C,D,D,B,D,terrain-packed-dirt
87,80,D,packed-dirt,C,1,.,S,C,D,B,B,D,terrain-packed-dirt
88,80,B,beach-sand,C,1,.,.,.,D,B,B,D,terrain-beach-sand
89,80,B,beach-sand,C,1,.,.,.,B,B,B,B,terrain-beach-sand
90,80,B,beach-sand,C,1,.,.,.,B,B,B,B,terrain-beach-sand
91,80,B,beach-sand,C,1,.,.,.,B,B,B,B,terrain-beach-sand
92,80,B,beach-sand,C,1,.,.,.,B,B,B,B,terrain-beach-sand
93,80,B,beach-sand,C,1,.,.,.,B,B,B,B,terrain-beach-sand
94,80,B,beach-sand,C,1,.,.,.,B,B,B,B,terrain-beach-sand
95,80,B,beach-sand,C,1,.,.,.,B,B,B,B,terrain-beach-sand
96,80,B,beach-sand,C,1,.,.,.,B,B,B,B,terrain-beach-sand
97,80,B,beach-sand,C,1,.,.,.,B,B,B,B,terrain-beach-sand
98,80,B,beach-sand,C,1,.,.,.,B,O,B,B,terrain-beach-sand
99,80,O,sea-water,S,1,#,.,.,O,VOID,O,B,terrain-sea-water
0,81,X,cliff-mountain,M,1,#,.,.,X,S,X,VOID,terrain-cliff-mountain
1,81,S,wasteland-sand,D,1,.,.,.,S,S,S,X,terrain-wasteland-sand
2,81,S,wasteland-sand,D,1,.,.,.,S,S,S,S,terrain-wasteland-sand
3,81,S,wasteland-sand,D,1,.,.,.,S,S,S,S,terrain-wasteland-sand
4,81,S,wasteland-sand,D,1,.,.,.,S,S,S,S,terrain-wasteland-sand
5,81,S,wasteland-sand,D,1,.,.,.,S,S,S,S,terrain-wasteland-sand
6,81,S,wasteland-sand,D,1,.,.,.,S,S,S,S,terrain-wasteland-sand
7,81,S,wasteland-sand,D,1,.,.,.,A,S,S,S,terrain-wasteland-sand
8,81,S,wasteland-sand,D,1,.,.,.,A,S,S,S,terrain-wasteland-sand
9,81,S,wasteland-sand,D,1,.,.,.,A,S,S,S,terrain-wasteland-sand
10,81,S,wasteland-sand,D,1,.,.,.,S,S,S,S,terrain-wasteland-sand
11,81,S,wasteland-sand,D,1,.,.,.,S,S,S,S,terrain-wasteland-sand
12,81,S,wasteland-sand,D,1,.,.,.,S,S,S,S,terrain-wasteland-sand
13,81,S,wasteland-sand,D,1,.,.,.,S,S,S,S,terrain-wasteland-sand
14,81,S,wasteland-sand,D,1,.,.,.,S,S,S,S,terrain-wasteland-sand
15,81,S,wasteland-sand,D,1,.,.,.,S,S,S,S,terrain-wasteland-sand
16,81,S,wasteland-sand,D,1,.,.,.,S,S,S,S,terrain-wasteland-sand
17,81,S,wasteland-sand,D,1,.,.,.,S,S,S,S,terrain-wasteland-sand
18,81,S,wasteland-sand,D,1,.,.,.,S,S,S,S,terrain-wasteland-sand
19,81,S,wasteland-sand,D,1,.,.,.,S,S,S,S,terrain-wasteland-sand
20,81,S,wasteland-sand,D,1,.,.,.,S,S,S,S,terrain-wasteland-sand
21,81,S,wasteland-sand,D,1,.,.,.,S,S,S,S,terrain-wasteland-sand
22,81,S,wasteland-sand,D,1,.,.,.,S,S,S,S,terrain-wasteland-sand
23,81,S,wasteland-sand,D,1,.,.,.,S,S,S,S,terrain-wasteland-sand
24,81,S,wasteland-sand,D,1,.,.,.,S,S,S,S,terrain-wasteland-sand
25,81,S,wasteland-sand,D,1,.,.,.,S,S,S,S,terrain-wasteland-sand
26,81,S,wasteland-sand,D,1,.,.,.,S,S,S,S,terrain-wasteland-sand
27,81,S,wasteland-sand,D,1,.,.,.,S,S,S,S,terrain-wasteland-sand
28,81,S,wasteland-sand,D,1,.,.,.,S,S,S,S,terrain-wasteland-sand
29,81,S,wasteland-sand,D,1,.,.,.,S,S,S,S,terrain-wasteland-sand
30,81,S,wasteland-sand,D,1,.,.,.,S,S,S,S,terrain-wasteland-sand
31,81,S,wasteland-sand,D,1,.,.,.,S,S,S,S,terrain-wasteland-sand
32,81,S,wasteland-sand,D,1,.,.,.,S,S,S,S,terrain-wasteland-sand
33,81,S,wasteland-sand,D,1,.,.,.,S,S,S,S,terrain-wasteland-sand
34,81,S,wasteland-sand,D,1,.,.,.,S,S,S,S,terrain-wasteland-sand
35,81,S,wasteland-sand,D,1,.,.,D,S,S,S,S,terrain-wasteland-sand
36,81,S,wasteland-sand,D,1,.,.,D,S,S,S,S,terrain-wasteland-sand
37,81,S,wasteland-sand,D,1,.,.,D,S,S,S,S,terrain-wasteland-sand
38,81,S,wasteland-sand,D,1,.,.,D,S,S,S,S,terrain-wasteland-sand
39,81,S,wasteland-sand,D,1,.,.,D,S,S,S,S,terrain-wasteland-sand
40,81,S,wasteland-sand,D,1,.,.,D,S,S,S,S,terrain-wasteland-sand
41,81,S,wasteland-sand,D,1,.,.,D,S,S,S,S,terrain-wasteland-sand
42,81,S,wasteland-sand,D,1,.,.,D,S,S,S,S,terrain-wasteland-sand
43,81,S,wasteland-sand,D,1,.,.,D,S,S,S,S,terrain-wasteland-sand
44,81,S,wasteland-sand,D,1,.,.,D,S,S,S,S,terrain-wasteland-sand
45,81,S,wasteland-sand,D,1,.,.,D,D,S,S,S,terrain-wasteland-sand
46,81,S,wasteland-sand,D,1,.,.,.,D,S,S,S,terrain-wasteland-sand
47,81,S,wasteland-sand,D,1,.,.,.,D,S,S,S,terrain-wasteland-sand
48,81,S,wasteland-sand,D,1,.,.,.,D,D,S,S,terrain-wasteland-sand
49,81,D,packed-dirt,D,1,.,S,.,D,D,S,S,terrain-packed-dirt
50,81,D,packed-dirt,A,1,.,S,.,D,D,f,D,terrain-packed-dirt
51,81,D,packed-dirt,A,1,.,S,.,D,f,f,D,terrain-packed-dirt
52,81,f,farm-field,A,1,.,.,.,D,f,f,D,terrain-farm-field
53,81,f,farm-field,A,1,.,.,.,D,f,f,f,terrain-farm-field
54,81,f,farm-field,A,1,.,.,.,D,f,f,f,terrain-farm-field
55,81,f,farm-field,A,1,.,.,.,f,f,f,f,terrain-farm-field
56,81,f,farm-field,A,1,.,.,.,f,f,f,f,terrain-farm-field
57,81,f,farm-field,A,1,.,.,.,f,f,f,f,terrain-farm-field
58,81,f,farm-field,A,1,.,.,.,f,f,f,f,terrain-farm-field
59,81,f,farm-field,A,1,~,.,.,f,f,f,f,terrain-farm-field
60,81,f,farm-field,A,1,~,.,.,f,f,f,f,terrain-farm-field
61,81,f,farm-field,A,1,~,.,.,f,f,f,f,terrain-farm-field
62,81,f,farm-field,A,1,~,.,.,f,f,f,f,terrain-farm-field
63,81,f,farm-field,A,1,~,.,.,f,f,f,f,terrain-farm-field
64,81,f,farm-field,A,1,~,.,.,f,f,f,f,terrain-farm-field
65,81,f,farm-field,A,1,~,.,.,f,f,f,f,terrain-farm-field
66,81,f,farm-field,A,1,~,.,.,f,f,f,f,terrain-farm-field
67,81,f,farm-field,A,1,~,.,.,f,f,f,f,terrain-farm-field
68,81,f,farm-field,A,1,.,.,.,f,f,f,f,terrain-farm-field
69,81,f,farm-field,A,1,.,.,.,f,f,f,f,terrain-farm-field
70,81,f,farm-field,A,1,.,.,.,f,f,f,f,terrain-farm-field
71,81,f,farm-field,A,1,.,.,.,f,f,f,f,terrain-farm-field
72,81,f,farm-field,A,1,.,.,.,f,f,f,f,terrain-farm-field
73,81,f,farm-field,A,1,.,.,.,f,f,f,f,terrain-farm-field
74,81,f,farm-field,A,1,.,.,.,W,W,f,f,terrain-farm-field
75,81,W,fresh-deep-water,L,0,#,S,.,W,W,f,f,terrain-fresh-water
76,81,W,fresh-deep-water,L,0,#,S,.,W,W,f,W,terrain-fresh-water
77,81,W,fresh-deep-water,L,0,#,S,C,W,W,W,W,terrain-fresh-water
78,81,W,fresh-deep-water,L,0,#,S,C,D,D,W,W,terrain-fresh-water
79,81,D,packed-dirt,A,1,.,S,C,D,D,W,W,terrain-packed-dirt
80,81,D,packed-dirt,C,1,.,S,C,D,D,D,D,terrain-packed-dirt
81,81,D,packed-dirt,C,1,.,S,C,D,D,D,D,terrain-packed-dirt
82,81,D,packed-dirt,C,1,.,S,C,D,D,D,D,terrain-packed-dirt
83,81,D,packed-dirt,C,1,.,S,C,D,D,D,D,terrain-packed-dirt
84,81,D,packed-dirt,C,1,.,S,C,D,D,D,D,terrain-packed-dirt
85,81,D,packed-dirt,C,1,.,S,C,D,B,B,D,terrain-packed-dirt
86,81,B,beach-sand,C,1,.,.,C,D,B,B,D,terrain-beach-sand
87,81,B,beach-sand,C,1,.,.,C,D,B,B,B,terrain-beach-sand
88,81,B,beach-sand,C,1,.,.,.,B,B,B,B,terrain-beach-sand
89,81,B,beach-sand,C,1,.,.,.,B,B,B,B,terrain-beach-sand
90,81,B,beach-sand,C,1,.,.,.,B,B,B,B,terrain-beach-sand
91,81,B,beach-sand,C,1,.,.,.,B,B,B,B,terrain-beach-sand
92,81,B,beach-sand,C,1,.,.,.,B,B,B,B,terrain-beach-sand
93,81,B,beach-sand,C,1,.,.,.,B,B,B,B,terrain-beach-sand
94,81,B,beach-sand,C,1,.,.,.,B,B,B,B,terrain-beach-sand
95,81,B,beach-sand,C,1,.,.,.,B,B,B,B,terrain-beach-sand
96,81,B,beach-sand,C,1,.,.,.,B,B,B,B,terrain-beach-sand
97,81,B,beach-sand,C,1,.,.,.,B,B,B,B,terrain-beach-sand
98,81,B,beach-sand,C,1,.,.,.,B,O,B,B,terrain-beach-sand
99,81,O,sea-water,S,1,#,.,.,O,VOID,O,B,terrain-sea-water
0,82,X,cliff-mountain,M,1,#,.,.,X,S,X,VOID,terrain-cliff-mountain
1,82,S,wasteland-sand,D,1,.,.,.,S,S,S,X,terrain-wasteland-sand
2,82,S,wasteland-sand,D,1,.,.,.,S,S,S,S,terrain-wasteland-sand
3,82,S,wasteland-sand,D,1,.,.,.,S,S,S,S,terrain-wasteland-sand
4,82,S,wasteland-sand,D,1,.,.,.,S,S,S,S,terrain-wasteland-sand
5,82,S,wasteland-sand,D,1,.,.,.,S,S,S,S,terrain-wasteland-sand
6,82,S,wasteland-sand,D,1,.,.,.,S,S,S,S,terrain-wasteland-sand
7,82,S,wasteland-sand,D,1,.,.,.,S,S,X,S,terrain-wasteland-sand
8,82,S,wasteland-sand,D,1,.,.,.,S,S,X,S,terrain-wasteland-sand
9,82,S,wasteland-sand,D,1,.,.,.,S,S,S,S,terrain-wasteland-sand
10,82,S,wasteland-sand,D,1,.,.,.,S,S,S,S,terrain-wasteland-sand
11,82,S,wasteland-sand,D,1,.,.,.,S,S,S,S,terrain-wasteland-sand
12,82,S,wasteland-sand,D,1,.,.,.,S,S,S,S,terrain-wasteland-sand
13,82,S,wasteland-sand,D,1,.,.,.,S,S,S,S,terrain-wasteland-sand
14,82,S,wasteland-sand,D,1,.,.,.,S,S,S,S,terrain-wasteland-sand
15,82,S,wasteland-sand,D,1,.,.,.,S,S,S,S,terrain-wasteland-sand
16,82,S,wasteland-sand,D,1,.,.,.,S,S,S,S,terrain-wasteland-sand
17,82,S,wasteland-sand,D,1,.,.,.,S,S,S,S,terrain-wasteland-sand
18,82,S,wasteland-sand,D,1,.,.,.,S,S,S,S,terrain-wasteland-sand
19,82,S,wasteland-sand,D,1,.,.,.,S,S,S,S,terrain-wasteland-sand
20,82,S,wasteland-sand,D,1,.,.,.,S,S,S,S,terrain-wasteland-sand
21,82,S,wasteland-sand,D,1,.,.,.,S,S,S,S,terrain-wasteland-sand
22,82,S,wasteland-sand,D,1,.,.,.,S,S,S,S,terrain-wasteland-sand
23,82,S,wasteland-sand,D,1,.,.,.,S,S,S,S,terrain-wasteland-sand
24,82,S,wasteland-sand,D,1,.,.,.,S,S,S,S,terrain-wasteland-sand
25,82,S,wasteland-sand,D,1,.,.,.,S,S,S,S,terrain-wasteland-sand
26,82,S,wasteland-sand,D,1,.,.,.,S,S,S,S,terrain-wasteland-sand
27,82,S,wasteland-sand,D,1,.,.,.,S,S,S,S,terrain-wasteland-sand
28,82,S,wasteland-sand,D,1,.,.,.,S,S,S,S,terrain-wasteland-sand
29,82,S,wasteland-sand,D,1,.,.,.,S,S,S,S,terrain-wasteland-sand
30,82,S,wasteland-sand,D,1,.,.,.,S,S,S,S,terrain-wasteland-sand
31,82,S,wasteland-sand,D,1,.,.,.,S,S,S,S,terrain-wasteland-sand
32,82,S,wasteland-sand,D,1,.,.,.,S,S,S,S,terrain-wasteland-sand
33,82,S,wasteland-sand,D,1,.,.,.,S,S,S,S,terrain-wasteland-sand
34,82,S,wasteland-sand,D,1,.,.,.,S,S,S,S,terrain-wasteland-sand
35,82,S,wasteland-sand,D,1,.,.,.,S,S,S,S,terrain-wasteland-sand
36,82,S,wasteland-sand,D,1,.,.,D,S,S,S,S,terrain-wasteland-sand
37,82,S,wasteland-sand,D,1,.,.,D,S,S,S,S,terrain-wasteland-sand
38,82,S,wasteland-sand,D,1,.,.,D,S,S,S,S,terrain-wasteland-sand
39,82,S,wasteland-sand,D,1,.,.,D,S,S,S,S,terrain-wasteland-sand
40,82,S,wasteland-sand,D,1,.,.,D,S,S,S,S,terrain-wasteland-sand
41,82,S,wasteland-sand,D,1,.,.,D,S,S,S,S,terrain-wasteland-sand
42,82,S,wasteland-sand,D,1,.,.,D,S,S,S,S,terrain-wasteland-sand
43,82,S,wasteland-sand,D,1,.,.,D,S,S,S,S,terrain-wasteland-sand
44,82,S,wasteland-sand,D,1,.,.,D,S,S,S,S,terrain-wasteland-sand
45,82,S,wasteland-sand,D,1,.,.,.,S,S,S,S,terrain-wasteland-sand
46,82,S,wasteland-sand,D,1,.,.,.,S,S,S,S,terrain-wasteland-sand
47,82,S,wasteland-sand,D,1,.,.,.,S,S,S,S,terrain-wasteland-sand
48,82,S,wasteland-sand,D,1,.,.,.,S,S,S,S,terrain-wasteland-sand
49,82,S,wasteland-sand,D,1,.,.,.,D,f,S,S,terrain-wasteland-sand
50,82,f,farm-field,A,1,.,.,.,D,f,f,S,terrain-farm-field
51,82,f,farm-field,A,1,.,.,.,D,f,f,f,terrain-farm-field
52,82,f,farm-field,A,1,.,.,.,f,f,f,f,terrain-farm-field
53,82,f,farm-field,A,1,.,.,.,f,f,f,f,terrain-farm-field
54,82,f,farm-field,A,1,.,.,.,f,f,f,f,terrain-farm-field
55,82,f,farm-field,A,1,.,.,.,f,f,f,f,terrain-farm-field
56,82,f,farm-field,A,1,.,.,.,f,f,f,f,terrain-farm-field
57,82,f,farm-field,A,1,.,.,.,f,f,f,f,terrain-farm-field
58,82,f,farm-field,A,1,.,.,.,f,f,f,f,terrain-farm-field
59,82,f,farm-field,A,1,~,.,.,f,f,f,f,terrain-farm-field
60,82,f,farm-field,A,1,~,.,.,f,f,f,f,terrain-farm-field
61,82,f,farm-field,A,1,~,.,.,f,f,f,f,terrain-farm-field
62,82,f,farm-field,A,1,~,.,.,f,f,f,f,terrain-farm-field
63,82,f,farm-field,A,1,~,.,.,f,f,f,f,terrain-farm-field
64,82,f,farm-field,A,1,~,.,.,f,f,f,f,terrain-farm-field
65,82,f,farm-field,A,1,~,.,.,f,f,f,f,terrain-farm-field
66,82,f,farm-field,A,1,~,.,.,f,f,f,f,terrain-farm-field
67,82,f,farm-field,A,1,~,.,.,f,f,f,f,terrain-farm-field
68,82,f,farm-field,A,1,.,.,.,f,f,f,f,terrain-farm-field
69,82,f,farm-field,A,1,.,.,.,f,f,f,f,terrain-farm-field
70,82,f,farm-field,A,1,.,.,.,f,f,f,f,terrain-farm-field
71,82,f,farm-field,A,1,.,.,.,f,f,f,f,terrain-farm-field
72,82,f,farm-field,A,1,.,.,.,f,f,f,f,terrain-farm-field
73,82,f,farm-field,A,1,.,.,.,f,f,f,f,terrain-farm-field
74,82,f,farm-field,A,1,.,.,.,f,f,f,f,terrain-farm-field
75,82,f,farm-field,A,1,.,.,.,W,f,f,f,terrain-farm-field
76,82,f,farm-field,A,1,.,.,C,W,W,f,f,terrain-farm-field
77,82,W,fresh-deep-water,L,0,#,S,C,W,W,f,f,terrain-fresh-water
78,82,W,fresh-deep-water,L,0,#,S,C,W,W,W,W,terrain-fresh-water
79,82,W,fresh-deep-water,L,0,#,S,C,D,D,W,W,terrain-fresh-water
80,82,D,packed-dirt,C,1,.,S,C,D,D,W,W,terrain-packed-dirt
81,82,D,packed-dirt,C,1,.,S,C,D,D,D,D,terrain-packed-dirt
82,82,D,packed-dirt,C,1,.,S,C,D,D,D,D,terrain-packed-dirt
83,82,D,packed-dirt,C,1,.,S,C,D,D,B,D,terrain-packed-dirt
84,82,D,packed-dirt,C,1,.,S,C,D,B,B,D,terrain-packed-dirt
85,82,B,beach-sand,C,1,.,.,C,D,B,B,D,terrain-beach-sand
86,82,B,beach-sand,C,1,.,.,C,B,B,B,B,terrain-beach-sand
87,82,B,beach-sand,C,1,.,.,C,B,B,B,B,terrain-beach-sand
88,82,B,beach-sand,C,1,.,.,C,B,B,B,B,terrain-beach-sand
89,82,B,beach-sand,C,1,.,.,.,B,B,B,B,terrain-beach-sand
90,82,B,beach-sand,C,1,.,.,.,B,B,B,B,terrain-beach-sand
91,82,B,beach-sand,C,1,.,.,.,B,B,B,B,terrain-beach-sand
92,82,B,beach-sand,C,1,.,.,.,B,B,B,B,terrain-beach-sand
93,82,B,beach-sand,C,1,.,.,.,B,B,B,B,terrain-beach-sand
94,82,B,beach-sand,C,1,.,.,.,B,B,B,B,terrain-beach-sand
95,82,B,beach-sand,C,1,.,.,.,B,B,B,B,terrain-beach-sand
96,82,B,beach-sand,C,1,.,.,.,B,B,B,B,terrain-beach-sand
97,82,B,beach-sand,C,1,.,.,.,B,B,B,B,terrain-beach-sand
98,82,B,beach-sand,C,1,.,.,.,B,O,B,B,terrain-beach-sand
99,82,O,sea-water,S,1,#,.,.,O,VOID,O,B,terrain-sea-water
0,83,X,cliff-mountain,M,1,#,.,.,X,S,X,VOID,terrain-cliff-mountain
1,83,S,wasteland-sand,D,1,.,.,.,S,S,S,X,terrain-wasteland-sand
2,83,S,wasteland-sand,D,1,.,.,.,S,S,S,S,terrain-wasteland-sand
3,83,S,wasteland-sand,D,1,.,.,.,S,S,S,S,terrain-wasteland-sand
4,83,S,wasteland-sand,D,1,.,.,.,S,S,S,S,terrain-wasteland-sand
5,83,S,wasteland-sand,D,1,.,.,.,S,S,S,S,terrain-wasteland-sand
6,83,S,wasteland-sand,D,1,.,.,.,S,X,X,S,terrain-wasteland-sand
7,83,X,cliff-mountain,M,1,#,.,.,S,X,X,S,terrain-cliff-mountain
8,83,X,cliff-mountain,M,1,#,.,.,S,S,X,X,terrain-cliff-mountain
9,83,S,wasteland-sand,D,1,.,.,.,S,S,X,X,terrain-wasteland-sand
10,83,S,wasteland-sand,D,1,.,.,.,S,S,X,S,terrain-wasteland-sand
11,83,S,wasteland-sand,D,1,.,.,.,S,S,X,S,terrain-wasteland-sand
12,83,S,wasteland-sand,D,1,.,.,.,S,S,S,S,terrain-wasteland-sand
13,83,S,wasteland-sand,D,1,.,.,.,S,S,S,S,terrain-wasteland-sand
14,83,S,wasteland-sand,D,1,.,.,.,S,S,S,S,terrain-wasteland-sand
15,83,S,wasteland-sand,D,1,.,.,.,S,S,S,S,terrain-wasteland-sand
16,83,S,wasteland-sand,D,1,.,.,.,S,S,S,S,terrain-wasteland-sand
17,83,S,wasteland-sand,D,1,.,.,.,S,S,S,S,terrain-wasteland-sand
18,83,S,wasteland-sand,D,1,.,.,.,S,S,S,S,terrain-wasteland-sand
19,83,S,wasteland-sand,D,1,.,.,.,S,S,S,S,terrain-wasteland-sand
20,83,S,wasteland-sand,D,1,.,.,.,S,S,S,S,terrain-wasteland-sand
21,83,S,wasteland-sand,D,1,.,.,.,S,S,S,S,terrain-wasteland-sand
22,83,S,wasteland-sand,D,1,.,.,.,S,S,X,S,terrain-wasteland-sand
23,83,S,wasteland-sand,D,1,.,.,.,S,S,X,S,terrain-wasteland-sand
24,83,S,wasteland-sand,D,1,.,.,.,S,S,X,S,terrain-wasteland-sand
25,83,S,wasteland-sand,D,1,.,.,.,S,S,S,S,terrain-wasteland-sand
26,83,S,wasteland-sand,D,1,.,.,.,S,S,S,S,terrain-wasteland-sand
27,83,S,wasteland-sand,D,1,.,.,.,S,S,S,S,terrain-wasteland-sand
28,83,S,wasteland-sand,D,1,.,.,.,S,S,S,S,terrain-wasteland-sand
29,83,S,wasteland-sand,D,1,.,.,.,S,S,S,S,terrain-wasteland-sand
30,83,S,wasteland-sand,D,1,.,.,.,S,S,S,S,terrain-wasteland-sand
31,83,S,wasteland-sand,D,1,.,.,.,S,S,S,S,terrain-wasteland-sand
32,83,S,wasteland-sand,D,1,.,.,.,S,S,S,S,terrain-wasteland-sand
33,83,S,wasteland-sand,D,1,.,.,.,S,S,S,S,terrain-wasteland-sand
34,83,S,wasteland-sand,D,1,.,.,.,S,S,S,S,terrain-wasteland-sand
35,83,S,wasteland-sand,D,1,.,.,.,S,S,S,S,terrain-wasteland-sand
36,83,S,wasteland-sand,D,1,.,.,.,S,S,S,S,terrain-wasteland-sand
37,83,S,wasteland-sand,D,1,.,.,D,S,S,S,S,terrain-wasteland-sand
38,83,S,wasteland-sand,D,1,.,.,D,S,S,S,S,terrain-wasteland-sand
39,83,S,wasteland-sand,D,1,.,.,D,S,S,S,S,terrain-wasteland-sand
40,83,S,wasteland-sand,D,1,.,.,D,S,S,S,S,terrain-wasteland-sand
41,83,S,wasteland-sand,D,1,.,.,D,S,S,S,S,terrain-wasteland-sand
42,83,S,wasteland-sand,D,1,.,.,D,S,S,S,S,terrain-wasteland-sand
43,83,S,wasteland-sand,D,1,.,.,D,S,S,S,S,terrain-wasteland-sand
44,83,S,wasteland-sand,D,1,.,.,.,S,S,S,S,terrain-wasteland-sand
45,83,S,wasteland-sand,D,1,.,.,.,S,S,S,S,terrain-wasteland-sand
46,83,S,wasteland-sand,D,1,.,.,.,S,S,S,S,terrain-wasteland-sand
47,83,S,wasteland-sand,D,1,.,.,.,S,S,S,S,terrain-wasteland-sand
48,83,S,wasteland-sand,D,1,.,.,.,S,S,S,S,terrain-wasteland-sand
49,83,S,wasteland-sand,D,1,.,.,.,S,f,S,S,terrain-wasteland-sand
50,83,f,farm-field,A,1,.,.,.,f,f,f,S,terrain-farm-field
51,83,f,farm-field,A,1,.,.,.,f,f,f,f,terrain-farm-field
52,83,f,farm-field,A,1,.,.,.,f,f,f,f,terrain-farm-field
53,83,f,farm-field,A,1,.,.,.,f,f,f,f,terrain-farm-field
54,83,f,farm-field,A,1,.,.,.,f,f,f,f,terrain-farm-field
55,83,f,farm-field,A,1,.,.,.,f,f,f,f,terrain-farm-field
56,83,f,farm-field,A,1,.,.,.,f,f,f,f,terrain-farm-field
57,83,f,farm-field,A,1,.,.,.,f,f,f,f,terrain-farm-field
58,83,f,farm-field,A,1,.,.,.,f,f,f,f,terrain-farm-field
59,83,f,farm-field,A,1,~,.,.,f,f,f,f,terrain-farm-field
60,83,f,farm-field,A,1,~,.,.,f,f,f,f,terrain-farm-field
61,83,f,farm-field,A,1,~,.,.,f,f,f,f,terrain-farm-field
62,83,f,farm-field,A,1,~,.,.,f,f,f,f,terrain-farm-field
63,83,f,farm-field,A,1,~,.,.,f,f,f,f,terrain-farm-field
64,83,f,farm-field,A,1,~,.,.,f,f,f,f,terrain-farm-field
65,83,f,farm-field,A,1,~,.,.,f,f,f,f,terrain-farm-field
66,83,f,farm-field,A,1,~,.,.,f,f,f,f,terrain-farm-field
67,83,f,farm-field,A,1,~,.,.,f,f,f,f,terrain-farm-field
68,83,f,farm-field,A,1,.,.,.,f,f,f,f,terrain-farm-field
69,83,f,farm-field,A,1,.,.,.,f,f,f,f,terrain-farm-field
70,83,f,farm-field,A,1,.,.,.,f,f,f,f,terrain-farm-field
71,83,f,farm-field,A,1,.,.,.,f,f,f,f,terrain-farm-field
72,83,f,farm-field,A,1,.,.,.,f,f,f,f,terrain-farm-field
73,83,f,farm-field,A,1,.,.,.,f,f,B,f,terrain-farm-field
74,83,f,farm-field,A,1,.,.,.,f,f,B,f,terrain-farm-field
75,83,f,farm-field,A,1,.,.,.,f,f,B,f,terrain-farm-field
76,83,f,farm-field,A,1,.,.,.,f,f,B,f,terrain-farm-field
77,83,f,farm-field,A,1,.,.,C,W,W,B,f,terrain-farm-field
78,83,W,fresh-deep-water,L,0,#,.,C,W,W,B,f,terrain-fresh-water
79,83,W,fresh-deep-water,L,0,#,S,C,W,W,B,W,terrain-fresh-water
80,83,W,fresh-deep-water,L,0,#,.,C,D,D,B,W,terrain-fresh-water
81,83,D,packed-dirt,C,1,.,S,C,D,D,B,W,terrain-packed-dirt
82,83,D,packed-dirt,C,1,.,S,C,D,B,B,D,terrain-packed-dirt
83,83,B,beach-sand,C,1,.,.,C,D,B,B,D,terrain-beach-sand
84,83,B,beach-sand,C,1,.,.,C,D,B,B,B,terrain-beach-sand
85,83,B,beach-sand,C,1,.,.,C,B,B,B,B,terrain-beach-sand
86,83,B,beach-sand,C,1,.,.,C,B,B,B,B,terrain-beach-sand
87,83,B,beach-sand,C,1,.,.,C,B,B,B,B,terrain-beach-sand
88,83,B,beach-sand,C,1,.,.,.,B,B,B,B,terrain-beach-sand
89,83,B,beach-sand,C,1,.,.,.,B,B,B,B,terrain-beach-sand
90,83,B,beach-sand,C,1,.,.,.,B,B,B,B,terrain-beach-sand
91,83,B,beach-sand,C,1,.,.,.,B,B,B,B,terrain-beach-sand
92,83,B,beach-sand,C,1,.,.,.,B,B,B,B,terrain-beach-sand
93,83,B,beach-sand,C,1,.,.,.,B,B,B,B,terrain-beach-sand
94,83,B,beach-sand,C,1,.,.,.,B,B,B,B,terrain-beach-sand
95,83,B,beach-sand,C,1,.,.,.,B,B,B,B,terrain-beach-sand
96,83,B,beach-sand,C,1,.,.,.,B,B,B,B,terrain-beach-sand
97,83,B,beach-sand,C,1,.,.,.,B,B,B,B,terrain-beach-sand
98,83,B,beach-sand,C,1,.,.,.,B,O,B,B,terrain-beach-sand
99,83,O,sea-water,S,1,#,.,.,O,VOID,O,B,terrain-sea-water
0,84,X,cliff-mountain,M,1,#,.,.,X,S,X,VOID,terrain-cliff-mountain
1,84,S,wasteland-sand,D,1,.,.,.,S,S,S,X,terrain-wasteland-sand
2,84,S,wasteland-sand,D,1,.,.,.,S,S,S,S,terrain-wasteland-sand
3,84,S,wasteland-sand,D,1,.,.,.,S,S,S,S,terrain-wasteland-sand
4,84,S,wasteland-sand,D,1,.,.,.,S,S,S,S,terrain-wasteland-sand
5,84,S,wasteland-sand,D,1,.,.,.,S,X,S,S,terrain-wasteland-sand
6,84,X,cliff-mountain,M,1,#,.,.,S,X,S,S,terrain-cliff-mountain
7,84,X,cliff-mountain,M,1,#,.,.,X,X,X,X,terrain-cliff-mountain
8,84,X,cliff-mountain,M,1,#,.,.,X,X,X,X,terrain-cliff-mountain
9,84,X,cliff-mountain,M,1,#,.,.,S,X,X,X,terrain-cliff-mountain
10,84,X,cliff-mountain,M,1,#,.,.,S,X,X,X,terrain-cliff-mountain
11,84,X,cliff-mountain,M,1,#,.,.,S,S,X,X,terrain-cliff-mountain
12,84,S,wasteland-sand,D,1,.,.,.,S,S,X,X,terrain-wasteland-sand
13,84,S,wasteland-sand,D,1,.,.,.,S,S,X,S,terrain-wasteland-sand
14,84,S,wasteland-sand,D,1,.,.,.,S,S,X,S,terrain-wasteland-sand
15,84,S,wasteland-sand,D,1,.,.,.,S,S,S,S,terrain-wasteland-sand
16,84,S,wasteland-sand,D,1,.,.,.,S,S,S,S,terrain-wasteland-sand
17,84,S,wasteland-sand,D,1,.,.,.,S,S,S,S,terrain-wasteland-sand
18,84,S,wasteland-sand,D,1,.,.,.,S,S,X,S,terrain-wasteland-sand
19,84,S,wasteland-sand,D,1,.,.,.,S,S,X,S,terrain-wasteland-sand
20,84,S,wasteland-sand,D,1,.,.,.,S,S,X,S,terrain-wasteland-sand
21,84,S,wasteland-sand,D,1,.,.,.,S,X,X,S,terrain-wasteland-sand
22,84,X,cliff-mountain,M,1,#,.,.,S,X,X,S,terrain-cliff-mountain
23,84,X,cliff-mountain,M,1,#,.,.,S,X,X,X,terrain-cliff-mountain
24,84,X,cliff-mountain,M,1,#,.,.,S,S,X,X,terrain-cliff-mountain
25,84,S,wasteland-sand,D,1,.,.,.,S,S,X,X,terrain-wasteland-sand
26,84,S,wasteland-sand,D,1,.,.,.,S,S,S,S,terrain-wasteland-sand
27,84,S,wasteland-sand,D,1,.,.,.,S,S,S,S,terrain-wasteland-sand
28,84,S,wasteland-sand,D,1,.,.,.,S,S,S,S,terrain-wasteland-sand
29,84,S,wasteland-sand,D,1,.,.,.,S,S,S,S,terrain-wasteland-sand
30,84,S,wasteland-sand,D,1,.,.,.,S,S,S,S,terrain-wasteland-sand
31,84,S,wasteland-sand,D,1,.,.,.,S,S,S,S,terrain-wasteland-sand
32,84,S,wasteland-sand,D,1,.,.,.,S,S,S,S,terrain-wasteland-sand
33,84,S,wasteland-sand,D,1,.,.,.,S,S,S,S,terrain-wasteland-sand
34,84,S,wasteland-sand,D,1,.,.,.,S,S,S,S,terrain-wasteland-sand
35,84,S,wasteland-sand,D,1,.,.,.,S,S,S,S,terrain-wasteland-sand
36,84,S,wasteland-sand,D,1,.,.,.,S,S,S,S,terrain-wasteland-sand
37,84,S,wasteland-sand,D,1,.,.,.,S,S,S,S,terrain-wasteland-sand
38,84,S,wasteland-sand,D,1,.,.,.,S,S,S,S,terrain-wasteland-sand
39,84,S,wasteland-sand,D,1,.,.,.,S,S,S,S,terrain-wasteland-sand
40,84,S,wasteland-sand,D,1,.,.,D,S,S,S,S,terrain-wasteland-sand
41,84,S,wasteland-sand,D,1,.,.,.,S,S,S,S,terrain-wasteland-sand
42,84,S,wasteland-sand,D,1,.,.,.,S,S,S,S,terrain-wasteland-sand
43,84,S,wasteland-sand,D,1,.,.,.,S,S,S,S,terrain-wasteland-sand
44,84,S,wasteland-sand,D,1,.,.,.,S,S,S,S,terrain-wasteland-sand
45,84,S,wasteland-sand,D,1,.,.,.,S,S,S,S,terrain-wasteland-sand
46,84,S,wasteland-sand,D,1,.,.,.,S,S,S,S,terrain-wasteland-sand
47,84,S,wasteland-sand,D,1,.,.,.,S,S,S,S,terrain-wasteland-sand
48,84,S,wasteland-sand,D,1,.,.,.,S,S,S,S,terrain-wasteland-sand
49,84,S,wasteland-sand,D,1,.,.,.,S,f,S,S,terrain-wasteland-sand
50,84,f,farm-field,A,1,.,.,.,f,f,f,S,terrain-farm-field
51,84,f,farm-field,A,1,.,.,.,f,f,f,f,terrain-farm-field
52,84,f,farm-field,A,1,.,.,.,f,f,f,f,terrain-farm-field
53,84,f,farm-field,A,1,.,.,.,f,f,f,f,terrain-farm-field
54,84,f,farm-field,A,1,.,.,.,f,f,f,f,terrain-farm-field
55,84,f,farm-field,A,1,.,.,.,f,f,f,f,terrain-farm-field
56,84,f,farm-field,A,1,.,.,.,f,f,f,f,terrain-farm-field
57,84,f,farm-field,A,1,.,.,.,f,f,f,f,terrain-farm-field
58,84,f,farm-field,A,1,.,.,.,f,f,f,f,terrain-farm-field
59,84,f,farm-field,A,1,~,.,.,f,f,f,f,terrain-farm-field
60,84,f,farm-field,A,1,~,.,.,f,f,f,f,terrain-farm-field
61,84,f,farm-field,A,1,~,.,.,f,f,f,f,terrain-farm-field
62,84,f,farm-field,A,1,~,.,.,f,f,f,f,terrain-farm-field
63,84,f,farm-field,A,1,~,.,.,f,f,f,f,terrain-farm-field
64,84,f,farm-field,A,1,~,.,.,f,f,f,f,terrain-farm-field
65,84,f,farm-field,A,1,~,.,.,f,f,f,f,terrain-farm-field
66,84,f,farm-field,A,1,~,.,.,f,f,f,f,terrain-farm-field
67,84,f,farm-field,A,1,~,.,.,f,f,f,f,terrain-farm-field
68,84,f,farm-field,A,1,.,.,.,f,f,B,f,terrain-farm-field
69,84,f,farm-field,A,1,.,.,.,f,f,B,f,terrain-farm-field
70,84,f,farm-field,A,1,.,.,.,f,f,B,f,terrain-farm-field
71,84,f,farm-field,A,1,.,.,.,f,f,B,f,terrain-farm-field
72,84,f,farm-field,A,1,.,.,.,f,B,B,f,terrain-farm-field
73,84,B,beach-sand,C,1,.,.,.,f,B,B,f,terrain-beach-sand
74,84,B,beach-sand,C,1,.,.,.,f,B,B,B,terrain-beach-sand
75,84,B,beach-sand,C,1,.,.,.,f,B,B,B,terrain-beach-sand
76,84,B,beach-sand,C,1,.,.,.,f,B,B,B,terrain-beach-sand
77,84,B,beach-sand,C,1,.,.,C,f,B,B,B,terrain-beach-sand
78,84,B,beach-sand,C,1,.,.,C,W,B,B,B,terrain-beach-sand
79,84,B,beach-sand,C,0,#,.,C,W,B,B,B,terrain-beach-sand
80,84,B,beach-sand,C,0,#,.,C,W,B,B,B,terrain-beach-sand
81,84,B,beach-sand,C,0,#,.,C,D,B,B,B,terrain-beach-sand
82,84,B,beach-sand,C,0,#,.,C,D,B,B,B,terrain-beach-sand
83,84,B,beach-sand,C,1,.,.,C,B,B,B,B,terrain-beach-sand
84,84,B,beach-sand,C,1,.,.,C,B,B,B,B,terrain-beach-sand
85,84,B,beach-sand,C,1,.,.,C,B,B,B,B,terrain-beach-sand
86,84,B,beach-sand,C,1,.,.,C,B,B,B,B,terrain-beach-sand
87,84,B,beach-sand,C,1,.,.,C,B,B,B,B,terrain-beach-sand
88,84,B,beach-sand,C,1,.,.,.,B,B,B,B,terrain-beach-sand
89,84,B,beach-sand,C,1,.,.,.,B,B,B,B,terrain-beach-sand
90,84,B,beach-sand,C,1,.,.,.,B,B,B,B,terrain-beach-sand
91,84,B,beach-sand,C,1,.,.,.,B,B,B,B,terrain-beach-sand
92,84,B,beach-sand,C,1,.,.,.,B,B,B,B,terrain-beach-sand
93,84,B,beach-sand,C,1,.,.,.,B,B,B,B,terrain-beach-sand
94,84,B,beach-sand,C,1,.,.,.,B,B,B,B,terrain-beach-sand
95,84,B,beach-sand,C,1,.,.,.,B,B,B,B,terrain-beach-sand
96,84,B,beach-sand,C,1,.,.,.,B,B,B,B,terrain-beach-sand
97,84,B,beach-sand,C,1,.,.,.,B,B,B,B,terrain-beach-sand
98,84,B,beach-sand,C,1,.,.,.,B,O,B,B,terrain-beach-sand
99,84,O,sea-water,S,1,#,.,.,O,VOID,O,B,terrain-sea-water
0,85,X,cliff-mountain,M,1,#,.,.,X,S,X,VOID,terrain-cliff-mountain
1,85,S,wasteland-sand,D,1,.,.,.,S,S,S,X,terrain-wasteland-sand
2,85,S,wasteland-sand,D,1,.,.,.,S,S,S,S,terrain-wasteland-sand
3,85,S,wasteland-sand,D,1,.,.,.,S,S,S,S,terrain-wasteland-sand
4,85,S,wasteland-sand,D,1,.,.,.,S,S,S,S,terrain-wasteland-sand
5,85,S,wasteland-sand,D,1,.,.,.,S,S,S,S,terrain-wasteland-sand
6,85,S,wasteland-sand,D,1,.,.,.,X,X,S,S,terrain-wasteland-sand
7,85,X,cliff-mountain,M,1,#,.,.,X,X,S,S,terrain-cliff-mountain
8,85,X,cliff-mountain,M,1,#,.,.,X,X,S,X,terrain-cliff-mountain
9,85,X,cliff-mountain,M,1,#,.,.,X,X,X,X,terrain-cliff-mountain
10,85,X,cliff-mountain,M,1,#,.,.,X,X,X,X,terrain-cliff-mountain
11,85,X,cliff-mountain,M,1,#,.,.,X,X,X,X,terrain-cliff-mountain
12,85,X,cliff-mountain,M,1,#,.,.,S,X,X,X,terrain-cliff-mountain
13,85,X,cliff-mountain,M,1,#,.,.,S,X,X,X,terrain-cliff-mountain
14,85,X,cliff-mountain,M,1,#,.,.,S,S,X,X,terrain-cliff-mountain
15,85,S,wasteland-sand,D,1,.,.,.,S,S,X,X,terrain-wasteland-sand
16,85,S,wasteland-sand,D,1,.,.,.,S,S,X,S,terrain-wasteland-sand
17,85,S,wasteland-sand,D,1,.,.,.,S,X,X,S,terrain-wasteland-sand
18,85,X,cliff-mountain,M,1,#,.,.,S,X,X,S,terrain-cliff-mountain
19,85,X,cliff-mountain,M,1,#,.,.,S,X,X,X,terrain-cliff-mountain
20,85,X,cliff-mountain,M,1,#,.,.,S,X,X,X,terrain-cliff-mountain
21,85,X,cliff-mountain,M,1,#,.,.,S,X,X,X,terrain-cliff-mountain
22,85,X,cliff-mountain,M,1,#,.,.,X,X,X,X,terrain-cliff-mountain
23,85,X,cliff-mountain,M,1,#,.,.,X,X,X,X,terrain-cliff-mountain
24,85,X,cliff-mountain,M,1,#,.,.,X,X,X,X,terrain-cliff-mountain
25,85,X,cliff-mountain,M,1,#,.,.,S,S,S,X,terrain-cliff-mountain
26,85,S,wasteland-sand,D,1,.,.,.,S,S,S,X,terrain-wasteland-sand
27,85,S,wasteland-sand,D,1,.,.,.,S,S,S,S,terrain-wasteland-sand
28,85,S,wasteland-sand,D,1,.,.,.,S,S,S,S,terrain-wasteland-sand
29,85,S,wasteland-sand,D,1,.,.,.,S,S,S,S,terrain-wasteland-sand
30,85,S,wasteland-sand,D,1,.,.,.,S,S,S,S,terrain-wasteland-sand
31,85,S,wasteland-sand,D,1,.,.,.,S,S,S,S,terrain-wasteland-sand
32,85,S,wasteland-sand,D,1,.,.,.,S,S,S,S,terrain-wasteland-sand
33,85,S,wasteland-sand,D,1,.,.,.,S,S,S,S,terrain-wasteland-sand
34,85,S,wasteland-sand,D,1,.,.,.,S,S,S,S,terrain-wasteland-sand
35,85,S,wasteland-sand,D,1,.,.,.,S,S,S,S,terrain-wasteland-sand
36,85,S,wasteland-sand,D,1,.,.,.,S,S,S,S,terrain-wasteland-sand
37,85,S,wasteland-sand,D,1,.,.,.,S,S,S,S,terrain-wasteland-sand
38,85,S,wasteland-sand,D,1,.,.,.,S,S,S,S,terrain-wasteland-sand
39,85,S,wasteland-sand,D,1,.,.,.,S,S,S,S,terrain-wasteland-sand
40,85,S,wasteland-sand,D,1,.,.,.,S,S,S,S,terrain-wasteland-sand
41,85,S,wasteland-sand,D,1,.,.,.,S,S,S,S,terrain-wasteland-sand
42,85,S,wasteland-sand,D,1,.,.,.,S,S,S,S,terrain-wasteland-sand
43,85,S,wasteland-sand,D,1,.,.,.,S,S,S,S,terrain-wasteland-sand
44,85,S,wasteland-sand,D,1,.,.,.,S,S,S,S,terrain-wasteland-sand
45,85,S,wasteland-sand,D,1,.,.,.,S,S,S,S,terrain-wasteland-sand
46,85,S,wasteland-sand,D,1,.,.,.,S,S,S,S,terrain-wasteland-sand
47,85,S,wasteland-sand,D,1,.,.,.,S,S,S,S,terrain-wasteland-sand
48,85,S,wasteland-sand,D,1,.,.,.,S,S,S,S,terrain-wasteland-sand
49,85,S,wasteland-sand,D,1,.,.,.,S,f,S,S,terrain-wasteland-sand
50,85,f,farm-field,A,1,.,.,.,f,f,S,S,terrain-farm-field
51,85,f,farm-field,A,1,.,.,.,f,f,S,f,terrain-farm-field
52,85,f,farm-field,A,1,.,.,.,f,f,S,f,terrain-farm-field
53,85,f,farm-field,A,1,.,.,.,f,f,S,f,terrain-farm-field
54,85,f,farm-field,A,1,.,.,.,f,f,S,f,terrain-farm-field
55,85,f,farm-field,A,1,.,.,.,f,f,S,f,terrain-farm-field
56,85,f,farm-field,A,1,.,.,.,f,f,f,f,terrain-farm-field
57,85,f,farm-field,A,1,.,.,.,f,f,f,f,terrain-farm-field
58,85,f,farm-field,A,1,.,.,.,f,f,f,f,terrain-farm-field
59,85,f,farm-field,A,1,~,.,.,f,f,f,f,terrain-farm-field
60,85,f,farm-field,A,1,~,.,.,f,f,f,f,terrain-farm-field
61,85,f,farm-field,A,1,~,.,.,f,f,f,f,terrain-farm-field
62,85,f,farm-field,A,1,~,.,.,f,f,f,f,terrain-farm-field
63,85,f,farm-field,A,1,~,.,.,f,f,f,f,terrain-farm-field
64,85,f,farm-field,A,1,~,.,.,f,f,f,f,terrain-farm-field
65,85,f,farm-field,A,1,~,.,.,f,f,f,f,terrain-farm-field
66,85,f,farm-field,A,1,~,.,.,f,f,f,f,terrain-farm-field
67,85,f,farm-field,A,1,~,.,.,f,B,f,f,terrain-farm-field
68,85,B,beach-sand,C,1,.,.,.,f,B,B,f,terrain-beach-sand
69,85,B,beach-sand,C,1,.,.,.,f,B,B,B,terrain-beach-sand
70,85,B,beach-sand,C,1,.,.,.,f,B,B,B,terrain-beach-sand
71,85,B,beach-sand,C,1,.,.,.,f,B,B,B,terrain-beach-sand
72,85,B,beach-sand,C,1,.,.,.,f,B,B,B,terrain-beach-sand
73,85,B,beach-sand,C,1,.,.,.,B,B,B,B,terrain-beach-sand
74,85,B,beach-sand,C,1,.,.,.,B,B,B,B,terrain-beach-sand
75,85,B,beach-sand,C,1,.,.,.,B,B,B,B,terrain-beach-sand
76,85,B,beach-sand,C,1,.,.,.,B,B,B,B,terrain-beach-sand
77,85,B,beach-sand,C,1,.,.,C,B,B,B,B,terrain-beach-sand
78,85,B,beach-sand,C,1,.,.,C,B,B,B,B,terrain-beach-sand
79,85,B,beach-sand,C,1,.,.,C,B,B,B,B,terrain-beach-sand
80,85,B,beach-sand,C,0,#,.,C,B,B,B,B,terrain-beach-sand
81,85,B,beach-sand,C,0,#,.,C,B,B,B,B,terrain-beach-sand
82,85,B,beach-sand,C,0,#,.,C,B,B,B,B,terrain-beach-sand
83,85,B,beach-sand,C,0,#,.,C,B,B,B,B,terrain-beach-sand
84,85,B,beach-sand,C,1,.,.,C,B,B,B,B,terrain-beach-sand
85,85,B,beach-sand,C,1,.,.,C,B,B,B,B,terrain-beach-sand
86,85,B,beach-sand,C,1,.,.,C,B,B,B,B,terrain-beach-sand
87,85,B,beach-sand,C,1,.,.,C,B,B,B,B,terrain-beach-sand
88,85,B,beach-sand,C,1,.,.,.,B,B,B,B,terrain-beach-sand
89,85,B,beach-sand,C,1,.,.,.,B,B,B,B,terrain-beach-sand
90,85,B,beach-sand,C,1,.,.,.,B,B,B,B,terrain-beach-sand
91,85,B,beach-sand,C,1,.,.,.,B,B,B,B,terrain-beach-sand
92,85,B,beach-sand,C,1,.,.,.,B,B,B,B,terrain-beach-sand
93,85,B,beach-sand,C,1,.,.,.,B,B,B,B,terrain-beach-sand
94,85,B,beach-sand,C,1,.,.,.,B,B,B,B,terrain-beach-sand
95,85,B,beach-sand,C,1,.,.,.,B,B,B,B,terrain-beach-sand
96,85,B,beach-sand,C,1,.,.,.,B,B,B,B,terrain-beach-sand
97,85,B,beach-sand,C,1,.,.,.,B,B,B,B,terrain-beach-sand
98,85,B,beach-sand,C,1,.,.,.,B,O,B,B,terrain-beach-sand
99,85,O,sea-water,S,1,#,.,.,O,VOID,O,B,terrain-sea-water
0,86,X,cliff-mountain,M,1,#,.,.,X,S,X,VOID,terrain-cliff-mountain
1,86,S,wasteland-sand,D,1,.,.,.,S,S,S,X,terrain-wasteland-sand
2,86,S,wasteland-sand,D,1,.,.,.,S,S,S,S,terrain-wasteland-sand
3,86,S,wasteland-sand,D,1,.,.,.,S,S,S,S,terrain-wasteland-sand
4,86,S,wasteland-sand,D,1,.,.,.,S,S,S,S,terrain-wasteland-sand
5,86,S,wasteland-sand,D,1,.,.,.,S,S,S,S,terrain-wasteland-sand
6,86,S,wasteland-sand,D,1,.,.,.,S,S,S,S,terrain-wasteland-sand
7,86,S,wasteland-sand,D,1,.,.,.,X,S,S,S,terrain-wasteland-sand
8,86,S,wasteland-sand,D,1,.,.,.,X,X,S,S,terrain-wasteland-sand
9,86,X,cliff-mountain,M,1,#,.,.,X,X,S,S,terrain-cliff-mountain
10,86,X,cliff-mountain,M,1,#,.,.,X,X,S,X,terrain-cliff-mountain
11,86,X,cliff-mountain,M,1,#,.,.,X,X,S,X,terrain-cliff-mountain
12,86,X,cliff-mountain,M,1,#,.,.,X,X,X,X,terrain-cliff-mountain
13,86,X,cliff-mountain,M,1,#,.,.,X,X,X,X,terrain-cliff-mountain
14,86,X,cliff-mountain,M,1,#,.,.,X,X,X,X,terrain-cliff-mountain
15,86,X,cliff-mountain,M,1,#,.,.,S,X,X,X,terrain-cliff-mountain
16,86,X,cliff-mountain,M,1,#,.,.,S,X,X,X,terrain-cliff-mountain
17,86,X,cliff-mountain,M,1,#,.,.,S,X,X,X,terrain-cliff-mountain
18,86,X,cliff-mountain,M,1,#,.,.,X,X,X,X,terrain-cliff-mountain
19,86,X,cliff-mountain,M,1,#,.,.,X,X,X,X,terrain-cliff-mountain
20,86,X,cliff-mountain,M,1,#,.,.,X,X,X,X,terrain-cliff-mountain
21,86,X,cliff-mountain,M,1,#,.,.,X,X,X,X,terrain-cliff-mountain
22,86,X,cliff-mountain,M,1,#,.,.,X,X,S,X,terrain-cliff-mountain
23,86,X,cliff-mountain,M,1,#,.,.,X,X,S,X,terrain-cliff-mountain
24,86,X,cliff-mountain,M,1,#,.,.,X,S,S,X,terrain-cliff-mountain
25,86,S,wasteland-sand,D,1,.,.,.,X,S,S,X,terrain-wasteland-sand
26,86,S,wasteland-sand,D,1,.,.,.,S,S,S,S,terrain-wasteland-sand
27,86,S,wasteland-sand,D,1,.,.,.,S,S,S,S,terrain-wasteland-sand
28,86,S,wasteland-sand,D,1,.,.,.,S,S,S,S,terrain-wasteland-sand
29,86,S,wasteland-sand,D,1,.,.,.,S,S,S,S,terrain-wasteland-sand
30,86,S,wasteland-sand,D,1,.,.,.,S,S,S,S,terrain-wasteland-sand
31,86,S,wasteland-sand,D,1,.,.,.,S,S,S,S,terrain-wasteland-sand
32,86,S,wasteland-sand,D,1,.,.,.,S,S,S,S,terrain-wasteland-sand
33,86,S,wasteland-sand,D,1,.,.,.,S,S,S,S,terrain-wasteland-sand
34,86,S,wasteland-sand,D,1,.,.,.,S,S,S,S,terrain-wasteland-sand
35,86,S,wasteland-sand,D,1,.,.,.,S,S,S,S,terrain-wasteland-sand
36,86,S,wasteland-sand,D,1,.,.,.,S,S,S,S,terrain-wasteland-sand
37,86,S,wasteland-sand,D,1,.,.,.,S,S,S,S,terrain-wasteland-sand
38,86,S,wasteland-sand,D,1,.,.,.,S,S,S,S,terrain-wasteland-sand
39,86,S,wasteland-sand,D,1,.,.,.,S,S,S,S,terrain-wasteland-sand
40,86,S,wasteland-sand,D,1,.,.,.,S,S,S,S,terrain-wasteland-sand
41,86,S,wasteland-sand,D,1,.,.,.,S,S,S,S,terrain-wasteland-sand
42,86,S,wasteland-sand,D,1,.,.,.,S,S,S,S,terrain-wasteland-sand
43,86,S,wasteland-sand,D,1,.,.,.,S,S,S,S,terrain-wasteland-sand
44,86,S,wasteland-sand,D,1,.,.,.,S,S,S,S,terrain-wasteland-sand
45,86,S,wasteland-sand,D,1,.,.,.,S,S,S,S,terrain-wasteland-sand
46,86,S,wasteland-sand,D,1,.,.,.,S,S,S,S,terrain-wasteland-sand
47,86,S,wasteland-sand,D,1,.,.,.,S,S,S,S,terrain-wasteland-sand
48,86,S,wasteland-sand,D,1,.,.,.,S,S,S,S,terrain-wasteland-sand
49,86,S,wasteland-sand,D,1,.,.,.,S,S,S,S,terrain-wasteland-sand
50,86,S,wasteland-sand,D,1,.,.,.,f,S,S,S,terrain-wasteland-sand
51,86,S,wasteland-sand,D,1,.,.,.,f,S,S,S,terrain-wasteland-sand
52,86,S,wasteland-sand,D,1,.,.,.,f,S,S,S,terrain-wasteland-sand
53,86,S,wasteland-sand,D,1,.,.,.,f,S,S,S,terrain-wasteland-sand
54,86,S,wasteland-sand,D,1,.,.,.,f,S,S,S,terrain-wasteland-sand
55,86,S,wasteland-sand,D,1,.,.,.,f,f,S,S,terrain-wasteland-sand
56,86,f,farm-field,A,1,.,.,.,f,f,S,S,terrain-farm-field
57,86,f,farm-field,A,1,.,.,.,f,f,S,f,terrain-farm-field
58,86,f,farm-field,A,1,.,.,.,f,f,g,f,terrain-farm-field
59,86,f,farm-field,A,1,~,.,.,f,f,g,f,terrain-farm-field
60,86,f,farm-field,A,1,~,.,.,f,f,B,f,terrain-farm-field
61,86,f,farm-field,A,1,~,.,.,f,f,B,f,terrain-farm-field
62,86,f,farm-field,A,1,~,.,.,f,f,B,f,terrain-farm-field
63,86,f,farm-field,A,1,~,.,.,f,f,B,f,terrain-farm-field
64,86,f,farm-field,A,1,~,.,.,f,f,B,f,terrain-farm-field
65,86,f,farm-field,A,1,~,.,.,f,f,B,f,terrain-farm-field
66,86,f,farm-field,A,1,~,.,.,f,f,B,f,terrain-farm-field
67,86,f,farm-field,A,1,~,.,.,f,B,B,f,terrain-farm-field
68,86,B,beach-sand,C,1,.,.,.,B,B,B,f,terrain-beach-sand
69,86,B,beach-sand,C,1,.,.,.,B,B,B,B,terrain-beach-sand
70,86,B,beach-sand,C,1,.,.,.,B,B,B,B,terrain-beach-sand
71,86,B,beach-sand,C,1,.,.,.,B,B,B,B,terrain-beach-sand
72,86,B,beach-sand,C,1,.,.,.,B,B,B,B,terrain-beach-sand
73,86,B,beach-sand,C,1,.,.,.,B,B,M,B,terrain-beach-sand
74,86,B,beach-sand,C,1,.,.,.,B,B,M,B,terrain-beach-sand
75,86,B,beach-sand,C,1,.,.,.,B,B,M,B,terrain-beach-sand
76,86,B,beach-sand,C,1,.,.,.,B,B,M,B,terrain-beach-sand
77,86,B,beach-sand,C,1,.,.,.,B,B,M,B,terrain-beach-sand
78,86,B,beach-sand,C,1,.,.,C,B,B,M,B,terrain-beach-sand
79,86,B,beach-sand,C,1,.,.,C,B,B,M,B,terrain-beach-sand
80,86,B,beach-sand,C,1,.,.,C,B,B,M,B,terrain-beach-sand
81,86,B,beach-sand,C,0,#,.,C,B,B,M,B,terrain-beach-sand
82,86,B,beach-sand,C,0,#,.,C,B,B,M,B,terrain-beach-sand
83,86,B,beach-sand,C,0,#,.,C,B,B,M,B,terrain-beach-sand
84,86,B,beach-sand,C,0,#,.,C,B,B,M,B,terrain-beach-sand
85,86,B,beach-sand,C,1,.,.,C,B,B,M,B,terrain-beach-sand
86,86,B,beach-sand,C,1,.,.,C,B,B,M,B,terrain-beach-sand
87,86,B,beach-sand,C,1,.,.,.,B,B,M,B,terrain-beach-sand
88,86,B,beach-sand,C,1,.,.,.,B,B,B,B,terrain-beach-sand
89,86,B,beach-sand,C,1,.,.,.,B,B,B,B,terrain-beach-sand
90,86,B,beach-sand,C,1,.,.,.,B,B,B,B,terrain-beach-sand
91,86,B,beach-sand,C,1,.,.,.,B,B,B,B,terrain-beach-sand
92,86,B,beach-sand,C,1,.,.,.,B,B,B,B,terrain-beach-sand
93,86,B,beach-sand,C,1,.,.,.,B,B,B,B,terrain-beach-sand
94,86,B,beach-sand,C,1,.,.,.,B,B,B,B,terrain-beach-sand
95,86,B,beach-sand,C,1,.,.,.,B,B,B,B,terrain-beach-sand
96,86,B,beach-sand,C,1,.,.,.,B,B,B,B,terrain-beach-sand
97,86,B,beach-sand,C,1,.,.,.,B,B,B,B,terrain-beach-sand
98,86,B,beach-sand,C,1,.,.,.,B,O,B,B,terrain-beach-sand
99,86,O,sea-water,S,1,#,.,.,O,VOID,O,B,terrain-sea-water
0,87,X,cliff-mountain,M,1,#,.,.,X,S,X,VOID,terrain-cliff-mountain
1,87,S,wasteland-sand,D,1,.,.,.,S,S,S,X,terrain-wasteland-sand
2,87,S,wasteland-sand,D,1,.,.,.,S,S,S,S,terrain-wasteland-sand
3,87,S,wasteland-sand,D,1,.,.,.,S,S,S,S,terrain-wasteland-sand
4,87,S,wasteland-sand,D,1,.,.,.,S,S,S,S,terrain-wasteland-sand
5,87,S,wasteland-sand,D,1,.,.,.,S,S,S,S,terrain-wasteland-sand
6,87,S,wasteland-sand,D,1,.,.,.,S,S,S,S,terrain-wasteland-sand
7,87,S,wasteland-sand,D,1,.,.,.,S,S,S,S,terrain-wasteland-sand
8,87,S,wasteland-sand,D,1,.,.,.,S,S,S,S,terrain-wasteland-sand
9,87,S,wasteland-sand,D,1,.,.,.,X,S,S,S,terrain-wasteland-sand
10,87,S,wasteland-sand,D,1,.,.,.,X,S,S,S,terrain-wasteland-sand
11,87,S,wasteland-sand,D,1,.,.,.,X,X,S,S,terrain-wasteland-sand
12,87,X,cliff-mountain,M,1,#,.,.,X,X,S,S,terrain-cliff-mountain
13,87,X,cliff-mountain,M,1,#,.,.,X,X,S,X,terrain-cliff-mountain
14,87,X,cliff-mountain,M,1,#,.,.,X,X,S,X,terrain-cliff-mountain
15,87,X,cliff-mountain,M,1,#,.,.,X,X,X,X,terrain-cliff-mountain
16,87,X,cliff-mountain,M,1,#,.,.,X,X,X,X,terrain-cliff-mountain
17,87,X,cliff-mountain,M,1,#,.,.,X,X,X,X,terrain-cliff-mountain
18,87,X,cliff-mountain,M,1,#,.,.,X,X,S,X,terrain-cliff-mountain
19,87,X,cliff-mountain,M,1,#,.,.,X,X,S,X,terrain-cliff-mountain
20,87,X,cliff-mountain,M,1,#,.,.,X,X,S,X,terrain-cliff-mountain
21,87,X,cliff-mountain,M,1,#,.,.,X,S,S,X,terrain-cliff-mountain
22,87,S,wasteland-sand,D,1,.,.,.,X,S,S,X,terrain-wasteland-sand
23,87,S,wasteland-sand,D,1,.,.,.,X,S,S,S,terrain-wasteland-sand
24,87,S,wasteland-sand,D,1,.,.,.,X,S,S,S,terrain-wasteland-sand
25,87,S,wasteland-sand,D,1,.,.,.,S,S,S,S,terrain-wasteland-sand
26,87,S,wasteland-sand,D,1,.,.,.,S,S,S,S,terrain-wasteland-sand
27,87,S,wasteland-sand,D,1,.,.,.,S,S,S,S,terrain-wasteland-sand
28,87,S,wasteland-sand,D,1,.,.,.,S,S,S,S,terrain-wasteland-sand
29,87,S,wasteland-sand,D,1,.,.,.,S,S,S,S,terrain-wasteland-sand
30,87,S,wasteland-sand,D,1,.,.,.,S,S,S,S,terrain-wasteland-sand
31,87,S,wasteland-sand,D,1,.,.,.,S,S,S,S,terrain-wasteland-sand
32,87,S,wasteland-sand,D,1,.,.,.,S,S,S,S,terrain-wasteland-sand
33,87,S,wasteland-sand,D,1,.,.,.,S,S,S,S,terrain-wasteland-sand
34,87,S,wasteland-sand,D,1,.,.,.,S,S,S,S,terrain-wasteland-sand
35,87,S,wasteland-sand,D,1,.,.,.,S,S,S,S,terrain-wasteland-sand
36,87,S,wasteland-sand,D,1,.,.,.,S,S,S,S,terrain-wasteland-sand
37,87,S,wasteland-sand,D,1,.,.,.,S,S,S,S,terrain-wasteland-sand
38,87,S,wasteland-sand,D,1,.,.,.,S,S,S,S,terrain-wasteland-sand
39,87,S,wasteland-sand,D,1,.,.,.,S,S,S,S,terrain-wasteland-sand
40,87,S,wasteland-sand,D,1,.,.,.,S,S,S,S,terrain-wasteland-sand
41,87,S,wasteland-sand,D,1,.,.,.,S,S,S,S,terrain-wasteland-sand
42,87,S,wasteland-sand,D,1,.,.,.,S,S,S,S,terrain-wasteland-sand
43,87,S,wasteland-sand,D,1,.,.,.,S,S,S,S,terrain-wasteland-sand
44,87,S,wasteland-sand,D,1,.,.,.,S,S,S,S,terrain-wasteland-sand
45,87,S,wasteland-sand,D,1,.,.,.,S,S,S,S,terrain-wasteland-sand
46,87,S,wasteland-sand,D,1,.,.,.,S,S,S,S,terrain-wasteland-sand
47,87,S,wasteland-sand,D,1,.,.,.,S,S,S,S,terrain-wasteland-sand
48,87,S,wasteland-sand,D,1,.,.,.,S,S,S,S,terrain-wasteland-sand
49,87,S,wasteland-sand,D,1,.,.,.,S,S,S,S,terrain-wasteland-sand
50,87,S,wasteland-sand,D,1,.,.,.,S,S,S,S,terrain-wasteland-sand
51,87,S,wasteland-sand,D,1,.,.,.,S,S,S,S,terrain-wasteland-sand
52,87,S,wasteland-sand,D,1,.,.,.,S,S,S,S,terrain-wasteland-sand
53,87,S,wasteland-sand,D,1,.,.,.,S,S,S,S,terrain-wasteland-sand
54,87,S,wasteland-sand,D,1,.,.,.,S,S,S,S,terrain-wasteland-sand
55,87,S,wasteland-sand,D,1,.,.,.,S,S,S,S,terrain-wasteland-sand
56,87,S,wasteland-sand,D,1,.,.,.,f,S,S,S,terrain-wasteland-sand
57,87,S,wasteland-sand,D,1,.,.,.,f,g,B,S,terrain-wasteland-sand
58,87,g,dry-grass,P,1,.,.,.,f,g,B,S,terrain-dry-grass
59,87,g,dry-grass,P,1,.,.,.,f,B,B,g,terrain-dry-grass
60,87,B,beach-sand,C,1,.,.,.,f,B,B,g,terrain-beach-sand
61,87,B,beach-sand,C,1,.,.,.,f,B,B,B,terrain-beach-sand
62,87,B,beach-sand,C,1,.,.,.,f,B,B,B,terrain-beach-sand
63,87,B,beach-sand,C,1,.,.,.,f,B,B,B,terrain-beach-sand
64,87,B,beach-sand,C,1,.,.,.,f,B,B,B,terrain-beach-sand
65,87,B,beach-sand,C,1,.,.,.,f,B,B,B,terrain-beach-sand
66,87,B,beach-sand,C,1,.,.,.,f,B,B,B,terrain-beach-sand
67,87,B,beach-sand,C,1,.,.,.,f,B,B,B,terrain-beach-sand
68,87,B,beach-sand,C,1,.,.,.,B,B,M,B,terrain-beach-sand
69,87,B,beach-sand,C,1,.,.,.,B,B,M,B,terrain-beach-sand
70,87,B,beach-sand,C,1,.,.,.,B,B,M,B,terrain-beach-sand
71,87,B,beach-sand,C,1,.,.,.,B,B,M,B,terrain-beach-sand
72,87,B,beach-sand,C,1,.,.,.,B,M,M,B,terrain-beach-sand
73,87,M,mud-reeds,C,0,#,.,.,B,M,O,B,terrain-mud-reeds
74,87,M,mud-reeds,C,0,#,.,.,B,M,O,M,terrain-mud-reeds
75,87,M,mud-reeds,C,0,#,.,.,B,M,O,M,terrain-mud-reeds
76,87,M,mud-reeds,C,0,#,.,.,B,M,O,M,terrain-mud-reeds
77,87,M,mud-reeds,C,0,#,.,.,B,M,O,M,terrain-mud-reeds
78,87,M,mud-reeds,C,0,#,.,.,B,M,O,M,terrain-mud-reeds
79,87,M,mud-reeds,C,0,#,.,C,B,M,O,M,terrain-mud-reeds
80,87,M,mud-reeds,C,0,#,.,C,B,M,O,M,terrain-mud-reeds
81,87,M,mud-reeds,C,0,#,.,C,B,M,O,M,terrain-mud-reeds
82,87,M,mud-reeds,C,0,#,.,C,B,M,O,M,terrain-mud-reeds
83,87,M,mud-reeds,C,0,#,.,C,B,M,O,M,terrain-mud-reeds
84,87,M,mud-reeds,C,0,#,.,C,B,M,O,M,terrain-mud-reeds
85,87,M,mud-reeds,C,0,#,.,C,B,M,O,M,terrain-mud-reeds
86,87,M,mud-reeds,C,0,#,.,.,B,M,O,M,terrain-mud-reeds
87,87,M,mud-reeds,C,0,#,.,.,B,B,O,M,terrain-mud-reeds
88,87,B,beach-sand,C,1,.,.,.,B,B,M,M,terrain-beach-sand
89,87,B,beach-sand,C,1,.,.,.,B,B,M,B,terrain-beach-sand
90,87,B,beach-sand,C,1,.,.,.,B,B,M,B,terrain-beach-sand
91,87,B,beach-sand,C,1,.,.,.,B,B,M,B,terrain-beach-sand
92,87,B,beach-sand,C,1,.,.,.,B,B,M,B,terrain-beach-sand
93,87,B,beach-sand,C,1,.,.,.,B,B,B,B,terrain-beach-sand
94,87,B,beach-sand,C,1,.,.,.,B,B,B,B,terrain-beach-sand
95,87,B,beach-sand,C,1,.,.,.,B,B,B,B,terrain-beach-sand
96,87,B,beach-sand,C,1,.,.,.,B,B,B,B,terrain-beach-sand
97,87,B,beach-sand,C,1,.,.,.,B,B,B,B,terrain-beach-sand
98,87,B,beach-sand,C,1,.,.,.,B,O,B,B,terrain-beach-sand
99,87,O,sea-water,S,1,#,.,.,O,VOID,O,B,terrain-sea-water
0,88,X,cliff-mountain,M,1,#,.,.,X,S,X,VOID,terrain-cliff-mountain
1,88,S,wasteland-sand,D,1,.,.,.,S,S,g,X,terrain-wasteland-sand
2,88,S,wasteland-sand,D,1,.,.,.,S,S,g,S,terrain-wasteland-sand
3,88,S,wasteland-sand,D,1,.,.,.,S,S,g,S,terrain-wasteland-sand
4,88,S,wasteland-sand,D,1,.,.,.,S,S,g,S,terrain-wasteland-sand
5,88,S,wasteland-sand,D,1,.,.,.,S,S,g,S,terrain-wasteland-sand
6,88,S,wasteland-sand,D,1,.,.,.,S,S,g,S,terrain-wasteland-sand
7,88,S,wasteland-sand,D,1,.,.,.,S,S,g,S,terrain-wasteland-sand
8,88,S,wasteland-sand,D,1,.,.,.,S,S,g,S,terrain-wasteland-sand
9,88,S,wasteland-sand,D,1,.,.,.,S,S,g,S,terrain-wasteland-sand
10,88,S,wasteland-sand,D,1,.,.,.,S,S,g,S,terrain-wasteland-sand
11,88,S,wasteland-sand,D,1,.,.,.,S,S,g,S,terrain-wasteland-sand
12,88,S,wasteland-sand,D,1,.,.,.,X,S,g,S,terrain-wasteland-sand
13,88,S,wasteland-sand,D,1,.,.,.,X,S,g,S,terrain-wasteland-sand
14,88,S,wasteland-sand,D,1,.,.,.,X,X,g,S,terrain-wasteland-sand
15,88,X,cliff-mountain,M,1,#,.,.,X,X,g,S,terrain-cliff-mountain
16,88,X,cliff-mountain,M,1,#,.,.,X,X,g,X,terrain-cliff-mountain
17,88,X,cliff-mountain,M,1,#,.,.,X,S,g,X,terrain-cliff-mountain
18,88,S,wasteland-sand,D,1,.,.,.,X,S,g,X,terrain-wasteland-sand
19,88,S,wasteland-sand,D,1,.,.,.,X,S,g,S,terrain-wasteland-sand
20,88,S,wasteland-sand,D,1,.,.,.,X,S,g,S,terrain-wasteland-sand
21,88,S,wasteland-sand,D,1,.,.,.,X,S,g,S,terrain-wasteland-sand
22,88,S,wasteland-sand,D,1,.,.,.,S,S,g,S,terrain-wasteland-sand
23,88,S,wasteland-sand,D,1,.,.,.,S,S,g,S,terrain-wasteland-sand
24,88,S,wasteland-sand,D,1,.,.,.,S,S,g,S,terrain-wasteland-sand
25,88,S,wasteland-sand,D,1,.,.,.,S,S,g,S,terrain-wasteland-sand
26,88,S,wasteland-sand,D,1,.,.,.,S,S,g,S,terrain-wasteland-sand
27,88,S,wasteland-sand,D,1,.,.,.,S,S,g,S,terrain-wasteland-sand
28,88,S,wasteland-sand,D,1,.,.,.,S,S,g,S,terrain-wasteland-sand
29,88,S,wasteland-sand,D,1,.,.,.,S,S,g,S,terrain-wasteland-sand
30,88,S,wasteland-sand,D,1,.,.,.,S,S,g,S,terrain-wasteland-sand
31,88,S,wasteland-sand,D,1,.,.,.,S,S,g,S,terrain-wasteland-sand
32,88,S,wasteland-sand,D,1,.,.,.,S,S,g,S,terrain-wasteland-sand
33,88,S,wasteland-sand,D,1,.,.,.,S,S,g,S,terrain-wasteland-sand
34,88,S,wasteland-sand,D,1,.,.,.,S,S,g,S,terrain-wasteland-sand
35,88,S,wasteland-sand,D,1,.,.,.,S,S,g,S,terrain-wasteland-sand
36,88,S,wasteland-sand,D,1,.,.,.,S,S,g,S,terrain-wasteland-sand
37,88,S,wasteland-sand,D,1,.,.,.,S,S,g,S,terrain-wasteland-sand
38,88,S,wasteland-sand,D,1,.,.,.,S,S,g,S,terrain-wasteland-sand
39,88,S,wasteland-sand,D,1,.,.,.,S,S,g,S,terrain-wasteland-sand
40,88,S,wasteland-sand,D,1,.,.,.,S,S,g,S,terrain-wasteland-sand
41,88,S,wasteland-sand,D,1,.,.,.,S,S,g,S,terrain-wasteland-sand
42,88,S,wasteland-sand,D,1,.,.,.,S,S,g,S,terrain-wasteland-sand
43,88,S,wasteland-sand,D,1,.,.,.,S,S,g,S,terrain-wasteland-sand
44,88,S,wasteland-sand,D,1,.,.,.,S,S,g,S,terrain-wasteland-sand
45,88,S,wasteland-sand,D,1,.,.,.,S,S,g,S,terrain-wasteland-sand
46,88,S,wasteland-sand,D,1,.,.,.,S,S,g,S,terrain-wasteland-sand
47,88,S,wasteland-sand,D,1,.,.,.,S,S,g,S,terrain-wasteland-sand
48,88,S,wasteland-sand,D,1,.,.,.,S,S,g,S,terrain-wasteland-sand
49,88,S,wasteland-sand,D,1,.,.,.,S,S,g,S,terrain-wasteland-sand
50,88,S,wasteland-sand,D,1,.,.,.,S,S,g,S,terrain-wasteland-sand
51,88,S,wasteland-sand,D,1,.,.,.,S,S,g,S,terrain-wasteland-sand
52,88,S,wasteland-sand,D,1,.,.,.,S,S,g,S,terrain-wasteland-sand
53,88,S,wasteland-sand,D,1,.,.,.,S,S,g,S,terrain-wasteland-sand
54,88,S,wasteland-sand,D,1,.,.,.,S,S,B,S,terrain-wasteland-sand
55,88,S,wasteland-sand,D,1,.,.,.,S,S,B,S,terrain-wasteland-sand
56,88,S,wasteland-sand,D,1,.,.,.,S,B,B,S,terrain-wasteland-sand
57,88,B,beach-sand,C,1,.,.,.,S,B,B,S,terrain-beach-sand
58,88,B,beach-sand,C,1,.,.,.,g,B,B,B,terrain-beach-sand
59,88,B,beach-sand,C,1,.,.,.,g,B,B,B,terrain-beach-sand
60,88,B,beach-sand,C,1,.,.,.,B,B,B,B,terrain-beach-sand
61,88,B,beach-sand,C,1,.,.,.,B,B,B,B,terrain-beach-sand
62,88,B,beach-sand,C,1,.,.,.,B,B,B,B,terrain-beach-sand
63,88,B,beach-sand,C,1,.,.,.,B,B,B,B,terrain-beach-sand
64,88,B,beach-sand,C,1,.,.,.,B,B,M,B,terrain-beach-sand
65,88,B,beach-sand,C,1,.,.,.,B,B,M,B,terrain-beach-sand
66,88,B,beach-sand,C,1,.,.,.,B,B,M,B,terrain-beach-sand
67,88,B,beach-sand,C,1,.,.,.,B,M,M,B,terrain-beach-sand
68,88,M,mud-reeds,C,0,#,.,.,B,M,O,B,terrain-mud-reeds
69,88,M,mud-reeds,C,0,#,.,.,B,M,O,M,terrain-mud-reeds
70,88,M,mud-reeds,C,0,#,.,.,B,M,O,M,terrain-mud-reeds
71,88,M,mud-reeds,C,0,#,.,.,B,M,O,M,terrain-mud-reeds
72,88,M,mud-reeds,C,0,#,.,.,B,O,O,M,terrain-mud-reeds
73,88,O,sea-water,S,0,#,.,.,M,O,O,M,terrain-sea-water
74,88,O,sea-water,S,0,#,.,.,M,O,O,O,terrain-sea-water
75,88,O,sea-water,S,0,#,.,.,M,O,O,O,terrain-sea-water
76,88,O,sea-water,S,0,#,.,.,M,O,O,O,terrain-sea-water
77,88,O,sea-water,S,0,#,.,.,M,O,O,O,terrain-sea-water
78,88,O,sea-water,S,0,#,.,.,M,O,O,O,terrain-sea-water
79,88,O,sea-water,S,0,#,.,.,M,O,O,O,terrain-sea-water
80,88,O,sea-water,S,0,#,.,.,M,O,O,O,terrain-sea-water
81,88,O,sea-water,S,0,#,.,.,M,O,O,O,terrain-sea-water
82,88,O,sea-water,S,0,#,.,C,M,O,O,O,terrain-sea-water
83,88,O,sea-water,S,0,#,.,.,M,O,O,O,terrain-sea-water
84,88,O,sea-water,S,0,#,.,.,M,O,O,O,terrain-sea-water
85,88,O,sea-water,S,0,#,.,.,M,O,O,O,terrain-sea-water
86,88,O,sea-water,S,0,#,.,.,M,O,O,O,terrain-sea-water
87,88,O,sea-water,S,0,#,.,.,M,M,O,O,terrain-sea-water
88,88,M,mud-reeds,C,0,#,.,.,B,M,O,O,terrain-mud-reeds
89,88,M,mud-reeds,C,0,#,.,.,B,M,O,M,terrain-mud-reeds
90,88,M,mud-reeds,C,0,#,.,.,B,M,O,M,terrain-mud-reeds
91,88,M,mud-reeds,C,0,#,.,.,B,M,O,M,terrain-mud-reeds
92,88,M,mud-reeds,C,0,#,.,.,B,B,O,M,terrain-mud-reeds
93,88,B,beach-sand,C,1,.,.,.,B,B,M,M,terrain-beach-sand
94,88,B,beach-sand,C,1,.,.,.,B,B,M,B,terrain-beach-sand
95,88,B,beach-sand,C,1,.,.,.,B,B,M,B,terrain-beach-sand
96,88,B,beach-sand,C,1,.,.,.,B,B,M,B,terrain-beach-sand
97,88,B,beach-sand,C,1,.,.,.,B,B,B,B,terrain-beach-sand
98,88,B,beach-sand,C,1,.,.,.,B,O,B,B,terrain-beach-sand
99,88,O,sea-water,S,1,#,.,.,O,VOID,O,B,terrain-sea-water
0,89,X,cliff-mountain,M,1,#,.,.,X,g,X,VOID,terrain-cliff-mountain
1,89,g,dry-grass,P,1,.,.,.,S,g,g,X,terrain-dry-grass
2,89,g,dry-grass,P,1,.,.,.,S,g,g,g,terrain-dry-grass
3,89,g,dry-grass,P,1,.,.,.,S,g,g,g,terrain-dry-grass
4,89,g,dry-grass,P,1,.,.,.,S,g,g,g,terrain-dry-grass
5,89,g,dry-grass,P,1,.,.,.,S,g,g,g,terrain-dry-grass
6,89,g,dry-grass,P,1,.,.,.,S,g,g,g,terrain-dry-grass
7,89,g,dry-grass,P,1,.,.,.,S,g,g,g,terrain-dry-grass
8,89,g,dry-grass,P,1,.,.,.,S,g,g,g,terrain-dry-grass
9,89,g,dry-grass,P,1,.,.,.,S,g,g,g,terrain-dry-grass
10,89,g,dry-grass,P,1,.,.,.,S,g,g,g,terrain-dry-grass
11,89,g,dry-grass,P,1,.,.,.,S,g,g,g,terrain-dry-grass
12,89,g,dry-grass,P,1,.,.,.,S,g,g,g,terrain-dry-grass
13,89,g,dry-grass,P,1,.,.,.,S,g,g,g,terrain-dry-grass
14,89,g,dry-grass,P,1,.,.,.,S,g,g,g,terrain-dry-grass
15,89,g,dry-grass,P,1,.,.,.,X,g,g,g,terrain-dry-grass
16,89,g,dry-grass,P,1,.,.,.,X,g,g,g,terrain-dry-grass
17,89,g,dry-grass,P,1,.,.,.,X,g,g,g,terrain-dry-grass
18,89,g,dry-grass,P,1,.,.,.,S,g,g,g,terrain-dry-grass
19,89,g,dry-grass,P,1,.,.,.,S,g,g,g,terrain-dry-grass
20,89,g,dry-grass,P,1,.,.,.,S,g,g,g,terrain-dry-grass
21,89,g,dry-grass,P,1,.,.,.,S,g,g,g,terrain-dry-grass
22,89,g,dry-grass,P,1,.,.,.,S,g,g,g,terrain-dry-grass
23,89,g,dry-grass,P,1,.,.,.,S,g,g,g,terrain-dry-grass
24,89,g,dry-grass,P,1,.,.,.,S,g,g,g,terrain-dry-grass
25,89,g,dry-grass,P,1,.,.,.,S,g,g,g,terrain-dry-grass
26,89,g,dry-grass,P,1,.,.,.,S,g,g,g,terrain-dry-grass
27,89,g,dry-grass,P,1,.,.,.,S,g,g,g,terrain-dry-grass
28,89,g,dry-grass,P,1,.,.,.,S,g,g,g,terrain-dry-grass
29,89,g,dry-grass,P,1,.,.,.,S,g,g,g,terrain-dry-grass
30,89,g,dry-grass,P,1,.,.,.,S,g,g,g,terrain-dry-grass
31,89,g,dry-grass,P,1,.,.,.,S,g,g,g,terrain-dry-grass
32,89,g,dry-grass,P,1,.,.,.,S,g,g,g,terrain-dry-grass
33,89,g,dry-grass,P,1,.,.,.,S,g,g,g,terrain-dry-grass
34,89,g,dry-grass,P,1,.,.,.,S,g,g,g,terrain-dry-grass
35,89,g,dry-grass,P,1,.,.,.,S,g,g,g,terrain-dry-grass
36,89,g,dry-grass,P,1,.,.,.,S,g,g,g,terrain-dry-grass
37,89,g,dry-grass,P,1,.,.,.,S,g,g,g,terrain-dry-grass
38,89,g,dry-grass,P,1,.,.,.,S,g,g,g,terrain-dry-grass
39,89,g,dry-grass,P,1,.,.,.,S,g,g,g,terrain-dry-grass
40,89,g,dry-grass,P,1,.,.,.,S,g,g,g,terrain-dry-grass
41,89,g,dry-grass,P,1,.,.,.,S,g,g,g,terrain-dry-grass
42,89,g,dry-grass,P,1,.,.,.,S,g,g,g,terrain-dry-grass
43,89,g,dry-grass,P,1,.,.,.,S,g,g,g,terrain-dry-grass
44,89,g,dry-grass,P,1,.,.,.,S,g,g,g,terrain-dry-grass
45,89,g,dry-grass,P,1,.,.,.,S,g,g,g,terrain-dry-grass
46,89,g,dry-grass,P,1,.,.,.,S,g,g,g,terrain-dry-grass
47,89,g,dry-grass,P,1,.,.,.,S,g,g,g,terrain-dry-grass
48,89,g,dry-grass,P,1,.,.,.,S,g,g,g,terrain-dry-grass
49,89,g,dry-grass,P,1,.,.,.,S,g,g,g,terrain-dry-grass
50,89,g,dry-grass,P,1,.,.,.,S,g,g,g,terrain-dry-grass
51,89,g,dry-grass,P,1,.,.,.,S,g,g,g,terrain-dry-grass
52,89,g,dry-grass,P,1,.,.,.,S,g,g,g,terrain-dry-grass
53,89,g,dry-grass,P,1,.,.,.,S,B,B,g,terrain-dry-grass
54,89,B,beach-sand,C,1,.,.,.,S,B,B,g,terrain-beach-sand
55,89,B,beach-sand,C,1,.,.,.,S,B,B,B,terrain-beach-sand
56,89,B,beach-sand,C,1,.,.,.,S,B,B,B,terrain-beach-sand
57,89,B,beach-sand,C,1,.,.,.,B,B,B,B,terrain-beach-sand
58,89,B,beach-sand,C,1,.,.,.,B,B,B,B,terrain-beach-sand
59,89,B,beach-sand,C,1,.,.,.,B,B,B,B,terrain-beach-sand
60,89,B,beach-sand,C,1,.,.,.,B,B,M,B,terrain-beach-sand
61,89,B,beach-sand,C,1,.,.,.,B,B,M,B,terrain-beach-sand
62,89,B,beach-sand,C,1,.,.,.,B,B,M,B,terrain-beach-sand
63,89,B,beach-sand,C,1,.,.,.,B,M,M,B,terrain-beach-sand
64,89,M,mud-reeds,C,0,#,.,.,B,M,O,B,terrain-mud-reeds
65,89,M,mud-reeds,C,0,#,.,.,B,M,O,M,terrain-mud-reeds
66,89,M,mud-reeds,C,0,#,.,.,B,M,O,M,terrain-mud-reeds
67,89,M,mud-reeds,C,0,#,.,.,B,O,O,M,terrain-mud-reeds
68,89,O,sea-water,S,0,#,.,.,M,O,O,M,terrain-sea-water
69,89,O,sea-water,S,0,#,.,.,M,O,O,O,terrain-sea-water
70,89,O,sea-water,S,0,#,.,.,M,O,O,O,terrain-sea-water
71,89,O,sea-water,S,0,#,.,.,M,O,O,O,terrain-sea-water
72,89,O,sea-water,S,0,#,.,.,M,O,O,O,terrain-sea-water
73,89,O,sea-water,S,0,#,.,.,O,O,O,O,terrain-sea-water
74,89,O,sea-water,S,0,#,.,.,O,O,O,O,terrain-sea-water
75,89,O,sea-water,S,0,#,.,.,O,O,O,O,terrain-sea-water
76,89,O,sea-water,S,0,#,.,.,O,O,O,O,terrain-sea-water
77,89,O,sea-water,S,0,#,.,.,O,O,O,O,terrain-sea-water
78,89,O,sea-water,S,0,#,.,.,O,O,O,O,terrain-sea-water
79,89,O,sea-water,S,0,#,.,.,O,O,O,O,terrain-sea-water
80,89,O,sea-water,S,0,#,.,.,O,O,O,O,terrain-sea-water
81,89,O,sea-water,S,0,#,.,.,O,O,O,O,terrain-sea-water
82,89,O,sea-water,S,0,#,.,.,O,O,O,O,terrain-sea-water
83,89,O,sea-water,S,0,#,.,.,O,O,O,O,terrain-sea-water
84,89,O,sea-water,S,0,#,.,.,O,O,O,O,terrain-sea-water
85,89,O,sea-water,S,0,#,.,.,O,O,O,O,terrain-sea-water
86,89,O,sea-water,S,0,#,.,.,O,O,O,O,terrain-sea-water
87,89,O,sea-water,S,0,#,.,.,O,O,O,O,terrain-sea-water
88,89,O,sea-water,S,0,#,.,.,M,O,O,O,terrain-sea-water
89,89,O,sea-water,S,0,#,.,.,M,O,O,O,terrain-sea-water
90,89,O,sea-water,S,0,#,.,.,M,O,O,O,terrain-sea-water
91,89,O,sea-water,S,0,#,.,.,M,O,O,O,terrain-sea-water
92,89,O,sea-water,S,0,#,.,.,M,M,O,O,terrain-sea-water
93,89,M,mud-reeds,C,0,#,.,.,B,M,O,O,terrain-mud-reeds
94,89,M,mud-reeds,C,0,#,.,.,B,M,O,M,terrain-mud-reeds
95,89,M,mud-reeds,C,0,#,.,.,B,M,O,M,terrain-mud-reeds
96,89,M,mud-reeds,C,0,#,.,.,B,B,O,M,terrain-mud-reeds
97,89,B,beach-sand,C,1,.,.,.,B,B,M,M,terrain-beach-sand
98,89,B,beach-sand,C,1,.,.,.,B,O,M,B,terrain-beach-sand
99,89,O,sea-water,S,1,#,.,.,O,VOID,O,B,terrain-sea-water
0,90,X,cliff-mountain,M,1,#,.,.,X,g,X,VOID,terrain-cliff-mountain
1,90,g,dry-grass,P,1,.,.,.,g,g,B,X,terrain-dry-grass
2,90,g,dry-grass,P,1,.,.,.,g,g,B,g,terrain-dry-grass
3,90,g,dry-grass,P,1,.,.,.,g,g,B,g,terrain-dry-grass
4,90,g,dry-grass,P,1,.,.,.,g,g,B,g,terrain-dry-grass
5,90,g,dry-grass,P,1,.,.,.,g,g,B,g,terrain-dry-grass
6,90,g,dry-grass,P,1,.,.,.,g,g,B,g,terrain-dry-grass
7,90,g,dry-grass,P,1,.,.,.,g,g,B,g,terrain-dry-grass
8,90,g,dry-grass,P,1,.,.,.,g,g,B,g,terrain-dry-grass
9,90,g,dry-grass,P,1,.,.,.,g,g,B,g,terrain-dry-grass
10,90,g,dry-grass,P,1,.,.,.,g,g,B,g,terrain-dry-grass
11,90,g,dry-grass,P,1,.,.,.,g,g,B,g,terrain-dry-grass
12,90,g,dry-grass,P,1,.,.,.,g,g,B,g,terrain-dry-grass
13,90,g,dry-grass,P,1,.,.,.,g,g,B,g,terrain-dry-grass
14,90,g,dry-grass,P,1,.,.,.,g,g,B,g,terrain-dry-grass
15,90,g,dry-grass,P,1,.,.,.,g,g,B,g,terrain-dry-grass
16,90,g,dry-grass,P,1,.,.,.,g,g,B,g,terrain-dry-grass
17,90,g,dry-grass,P,1,.,.,.,g,g,B,g,terrain-dry-grass
18,90,g,dry-grass,P,1,.,.,.,g,g,B,g,terrain-dry-grass
19,90,g,dry-grass,P,1,.,.,.,g,g,B,g,terrain-dry-grass
20,90,g,dry-grass,P,1,.,.,.,g,g,B,g,terrain-dry-grass
21,90,g,dry-grass,P,1,.,.,.,g,g,B,g,terrain-dry-grass
22,90,g,dry-grass,P,1,.,.,.,g,g,B,g,terrain-dry-grass
23,90,g,dry-grass,P,1,.,.,.,g,g,B,g,terrain-dry-grass
24,90,g,dry-grass,P,1,.,.,.,g,g,B,g,terrain-dry-grass
25,90,g,dry-grass,P,1,.,.,.,g,g,B,g,terrain-dry-grass
26,90,g,dry-grass,P,1,.,.,.,g,g,B,g,terrain-dry-grass
27,90,g,dry-grass,P,1,.,.,.,g,g,B,g,terrain-dry-grass
28,90,g,dry-grass,P,1,.,.,.,g,g,B,g,terrain-dry-grass
29,90,g,dry-grass,P,1,.,.,.,g,g,B,g,terrain-dry-grass
30,90,g,dry-grass,P,1,.,.,.,g,g,B,g,terrain-dry-grass
31,90,g,dry-grass,P,1,.,.,.,g,g,B,g,terrain-dry-grass
32,90,g,dry-grass,P,1,.,.,.,g,g,B,g,terrain-dry-grass
33,90,g,dry-grass,P,1,.,.,.,g,g,B,g,terrain-dry-grass
34,90,g,dry-grass,P,1,.,.,.,g,g,B,g,terrain-dry-grass
35,90,g,dry-grass,P,1,.,.,.,g,g,B,g,terrain-dry-grass
36,90,g,dry-grass,P,1,.,.,.,g,g,B,g,terrain-dry-grass
37,90,g,dry-grass,P,1,.,.,.,g,g,B,g,terrain-dry-grass
38,90,g,dry-grass,P,1,.,.,.,g,g,B,g,terrain-dry-grass
39,90,g,dry-grass,P,1,.,.,.,g,g,B,g,terrain-dry-grass
40,90,g,dry-grass,P,1,.,.,.,g,g,B,g,terrain-dry-grass
41,90,g,dry-grass,P,1,.,.,.,g,g,B,g,terrain-dry-grass
42,90,g,dry-grass,P,1,.,.,.,g,g,B,g,terrain-dry-grass
43,90,g,dry-grass,P,1,.,.,.,g,g,B,g,terrain-dry-grass
44,90,g,dry-grass,P,1,.,.,.,g,g,B,g,terrain-dry-grass
45,90,g,dry-grass,P,1,.,.,.,g,g,B,g,terrain-dry-grass
46,90,g,dry-grass,P,1,.,.,.,g,g,B,g,terrain-dry-grass
47,90,g,dry-grass,P,1,.,.,.,g,g,B,g,terrain-dry-grass
48,90,g,dry-grass,P,1,.,.,.,g,g,B,g,terrain-dry-grass
49,90,g,dry-grass,P,1,.,.,.,g,g,B,g,terrain-dry-grass
50,90,g,dry-grass,P,1,.,.,.,g,g,B,g,terrain-dry-grass
51,90,g,dry-grass,P,1,.,.,.,g,g,B,g,terrain-dry-grass
52,90,g,dry-grass,P,1,.,.,.,g,B,B,g,terrain-dry-grass
53,90,B,beach-sand,C,1,.,.,.,g,B,B,g,terrain-beach-sand
54,90,B,beach-sand,C,1,.,.,.,B,B,B,B,terrain-beach-sand
55,90,B,beach-sand,C,1,.,.,.,B,B,B,B,terrain-beach-sand
56,90,B,beach-sand,C,1,.,.,.,B,B,B,B,terrain-beach-sand
57,90,B,beach-sand,C,1,.,.,.,B,B,M,B,terrain-beach-sand
58,90,B,beach-sand,C,1,.,.,.,B,B,M,B,terrain-beach-sand
59,90,B,beach-sand,C,1,.,.,.,B,M,M,B,terrain-beach-sand
60,90,M,mud-reeds,C,0,#,.,.,B,M,O,B,terrain-mud-reeds
61,90,M,mud-reeds,C,0,#,.,.,B,M,O,M,terrain-mud-reeds
62,90,M,mud-reeds,C,0,#,.,.,B,M,O,M,terrain-mud-reeds
63,90,M,mud-reeds,C,0,#,.,.,B,O,O,M,terrain-mud-reeds
64,90,O,sea-water,S,0,#,.,.,M,O,O,M,terrain-sea-water
65,90,O,sea-water,S,0,#,.,.,M,O,O,O,terrain-sea-water
66,90,O,sea-water,S,0,#,.,.,M,O,O,O,terrain-sea-water
67,90,O,sea-water,S,0,#,.,.,M,O,O,O,terrain-sea-water
68,90,O,sea-water,S,0,#,.,.,O,O,O,O,terrain-sea-water
69,90,O,sea-water,S,0,#,.,.,O,O,O,O,terrain-sea-water
70,90,O,sea-water,S,0,#,.,.,O,O,O,O,terrain-sea-water
71,90,O,sea-water,S,0,#,.,.,O,O,O,O,terrain-sea-water
72,90,O,sea-water,S,0,#,.,.,O,O,O,O,terrain-sea-water
73,90,O,sea-water,S,0,#,.,.,O,O,O,O,terrain-sea-water
74,90,O,sea-water,S,0,#,.,.,O,O,O,O,terrain-sea-water
75,90,O,sea-water,S,0,#,.,.,O,O,O,O,terrain-sea-water
76,90,O,sea-water,S,0,#,.,.,O,O,O,O,terrain-sea-water
77,90,O,sea-water,S,0,#,.,.,O,O,O,O,terrain-sea-water
78,90,O,sea-water,S,0,#,.,.,O,O,O,O,terrain-sea-water
79,90,O,sea-water,S,0,#,.,.,O,O,O,O,terrain-sea-water
80,90,O,sea-water,S,0,#,.,.,O,O,O,O,terrain-sea-water
81,90,O,sea-water,S,0,#,.,.,O,O,O,O,terrain-sea-water
82,90,O,sea-water,S,0,#,.,.,O,O,O,O,terrain-sea-water
83,90,O,sea-water,S,0,#,.,.,O,O,O,O,terrain-sea-water
84,90,O,sea-water,S,0,#,.,.,O,O,O,O,terrain-sea-water
85,90,O,sea-water,S,0,#,.,.,O,O,O,O,terrain-sea-water
86,90,O,sea-water,S,0,#,.,.,O,O,O,O,terrain-sea-water
87,90,O,sea-water,S,0,#,.,.,O,O,O,O,terrain-sea-water
88,90,O,sea-water,S,0,#,.,.,O,O,O,O,terrain-sea-water
89,90,O,sea-water,S,0,#,.,.,O,O,O,O,terrain-sea-water
90,90,O,sea-water,S,0,#,.,.,O,O,O,O,terrain-sea-water
91,90,O,sea-water,S,0,#,.,.,O,O,O,O,terrain-sea-water
92,90,O,sea-water,S,0,#,.,.,O,O,O,O,terrain-sea-water
93,90,O,sea-water,S,0,#,.,.,M,O,O,O,terrain-sea-water
94,90,O,sea-water,S,0,#,.,.,M,O,O,O,terrain-sea-water
95,90,O,sea-water,S,0,#,.,.,M,O,O,O,terrain-sea-water
96,90,O,sea-water,S,0,#,.,.,M,M,O,O,terrain-sea-water
97,90,M,mud-reeds,C,0,#,.,.,B,M,O,O,terrain-mud-reeds
98,90,M,mud-reeds,C,0,#,.,.,B,O,O,M,terrain-mud-reeds
99,90,O,sea-water,S,0,#,.,.,O,VOID,O,M,terrain-sea-water
0,91,X,cliff-mountain,M,1,#,.,.,X,B,X,VOID,terrain-cliff-mountain
1,91,B,beach-sand,C,1,.,.,.,g,B,B,X,terrain-beach-sand
2,91,B,beach-sand,C,1,.,.,.,g,B,B,B,terrain-beach-sand
3,91,B,beach-sand,C,1,.,.,.,g,B,B,B,terrain-beach-sand
4,91,B,beach-sand,C,1,.,.,.,g,B,B,B,terrain-beach-sand
5,91,B,beach-sand,C,1,.,.,.,g,B,B,B,terrain-beach-sand
6,91,B,beach-sand,C,1,.,.,.,g,B,B,B,terrain-beach-sand
7,91,B,beach-sand,C,1,.,.,.,g,B,B,B,terrain-beach-sand
8,91,B,beach-sand,C,1,.,.,.,g,B,B,B,terrain-beach-sand
9,91,B,beach-sand,C,1,.,.,.,g,B,B,B,terrain-beach-sand
10,91,B,beach-sand,C,1,.,.,.,g,B,B,B,terrain-beach-sand
11,91,B,beach-sand,C,1,.,.,.,g,B,B,B,terrain-beach-sand
12,91,B,beach-sand,C,1,.,.,.,g,B,B,B,terrain-beach-sand
13,91,B,beach-sand,C,1,.,.,.,g,B,B,B,terrain-beach-sand
14,91,B,beach-sand,C,1,.,.,.,g,B,B,B,terrain-beach-sand
15,91,B,beach-sand,C,1,.,.,.,g,B,B,B,terrain-beach-sand
16,91,B,beach-sand,C,1,.,.,.,g,B,B,B,terrain-beach-sand
17,91,B,beach-sand,C,1,.,.,.,g,B,B,B,terrain-beach-sand
18,91,B,beach-sand,C,1,.,.,.,g,B,B,B,terrain-beach-sand
19,91,B,beach-sand,C,1,.,.,.,g,B,B,B,terrain-beach-sand
20,91,B,beach-sand,C,1,.,.,.,g,B,B,B,terrain-beach-sand
21,91,B,beach-sand,C,1,.,.,.,g,B,B,B,terrain-beach-sand
22,91,B,beach-sand,C,1,.,.,.,g,B,B,B,terrain-beach-sand
23,91,B,beach-sand,C,1,.,.,.,g,B,B,B,terrain-beach-sand
24,91,B,beach-sand,C,1,.,.,.,g,B,B,B,terrain-beach-sand
25,91,B,beach-sand,C,1,.,.,.,g,B,B,B,terrain-beach-sand
26,91,B,beach-sand,C,1,.,.,.,g,B,B,B,terrain-beach-sand
27,91,B,beach-sand,C,1,.,.,.,g,B,B,B,terrain-beach-sand
28,91,B,beach-sand,C,1,.,.,.,g,B,B,B,terrain-beach-sand
29,91,B,beach-sand,C,1,.,.,.,g,B,B,B,terrain-beach-sand
30,91,B,beach-sand,C,1,.,.,.,g,B,B,B,terrain-beach-sand
31,91,B,beach-sand,C,1,.,.,.,g,B,B,B,terrain-beach-sand
32,91,B,beach-sand,C,1,.,.,.,g,B,B,B,terrain-beach-sand
33,91,B,beach-sand,C,1,.,.,.,g,B,B,B,terrain-beach-sand
34,91,B,beach-sand,C,1,.,.,.,g,B,B,B,terrain-beach-sand
35,91,B,beach-sand,C,1,.,.,.,g,B,B,B,terrain-beach-sand
36,91,B,beach-sand,C,1,.,.,.,g,B,B,B,terrain-beach-sand
37,91,B,beach-sand,C,1,.,.,.,g,B,B,B,terrain-beach-sand
38,91,B,beach-sand,C,1,.,.,.,g,B,B,B,terrain-beach-sand
39,91,B,beach-sand,C,1,.,.,.,g,B,B,B,terrain-beach-sand
40,91,B,beach-sand,C,1,.,.,.,g,B,B,B,terrain-beach-sand
41,91,B,beach-sand,C,1,.,.,.,g,B,B,B,terrain-beach-sand
42,91,B,beach-sand,C,1,.,.,.,g,B,B,B,terrain-beach-sand
43,91,B,beach-sand,C,1,.,.,.,g,B,B,B,terrain-beach-sand
44,91,B,beach-sand,C,1,.,.,.,g,B,B,B,terrain-beach-sand
45,91,B,beach-sand,C,1,.,.,.,g,B,B,B,terrain-beach-sand
46,91,B,beach-sand,C,1,.,.,.,g,B,B,B,terrain-beach-sand
47,91,B,beach-sand,C,1,.,.,.,g,B,B,B,terrain-beach-sand
48,91,B,beach-sand,C,1,.,.,.,g,B,B,B,terrain-beach-sand
49,91,B,beach-sand,C,1,.,.,.,g,B,B,B,terrain-beach-sand
50,91,B,beach-sand,C,1,.,.,.,g,B,B,B,terrain-beach-sand
51,91,B,beach-sand,C,1,.,.,.,g,B,B,B,terrain-beach-sand
52,91,B,beach-sand,C,1,.,.,.,g,B,B,B,terrain-beach-sand
53,91,B,beach-sand,C,1,.,.,.,B,B,B,B,terrain-beach-sand
54,91,B,beach-sand,C,1,.,.,.,B,B,M,B,terrain-beach-sand
55,91,B,beach-sand,C,1,.,.,.,B,B,M,B,terrain-beach-sand
56,91,B,beach-sand,C,1,.,.,.,B,M,M,B,terrain-beach-sand
57,91,M,mud-reeds,C,0,#,.,.,B,M,O,B,terrain-mud-reeds
58,91,M,mud-reeds,C,0,#,.,.,B,M,O,M,terrain-mud-reeds
59,91,M,mud-reeds,C,0,#,.,.,B,O,O,M,terrain-mud-reeds
60,91,O,sea-water,S,0,#,.,.,M,O,O,M,terrain-sea-water
61,91,O,sea-water,S,0,#,.,.,M,O,O,O,terrain-sea-water
62,91,O,sea-water,S,0,#,.,.,M,O,O,O,terrain-sea-water
63,91,O,sea-water,S,0,#,.,.,M,O,O,O,terrain-sea-water
64,91,O,sea-water,S,0,#,.,.,O,O,O,O,terrain-sea-water
65,91,O,sea-water,S,0,#,.,.,O,O,O,O,terrain-sea-water
66,91,O,sea-water,S,0,#,.,.,O,O,O,O,terrain-sea-water
67,91,O,sea-water,S,0,#,.,.,O,O,O,O,terrain-sea-water
68,91,O,sea-water,S,0,#,.,.,O,O,O,O,terrain-sea-water
69,91,O,sea-water,S,0,#,.,.,O,O,O,O,terrain-sea-water
70,91,O,sea-water,S,0,#,.,.,O,O,O,O,terrain-sea-water
71,91,O,sea-water,S,0,#,.,.,O,O,O,O,terrain-sea-water
72,91,O,sea-water,S,0,#,.,.,O,O,O,O,terrain-sea-water
73,91,O,sea-water,S,0,#,.,.,O,O,O,O,terrain-sea-water
74,91,O,sea-water,S,0,#,.,.,O,O,O,O,terrain-sea-water
75,91,O,sea-water,S,0,#,.,.,O,O,O,O,terrain-sea-water
76,91,O,sea-water,S,0,#,.,.,O,O,O,O,terrain-sea-water
77,91,O,sea-water,S,0,#,.,.,O,O,O,O,terrain-sea-water
78,91,O,sea-water,S,0,#,.,.,O,O,O,O,terrain-sea-water
79,91,O,sea-water,S,0,#,.,.,O,O,O,O,terrain-sea-water
80,91,O,sea-water,S,0,#,.,.,O,O,O,O,terrain-sea-water
81,91,O,sea-water,S,0,#,.,.,O,O,O,O,terrain-sea-water
82,91,O,sea-water,S,0,#,.,.,O,O,O,O,terrain-sea-water
83,91,O,sea-water,S,0,#,.,.,O,O,O,O,terrain-sea-water
84,91,O,sea-water,S,0,#,.,.,O,O,O,O,terrain-sea-water
85,91,O,sea-water,S,0,#,.,.,O,O,O,O,terrain-sea-water
86,91,O,sea-water,S,0,#,.,.,O,O,O,O,terrain-sea-water
87,91,O,sea-water,S,0,#,.,.,O,O,O,O,terrain-sea-water
88,91,O,sea-water,S,0,#,.,.,O,O,O,O,terrain-sea-water
89,91,O,sea-water,S,0,#,.,.,O,O,O,O,terrain-sea-water
90,91,O,sea-water,S,0,#,.,.,O,O,O,O,terrain-sea-water
91,91,O,sea-water,S,0,#,.,.,O,O,O,O,terrain-sea-water
92,91,O,sea-water,S,0,#,.,.,O,O,O,O,terrain-sea-water
93,91,O,sea-water,S,0,#,.,.,O,O,O,O,terrain-sea-water
94,91,O,sea-water,S,0,#,.,.,O,O,O,O,terrain-sea-water
95,91,O,sea-water,S,0,#,.,.,O,O,O,O,terrain-sea-water
96,91,O,sea-water,S,0,#,.,.,O,O,O,O,terrain-sea-water
97,91,O,sea-water,S,0,#,.,.,M,O,O,O,terrain-sea-water
98,91,O,sea-water,S,0,#,.,.,M,O,O,O,terrain-sea-water
99,91,O,sea-water,S,0,#,.,.,O,VOID,O,O,terrain-sea-water
0,92,X,cliff-mountain,M,1,#,.,.,X,B,X,VOID,terrain-cliff-mountain
1,92,B,beach-sand,C,1,.,.,.,B,B,B,X,terrain-beach-sand
2,92,B,beach-sand,C,1,.,.,.,B,B,B,B,terrain-beach-sand
3,92,B,beach-sand,C,1,.,.,.,B,B,B,B,terrain-beach-sand
4,92,B,beach-sand,C,1,.,.,.,B,B,B,B,terrain-beach-sand
5,92,B,beach-sand,C,1,.,.,.,B,B,B,B,terrain-beach-sand
6,92,B,beach-sand,C,1,.,.,.,B,B,B,B,terrain-beach-sand
7,92,B,beach-sand,C,1,.,.,.,B,B,B,B,terrain-beach-sand
8,92,B,beach-sand,C,1,.,.,.,B,B,B,B,terrain-beach-sand
9,92,B,beach-sand,C,1,.,.,.,B,B,B,B,terrain-beach-sand
10,92,B,beach-sand,C,1,.,.,.,B,B,B,B,terrain-beach-sand
11,92,B,beach-sand,C,1,.,.,.,B,B,B,B,terrain-beach-sand
12,92,B,beach-sand,C,1,.,.,.,B,B,B,B,terrain-beach-sand
13,92,B,beach-sand,C,1,.,.,.,B,B,B,B,terrain-beach-sand
14,92,B,beach-sand,C,1,.,.,.,B,B,B,B,terrain-beach-sand
15,92,B,beach-sand,C,1,.,.,.,B,B,B,B,terrain-beach-sand
16,92,B,beach-sand,C,1,.,.,.,B,B,B,B,terrain-beach-sand
17,92,B,beach-sand,C,1,.,.,.,B,B,B,B,terrain-beach-sand
18,92,B,beach-sand,C,1,.,.,.,B,B,B,B,terrain-beach-sand
19,92,B,beach-sand,C,1,.,.,.,B,B,B,B,terrain-beach-sand
20,92,B,beach-sand,C,1,.,.,.,B,B,B,B,terrain-beach-sand
21,92,B,beach-sand,C,1,.,.,.,B,B,B,B,terrain-beach-sand
22,92,B,beach-sand,C,1,.,.,.,B,B,B,B,terrain-beach-sand
23,92,B,beach-sand,C,1,.,.,.,B,B,B,B,terrain-beach-sand
24,92,B,beach-sand,C,1,.,.,.,B,B,B,B,terrain-beach-sand
25,92,B,beach-sand,C,1,.,.,.,B,B,B,B,terrain-beach-sand
26,92,B,beach-sand,C,1,.,.,.,B,B,B,B,terrain-beach-sand
27,92,B,beach-sand,C,1,.,.,.,B,B,B,B,terrain-beach-sand
28,92,B,beach-sand,C,1,.,.,.,B,B,B,B,terrain-beach-sand
29,92,B,beach-sand,C,1,.,.,.,B,B,B,B,terrain-beach-sand
30,92,B,beach-sand,C,1,.,.,.,B,B,B,B,terrain-beach-sand
31,92,B,beach-sand,C,1,.,.,.,B,B,B,B,terrain-beach-sand
32,92,B,beach-sand,C,1,.,.,.,B,B,B,B,terrain-beach-sand
33,92,B,beach-sand,C,1,.,.,.,B,B,B,B,terrain-beach-sand
34,92,B,beach-sand,C,1,.,.,.,B,B,B,B,terrain-beach-sand
35,92,B,beach-sand,C,1,.,.,.,B,B,B,B,terrain-beach-sand
36,92,B,beach-sand,C,1,.,.,.,B,B,B,B,terrain-beach-sand
37,92,B,beach-sand,C,1,.,.,.,B,B,B,B,terrain-beach-sand
38,92,B,beach-sand,C,1,.,.,.,B,B,B,B,terrain-beach-sand
39,92,B,beach-sand,C,1,.,.,.,B,B,B,B,terrain-beach-sand
40,92,B,beach-sand,C,1,.,.,.,B,B,B,B,terrain-beach-sand
41,92,B,beach-sand,C,1,.,.,.,B,B,B,B,terrain-beach-sand
42,92,B,beach-sand,C,1,.,.,.,B,B,B,B,terrain-beach-sand
43,92,B,beach-sand,C,1,.,.,.,B,B,B,B,terrain-beach-sand
44,92,B,beach-sand,C,1,.,.,.,B,B,B,B,terrain-beach-sand
45,92,B,beach-sand,C,1,.,.,.,B,B,B,B,terrain-beach-sand
46,92,B,beach-sand,C,1,.,.,.,B,B,B,B,terrain-beach-sand
47,92,B,beach-sand,C,1,.,.,.,B,B,B,B,terrain-beach-sand
48,92,B,beach-sand,C,1,.,.,.,B,B,B,B,terrain-beach-sand
49,92,B,beach-sand,C,1,.,.,.,B,B,B,B,terrain-beach-sand
50,92,B,beach-sand,C,1,.,.,.,B,B,B,B,terrain-beach-sand
51,92,B,beach-sand,C,1,.,.,.,B,B,B,B,terrain-beach-sand
52,92,B,beach-sand,C,1,.,.,.,B,B,B,B,terrain-beach-sand
53,92,B,beach-sand,C,1,.,.,.,B,M,M,B,terrain-beach-sand
54,92,M,mud-reeds,C,0,#,.,.,B,M,O,B,terrain-mud-reeds
55,92,M,mud-reeds,C,0,#,.,.,B,M,O,M,terrain-mud-reeds
56,92,M,mud-reeds,C,0,#,.,.,B,O,O,M,terrain-mud-reeds
57,92,O,sea-water,S,0,#,.,.,M,O,O,M,terrain-sea-water
58,92,O,sea-water,S,0,#,.,.,M,O,O,O,terrain-sea-water
59,92,O,sea-water,S,0,#,.,.,M,O,O,O,terrain-sea-water
60,92,O,sea-water,S,0,#,.,.,O,O,O,O,terrain-sea-water
61,92,O,sea-water,S,0,#,.,.,O,O,O,O,terrain-sea-water
62,92,O,sea-water,S,0,#,.,.,O,O,O,O,terrain-sea-water
63,92,O,sea-water,S,0,#,.,.,O,O,O,O,terrain-sea-water
64,92,O,sea-water,S,0,#,.,.,O,O,O,O,terrain-sea-water
65,92,O,sea-water,S,0,#,.,.,O,O,O,O,terrain-sea-water
66,92,O,sea-water,S,0,#,.,.,O,O,O,O,terrain-sea-water
67,92,O,sea-water,S,0,#,.,.,O,O,O,O,terrain-sea-water
68,92,O,sea-water,S,0,#,.,.,O,O,O,O,terrain-sea-water
69,92,O,sea-water,S,0,#,.,.,O,O,O,O,terrain-sea-water
70,92,O,sea-water,S,0,#,.,.,O,O,O,O,terrain-sea-water
71,92,O,sea-water,S,0,#,.,.,O,O,O,O,terrain-sea-water
72,92,O,sea-water,S,0,#,.,.,O,O,O,O,terrain-sea-water
73,92,O,sea-water,S,0,#,.,.,O,O,O,O,terrain-sea-water
74,92,O,sea-water,S,0,#,.,.,O,O,O,O,terrain-sea-water
75,92,O,sea-water,S,0,#,.,.,O,O,O,O,terrain-sea-water
76,92,O,sea-water,S,0,#,.,.,O,O,O,O,terrain-sea-water
77,92,O,sea-water,S,0,#,.,.,O,O,O,O,terrain-sea-water
78,92,O,sea-water,S,0,#,.,.,O,O,O,O,terrain-sea-water
79,92,O,sea-water,S,0,#,.,.,O,O,O,O,terrain-sea-water
80,92,O,sea-water,S,0,#,.,.,O,O,O,O,terrain-sea-water
81,92,O,sea-water,S,0,#,.,.,O,O,O,O,terrain-sea-water
82,92,O,sea-water,S,0,#,.,.,O,O,O,O,terrain-sea-water
83,92,O,sea-water,S,0,#,.,.,O,O,O,O,terrain-sea-water
84,92,O,sea-water,S,0,#,.,.,O,O,O,O,terrain-sea-water
85,92,O,sea-water,S,0,#,.,.,O,O,O,O,terrain-sea-water
86,92,O,sea-water,S,0,#,.,.,O,O,O,O,terrain-sea-water
87,92,O,sea-water,S,0,#,.,.,O,O,O,O,terrain-sea-water
88,92,O,sea-water,S,0,#,.,.,O,O,O,O,terrain-sea-water
89,92,O,sea-water,S,0,#,.,.,O,O,O,O,terrain-sea-water
90,92,O,sea-water,S,0,#,.,.,O,O,O,O,terrain-sea-water
91,92,O,sea-water,S,0,#,.,.,O,O,O,O,terrain-sea-water
92,92,O,sea-water,S,0,#,.,.,O,O,O,O,terrain-sea-water
93,92,O,sea-water,S,0,#,.,.,O,O,O,O,terrain-sea-water
94,92,O,sea-water,S,0,#,.,.,O,O,O,O,terrain-sea-water
95,92,O,sea-water,S,0,#,.,.,O,O,O,O,terrain-sea-water
96,92,O,sea-water,S,0,#,.,.,O,O,O,O,terrain-sea-water
97,92,O,sea-water,S,0,#,.,.,O,O,O,O,terrain-sea-water
98,92,O,sea-water,S,0,#,.,.,O,O,O,O,terrain-sea-water
99,92,O,sea-water,S,0,#,.,.,O,VOID,O,O,terrain-sea-water
0,93,X,cliff-mountain,M,1,#,.,.,X,B,X,VOID,terrain-cliff-mountain
1,93,B,beach-sand,C,1,.,.,.,B,B,M,X,terrain-beach-sand
2,93,B,beach-sand,C,1,.,.,.,B,B,M,B,terrain-beach-sand
3,93,B,beach-sand,C,1,.,.,.,B,B,M,B,terrain-beach-sand
4,93,B,beach-sand,C,1,.,.,.,B,B,M,B,terrain-beach-sand
5,93,B,beach-sand,C,1,.,.,.,B,B,M,B,terrain-beach-sand
6,93,B,beach-sand,C,1,.,.,.,B,B,M,B,terrain-beach-sand
7,93,B,beach-sand,C,1,.,.,.,B,B,M,B,terrain-beach-sand
8,93,B,beach-sand,C,1,.,.,.,B,B,M,B,terrain-beach-sand
9,93,B,beach-sand,C,1,.,.,.,B,B,M,B,terrain-beach-sand
10,93,B,beach-sand,C,1,.,.,.,B,B,M,B,terrain-beach-sand
11,93,B,beach-sand,C,1,.,.,.,B,B,M,B,terrain-beach-sand
12,93,B,beach-sand,C,1,.,.,.,B,B,M,B,terrain-beach-sand
13,93,B,beach-sand,C,1,.,.,.,B,B,M,B,terrain-beach-sand
14,93,B,beach-sand,C,1,.,.,.,B,B,M,B,terrain-beach-sand
15,93,B,beach-sand,C,1,.,.,.,B,B,M,B,terrain-beach-sand
16,93,B,beach-sand,C,1,.,.,.,B,B,M,B,terrain-beach-sand
17,93,B,beach-sand,C,1,.,.,.,B,B,M,B,terrain-beach-sand
18,93,B,beach-sand,C,1,.,.,.,B,B,M,B,terrain-beach-sand
19,93,B,beach-sand,C,1,.,.,.,B,B,M,B,terrain-beach-sand
20,93,B,beach-sand,C,1,.,.,.,B,B,M,B,terrain-beach-sand
21,93,B,beach-sand,C,1,.,.,.,B,B,M,B,terrain-beach-sand
22,93,B,beach-sand,C,1,.,.,.,B,B,M,B,terrain-beach-sand
23,93,B,beach-sand,C,1,.,.,.,B,B,M,B,terrain-beach-sand
24,93,B,beach-sand,C,1,.,.,.,B,B,M,B,terrain-beach-sand
25,93,B,beach-sand,C,1,.,.,.,B,B,M,B,terrain-beach-sand
26,93,B,beach-sand,C,1,.,.,.,B,B,M,B,terrain-beach-sand
27,93,B,beach-sand,C,1,.,.,.,B,B,M,B,terrain-beach-sand
28,93,B,beach-sand,C,1,.,.,.,B,B,M,B,terrain-beach-sand
29,93,B,beach-sand,C,1,.,.,.,B,B,M,B,terrain-beach-sand
30,93,B,beach-sand,C,1,.,.,.,B,B,M,B,terrain-beach-sand
31,93,B,beach-sand,C,1,.,.,.,B,B,M,B,terrain-beach-sand
32,93,B,beach-sand,C,1,.,.,.,B,B,M,B,terrain-beach-sand
33,93,B,beach-sand,C,1,.,.,.,B,B,M,B,terrain-beach-sand
34,93,B,beach-sand,C,1,.,.,.,B,B,M,B,terrain-beach-sand
35,93,B,beach-sand,C,1,.,.,.,B,B,M,B,terrain-beach-sand
36,93,B,beach-sand,C,1,.,.,.,B,B,M,B,terrain-beach-sand
37,93,B,beach-sand,C,1,.,.,.,B,B,M,B,terrain-beach-sand
38,93,B,beach-sand,C,1,.,.,.,B,B,M,B,terrain-beach-sand
39,93,B,beach-sand,C,1,.,.,.,B,B,M,B,terrain-beach-sand
40,93,B,beach-sand,C,1,.,.,.,B,B,M,B,terrain-beach-sand
41,93,B,beach-sand,C,1,.,.,.,B,B,M,B,terrain-beach-sand
42,93,B,beach-sand,C,1,.,.,.,B,B,M,B,terrain-beach-sand
43,93,B,beach-sand,C,1,.,.,.,B,B,M,B,terrain-beach-sand
44,93,B,beach-sand,C,1,.,.,.,B,B,M,B,terrain-beach-sand
45,93,B,beach-sand,C,1,.,.,.,B,B,M,B,terrain-beach-sand
46,93,B,beach-sand,C,1,.,.,.,B,B,M,B,terrain-beach-sand
47,93,B,beach-sand,C,1,.,.,.,B,B,M,B,terrain-beach-sand
48,93,B,beach-sand,C,1,.,.,.,B,B,M,B,terrain-beach-sand
49,93,B,beach-sand,C,1,.,.,.,B,B,M,B,terrain-beach-sand
50,93,B,beach-sand,C,1,.,.,.,B,B,M,B,terrain-beach-sand
51,93,B,beach-sand,C,1,.,.,.,B,B,M,B,terrain-beach-sand
52,93,B,beach-sand,C,1,.,.,.,B,M,M,B,terrain-beach-sand
53,93,M,mud-reeds,C,0,#,.,.,B,O,O,B,terrain-mud-reeds
54,93,O,sea-water,S,0,#,.,.,M,O,O,M,terrain-sea-water
55,93,O,sea-water,S,0,#,.,.,M,O,O,O,terrain-sea-water
56,93,O,sea-water,S,0,#,.,.,M,O,O,O,terrain-sea-water
57,93,O,sea-water,S,0,#,.,.,O,O,O,O,terrain-sea-water
58,93,O,sea-water,S,0,#,.,.,O,O,O,O,terrain-sea-water
59,93,O,sea-water,S,0,#,.,.,O,O,O,O,terrain-sea-water
60,93,O,sea-water,S,0,#,.,.,O,O,O,O,terrain-sea-water
61,93,O,sea-water,S,0,#,.,.,O,O,O,O,terrain-sea-water
62,93,O,sea-water,S,0,#,.,.,O,O,O,O,terrain-sea-water
63,93,O,sea-water,S,0,#,.,.,O,O,O,O,terrain-sea-water
64,93,O,sea-water,S,0,#,.,.,O,O,O,O,terrain-sea-water
65,93,O,sea-water,S,0,#,.,.,O,O,O,O,terrain-sea-water
66,93,O,sea-water,S,0,#,.,.,O,O,O,O,terrain-sea-water
67,93,O,sea-water,S,0,#,.,.,O,O,O,O,terrain-sea-water
68,93,O,sea-water,S,0,#,.,.,O,O,O,O,terrain-sea-water
69,93,O,sea-water,S,0,#,.,.,O,O,O,O,terrain-sea-water
70,93,O,sea-water,S,0,#,.,.,O,O,O,O,terrain-sea-water
71,93,O,sea-water,S,0,#,.,.,O,O,O,O,terrain-sea-water
72,93,O,sea-water,S,0,#,.,.,O,O,O,O,terrain-sea-water
73,93,O,sea-water,S,0,#,.,.,O,O,O,O,terrain-sea-water
74,93,O,sea-water,S,0,#,.,.,O,O,O,O,terrain-sea-water
75,93,O,sea-water,S,0,#,.,.,O,O,O,O,terrain-sea-water
76,93,O,sea-water,S,0,#,.,.,O,O,O,O,terrain-sea-water
77,93,O,sea-water,S,0,#,.,.,O,O,O,O,terrain-sea-water
78,93,O,sea-water,S,0,#,.,.,O,O,O,O,terrain-sea-water
79,93,O,sea-water,S,0,#,.,.,O,O,O,O,terrain-sea-water
80,93,O,sea-water,S,0,#,.,.,O,O,O,O,terrain-sea-water
81,93,O,sea-water,S,0,#,.,.,O,O,O,O,terrain-sea-water
82,93,O,sea-water,S,0,#,.,.,O,O,O,O,terrain-sea-water
83,93,O,sea-water,S,0,#,.,.,O,O,O,O,terrain-sea-water
84,93,O,sea-water,S,0,#,.,.,O,O,O,O,terrain-sea-water
85,93,O,sea-water,S,0,#,.,.,O,O,O,O,terrain-sea-water
86,93,O,sea-water,S,0,#,.,.,O,O,O,O,terrain-sea-water
87,93,O,sea-water,S,0,#,.,.,O,O,O,O,terrain-sea-water
88,93,O,sea-water,S,0,#,.,.,O,O,O,O,terrain-sea-water
89,93,O,sea-water,S,0,#,.,.,O,O,O,O,terrain-sea-water
90,93,O,sea-water,S,0,#,.,.,O,O,O,O,terrain-sea-water
91,93,O,sea-water,S,0,#,.,.,O,O,O,O,terrain-sea-water
92,93,O,sea-water,S,0,#,.,.,O,O,O,O,terrain-sea-water
93,93,O,sea-water,S,0,#,.,.,O,O,O,O,terrain-sea-water
94,93,O,sea-water,S,0,#,.,.,O,O,O,O,terrain-sea-water
95,93,O,sea-water,S,0,#,.,.,O,O,O,O,terrain-sea-water
96,93,O,sea-water,S,0,#,.,.,O,O,O,O,terrain-sea-water
97,93,O,sea-water,S,0,#,.,.,O,O,O,O,terrain-sea-water
98,93,O,sea-water,S,0,#,.,.,O,O,O,O,terrain-sea-water
99,93,O,sea-water,S,0,#,.,.,O,VOID,O,O,terrain-sea-water
0,94,X,cliff-mountain,M,0,#,.,.,X,M,X,VOID,terrain-cliff-mountain
1,94,M,mud-reeds,C,0,#,.,.,B,M,O,X,terrain-mud-reeds
2,94,M,mud-reeds,C,0,#,.,.,B,M,O,M,terrain-mud-reeds
3,94,M,mud-reeds,C,0,#,.,.,B,M,O,M,terrain-mud-reeds
4,94,M,mud-reeds,C,0,#,.,.,B,M,O,M,terrain-mud-reeds
5,94,M,mud-reeds,C,0,#,.,.,B,M,O,M,terrain-mud-reeds
6,94,M,mud-reeds,C,0,#,.,.,B,M,O,M,terrain-mud-reeds
7,94,M,mud-reeds,C,0,#,.,.,B,M,O,M,terrain-mud-reeds
8,94,M,mud-reeds,C,0,#,.,.,B,M,O,M,terrain-mud-reeds
9,94,M,mud-reeds,C,0,#,.,.,B,M,O,M,terrain-mud-reeds
10,94,M,mud-reeds,C,0,#,.,.,B,M,O,M,terrain-mud-reeds
11,94,M,mud-reeds,C,0,#,.,.,B,M,O,M,terrain-mud-reeds
12,94,M,mud-reeds,C,0,#,.,.,B,M,O,M,terrain-mud-reeds
13,94,M,mud-reeds,C,0,#,.,.,B,M,O,M,terrain-mud-reeds
14,94,M,mud-reeds,C,0,#,.,.,B,M,O,M,terrain-mud-reeds
15,94,M,mud-reeds,C,0,#,.,.,B,M,O,M,terrain-mud-reeds
16,94,M,mud-reeds,C,0,#,.,.,B,M,O,M,terrain-mud-reeds
17,94,M,mud-reeds,C,0,#,.,.,B,M,O,M,terrain-mud-reeds
18,94,M,mud-reeds,C,0,#,.,.,B,M,O,M,terrain-mud-reeds
19,94,M,mud-reeds,C,0,#,.,.,B,M,O,M,terrain-mud-reeds
20,94,M,mud-reeds,C,0,#,.,.,B,M,O,M,terrain-mud-reeds
21,94,M,mud-reeds,C,0,#,.,.,B,M,O,M,terrain-mud-reeds
22,94,M,mud-reeds,C,0,#,.,.,B,M,O,M,terrain-mud-reeds
23,94,M,mud-reeds,C,0,#,.,.,B,M,O,M,terrain-mud-reeds
24,94,M,mud-reeds,C,0,#,.,.,B,M,O,M,terrain-mud-reeds
25,94,M,mud-reeds,C,0,#,.,.,B,M,O,M,terrain-mud-reeds
26,94,M,mud-reeds,C,0,#,.,.,B,M,O,M,terrain-mud-reeds
27,94,M,mud-reeds,C,0,#,.,.,B,M,O,M,terrain-mud-reeds
28,94,M,mud-reeds,C,0,#,.,.,B,M,O,M,terrain-mud-reeds
29,94,M,mud-reeds,C,0,#,.,.,B,M,O,M,terrain-mud-reeds
30,94,M,mud-reeds,C,0,#,.,.,B,M,O,M,terrain-mud-reeds
31,94,M,mud-reeds,C,0,#,.,.,B,M,O,M,terrain-mud-reeds
32,94,M,mud-reeds,C,0,#,.,.,B,M,O,M,terrain-mud-reeds
33,94,M,mud-reeds,C,0,#,.,.,B,M,O,M,terrain-mud-reeds
34,94,M,mud-reeds,C,0,#,.,.,B,M,O,M,terrain-mud-reeds
35,94,M,mud-reeds,C,0,#,.,.,B,M,O,M,terrain-mud-reeds
36,94,M,mud-reeds,C,0,#,.,.,B,M,O,M,terrain-mud-reeds
37,94,M,mud-reeds,C,0,#,.,.,B,M,O,M,terrain-mud-reeds
38,94,M,mud-reeds,C,0,#,.,.,B,M,O,M,terrain-mud-reeds
39,94,M,mud-reeds,C,0,#,.,.,B,M,O,M,terrain-mud-reeds
40,94,M,mud-reeds,C,0,#,.,.,B,M,O,M,terrain-mud-reeds
41,94,M,mud-reeds,C,0,#,.,.,B,M,O,M,terrain-mud-reeds
42,94,M,mud-reeds,C,0,#,.,.,B,M,O,M,terrain-mud-reeds
43,94,M,mud-reeds,C,0,#,.,.,B,M,O,M,terrain-mud-reeds
44,94,M,mud-reeds,C,0,#,.,.,B,M,O,M,terrain-mud-reeds
45,94,M,mud-reeds,C,0,#,.,.,B,M,O,M,terrain-mud-reeds
46,94,M,mud-reeds,C,0,#,.,.,B,M,O,M,terrain-mud-reeds
47,94,M,mud-reeds,C,0,#,.,.,B,M,O,M,terrain-mud-reeds
48,94,M,mud-reeds,C,0,#,.,.,B,M,O,M,terrain-mud-reeds
49,94,M,mud-reeds,C,0,#,.,.,B,M,O,M,terrain-mud-reeds
50,94,M,mud-reeds,C,0,#,.,.,B,M,O,M,terrain-mud-reeds
51,94,M,mud-reeds,C,0,#,.,.,B,M,O,M,terrain-mud-reeds
52,94,M,mud-reeds,C,0,#,.,.,B,O,O,M,terrain-mud-reeds
53,94,O,sea-water,S,0,#,.,.,M,O,O,M,terrain-sea-water
54,94,O,sea-water,S,0,#,.,.,O,O,O,O,terrain-sea-water
55,94,O,sea-water,S,0,#,.,.,O,O,O,O,terrain-sea-water
56,94,O,sea-water,S,0,#,.,.,O,O,O,O,terrain-sea-water
57,94,O,sea-water,S,0,#,.,.,O,O,O,O,terrain-sea-water
58,94,O,sea-water,S,0,#,.,.,O,O,O,O,terrain-sea-water
59,94,O,sea-water,S,0,#,.,.,O,O,O,O,terrain-sea-water
60,94,O,sea-water,S,0,#,.,.,O,O,O,O,terrain-sea-water
61,94,O,sea-water,S,0,#,.,.,O,O,O,O,terrain-sea-water
62,94,O,sea-water,S,0,#,.,.,O,O,O,O,terrain-sea-water
63,94,O,sea-water,S,0,#,.,.,O,O,O,O,terrain-sea-water
64,94,O,sea-water,S,0,#,.,.,O,O,O,O,terrain-sea-water
65,94,O,sea-water,S,0,#,.,.,O,O,O,O,terrain-sea-water
66,94,O,sea-water,S,0,#,.,.,O,O,O,O,terrain-sea-water
67,94,O,sea-water,S,0,#,.,.,O,O,O,O,terrain-sea-water
68,94,O,sea-water,S,0,#,.,.,O,O,O,O,terrain-sea-water
69,94,O,sea-water,S,0,#,.,.,O,O,O,O,terrain-sea-water
70,94,O,sea-water,S,0,#,.,.,O,O,O,O,terrain-sea-water
71,94,O,sea-water,S,0,#,.,.,O,O,O,O,terrain-sea-water
72,94,O,sea-water,S,0,#,.,.,O,O,O,O,terrain-sea-water
73,94,O,sea-water,S,0,#,.,.,O,O,O,O,terrain-sea-water
74,94,O,sea-water,S,0,#,.,.,O,O,O,O,terrain-sea-water
75,94,O,sea-water,S,0,#,.,.,O,O,O,O,terrain-sea-water
76,94,O,sea-water,S,0,#,.,.,O,O,O,O,terrain-sea-water
77,94,O,sea-water,S,0,#,.,.,O,O,O,O,terrain-sea-water
78,94,O,sea-water,S,0,#,.,.,O,O,O,O,terrain-sea-water
79,94,O,sea-water,S,0,#,.,.,O,O,O,O,terrain-sea-water
80,94,O,sea-water,S,0,#,.,.,O,O,O,O,terrain-sea-water
81,94,O,sea-water,S,0,#,.,.,O,O,O,O,terrain-sea-water
82,94,O,sea-water,S,0,#,.,.,O,O,O,O,terrain-sea-water
83,94,O,sea-water,S,0,#,.,.,O,O,O,O,terrain-sea-water
84,94,O,sea-water,S,0,#,.,.,O,O,O,O,terrain-sea-water
85,94,O,sea-water,S,0,#,.,.,O,O,O,O,terrain-sea-water
86,94,O,sea-water,S,0,#,.,.,O,O,O,O,terrain-sea-water
87,94,O,sea-water,S,0,#,.,.,O,O,O,O,terrain-sea-water
88,94,O,sea-water,S,0,#,.,.,O,O,O,O,terrain-sea-water
89,94,O,sea-water,S,0,#,.,.,O,O,O,O,terrain-sea-water
90,94,O,sea-water,S,0,#,.,.,O,O,O,O,terrain-sea-water
91,94,O,sea-water,S,0,#,.,.,O,O,O,O,terrain-sea-water
92,94,O,sea-water,S,0,#,.,.,O,O,O,O,terrain-sea-water
93,94,O,sea-water,S,0,#,.,.,O,O,O,O,terrain-sea-water
94,94,O,sea-water,S,0,#,.,.,O,O,O,O,terrain-sea-water
95,94,O,sea-water,S,0,#,.,.,O,O,O,O,terrain-sea-water
96,94,O,sea-water,S,0,#,.,.,O,O,O,O,terrain-sea-water
97,94,O,sea-water,S,0,#,.,.,O,O,O,O,terrain-sea-water
98,94,O,sea-water,S,0,#,.,.,O,O,O,O,terrain-sea-water
99,94,O,sea-water,S,0,#,.,.,O,VOID,O,O,terrain-sea-water
0,95,X,cliff-mountain,M,0,#,.,.,X,O,X,VOID,terrain-cliff-mountain
1,95,O,sea-water,S,0,#,.,.,M,O,O,X,terrain-sea-water
2,95,O,sea-water,S,0,#,.,.,M,O,O,O,terrain-sea-water
3,95,O,sea-water,S,0,#,.,.,M,O,O,O,terrain-sea-water
4,95,O,sea-water,S,0,#,.,.,M,O,O,O,terrain-sea-water
5,95,O,sea-water,S,0,#,.,.,M,O,O,O,terrain-sea-water
6,95,O,sea-water,S,0,#,.,.,M,O,O,O,terrain-sea-water
7,95,O,sea-water,S,0,#,.,.,M,O,O,O,terrain-sea-water
8,95,O,sea-water,S,0,#,.,.,M,O,O,O,terrain-sea-water
9,95,O,sea-water,S,0,#,.,.,M,O,O,O,terrain-sea-water
10,95,O,sea-water,S,0,#,.,.,M,O,O,O,terrain-sea-water
11,95,O,sea-water,S,0,#,.,.,M,O,O,O,terrain-sea-water
12,95,O,sea-water,S,0,#,.,.,M,O,O,O,terrain-sea-water
13,95,O,sea-water,S,0,#,.,.,M,O,O,O,terrain-sea-water
14,95,O,sea-water,S,0,#,.,.,M,O,O,O,terrain-sea-water
15,95,O,sea-water,S,0,#,.,.,M,O,O,O,terrain-sea-water
16,95,O,sea-water,S,0,#,.,.,M,O,O,O,terrain-sea-water
17,95,O,sea-water,S,0,#,.,.,M,O,O,O,terrain-sea-water
18,95,O,sea-water,S,0,#,.,.,M,O,O,O,terrain-sea-water
19,95,O,sea-water,S,0,#,.,.,M,O,O,O,terrain-sea-water
20,95,O,sea-water,S,0,#,.,.,M,O,O,O,terrain-sea-water
21,95,O,sea-water,S,0,#,.,.,M,O,O,O,terrain-sea-water
22,95,O,sea-water,S,0,#,.,.,M,O,O,O,terrain-sea-water
23,95,O,sea-water,S,0,#,.,.,M,O,O,O,terrain-sea-water
24,95,O,sea-water,S,0,#,.,.,M,O,O,O,terrain-sea-water
25,95,O,sea-water,S,0,#,.,.,M,O,O,O,terrain-sea-water
26,95,O,sea-water,S,0,#,.,.,M,O,O,O,terrain-sea-water
27,95,O,sea-water,S,0,#,.,.,M,O,O,O,terrain-sea-water
28,95,O,sea-water,S,0,#,.,.,M,O,O,O,terrain-sea-water
29,95,O,sea-water,S,0,#,.,.,M,O,O,O,terrain-sea-water
30,95,O,sea-water,S,0,#,.,.,M,O,O,O,terrain-sea-water
31,95,O,sea-water,S,0,#,.,.,M,O,O,O,terrain-sea-water
32,95,O,sea-water,S,0,#,.,.,M,O,O,O,terrain-sea-water
33,95,O,sea-water,S,0,#,.,.,M,O,O,O,terrain-sea-water
34,95,O,sea-water,S,0,#,.,.,M,O,O,O,terrain-sea-water
35,95,O,sea-water,S,0,#,.,.,M,O,O,O,terrain-sea-water
36,95,O,sea-water,S,0,#,.,.,M,O,O,O,terrain-sea-water
37,95,O,sea-water,S,0,#,.,.,M,O,O,O,terrain-sea-water
38,95,O,sea-water,S,0,#,.,.,M,O,O,O,terrain-sea-water
39,95,O,sea-water,S,0,#,.,.,M,O,O,O,terrain-sea-water
40,95,O,sea-water,S,0,#,.,.,M,O,O,O,terrain-sea-water
41,95,O,sea-water,S,0,#,.,.,M,O,O,O,terrain-sea-water
42,95,O,sea-water,S,0,#,.,.,M,O,O,O,terrain-sea-water
43,95,O,sea-water,S,0,#,.,.,M,O,O,O,terrain-sea-water
44,95,O,sea-water,S,0,#,.,.,M,O,O,O,terrain-sea-water
45,95,O,sea-water,S,0,#,.,.,M,O,O,O,terrain-sea-water
46,95,O,sea-water,S,0,#,.,.,M,O,O,O,terrain-sea-water
47,95,O,sea-water,S,0,#,.,.,M,O,O,O,terrain-sea-water
48,95,O,sea-water,S,0,#,.,.,M,O,O,O,terrain-sea-water
49,95,O,sea-water,S,0,#,.,.,M,O,O,O,terrain-sea-water
50,95,O,sea-water,S,0,#,.,.,M,O,O,O,terrain-sea-water
51,95,O,sea-water,S,0,#,.,.,M,O,O,O,terrain-sea-water
52,95,O,sea-water,S,0,#,.,.,M,O,O,O,terrain-sea-water
53,95,O,sea-water,S,0,#,.,.,O,O,O,O,terrain-sea-water
54,95,O,sea-water,S,0,#,.,.,O,O,O,O,terrain-sea-water
55,95,O,sea-water,S,0,#,.,.,O,O,O,O,terrain-sea-water
56,95,O,sea-water,S,0,#,.,.,O,O,O,O,terrain-sea-water
57,95,O,sea-water,S,0,#,.,.,O,O,O,O,terrain-sea-water
58,95,O,sea-water,S,0,#,.,.,O,O,O,O,terrain-sea-water
59,95,O,sea-water,S,0,#,.,.,O,O,O,O,terrain-sea-water
60,95,O,sea-water,S,0,#,.,.,O,O,O,O,terrain-sea-water
61,95,O,sea-water,S,0,#,.,.,O,O,O,O,terrain-sea-water
62,95,O,sea-water,S,0,#,.,.,O,O,O,O,terrain-sea-water
63,95,O,sea-water,S,0,#,.,.,O,O,O,O,terrain-sea-water
64,95,O,sea-water,S,0,#,.,.,O,O,O,O,terrain-sea-water
65,95,O,sea-water,S,0,#,.,.,O,O,O,O,terrain-sea-water
66,95,O,sea-water,S,0,#,.,.,O,O,O,O,terrain-sea-water
67,95,O,sea-water,S,0,#,.,.,O,O,O,O,terrain-sea-water
68,95,O,sea-water,S,0,#,.,.,O,O,O,O,terrain-sea-water
69,95,O,sea-water,S,0,#,.,.,O,O,O,O,terrain-sea-water
70,95,O,sea-water,S,0,#,.,.,O,O,O,O,terrain-sea-water
71,95,O,sea-water,S,0,#,.,.,O,O,O,O,terrain-sea-water
72,95,O,sea-water,S,0,#,.,.,O,O,O,O,terrain-sea-water
73,95,O,sea-water,S,0,#,.,.,O,O,O,O,terrain-sea-water
74,95,O,sea-water,S,0,#,.,.,O,O,O,O,terrain-sea-water
75,95,O,sea-water,S,0,#,.,.,O,O,O,O,terrain-sea-water
76,95,O,sea-water,S,0,#,.,.,O,O,O,O,terrain-sea-water
77,95,O,sea-water,S,0,#,.,.,O,O,O,O,terrain-sea-water
78,95,O,sea-water,S,0,#,.,.,O,O,O,O,terrain-sea-water
79,95,O,sea-water,S,0,#,.,.,O,O,O,O,terrain-sea-water
80,95,O,sea-water,S,0,#,.,.,O,O,O,O,terrain-sea-water
81,95,O,sea-water,S,0,#,.,.,O,O,O,O,terrain-sea-water
82,95,O,sea-water,S,0,#,.,.,O,O,O,O,terrain-sea-water
83,95,O,sea-water,S,0,#,.,.,O,O,O,O,terrain-sea-water
84,95,O,sea-water,S,0,#,.,.,O,O,O,O,terrain-sea-water
85,95,O,sea-water,S,0,#,.,.,O,O,O,O,terrain-sea-water
86,95,O,sea-water,S,0,#,.,.,O,O,O,O,terrain-sea-water
87,95,O,sea-water,S,0,#,.,.,O,O,O,O,terrain-sea-water
88,95,O,sea-water,S,0,#,.,.,O,O,O,O,terrain-sea-water
89,95,O,sea-water,S,0,#,.,.,O,O,O,O,terrain-sea-water
90,95,O,sea-water,S,0,#,.,.,O,O,O,O,terrain-sea-water
91,95,O,sea-water,S,0,#,.,.,O,O,O,O,terrain-sea-water
92,95,O,sea-water,S,0,#,.,.,O,O,O,O,terrain-sea-water
93,95,O,sea-water,S,0,#,.,.,O,O,O,O,terrain-sea-water
94,95,O,sea-water,S,0,#,.,.,O,O,O,O,terrain-sea-water
95,95,O,sea-water,S,0,#,.,.,O,O,O,O,terrain-sea-water
96,95,O,sea-water,S,0,#,.,.,O,O,O,O,terrain-sea-water
97,95,O,sea-water,S,0,#,.,.,O,O,O,O,terrain-sea-water
98,95,O,sea-water,S,0,#,.,.,O,O,O,O,terrain-sea-water
99,95,O,sea-water,S,0,#,.,.,O,VOID,O,O,terrain-sea-water
0,96,X,cliff-mountain,M,0,#,.,.,X,O,X,VOID,terrain-cliff-mountain
1,96,O,sea-water,S,0,#,.,.,O,O,O,X,terrain-sea-water
2,96,O,sea-water,S,0,#,.,.,O,O,O,O,terrain-sea-water
3,96,O,sea-water,S,0,#,.,.,O,O,O,O,terrain-sea-water
4,96,O,sea-water,S,0,#,.,.,O,O,O,O,terrain-sea-water
5,96,O,sea-water,S,0,#,.,.,O,O,O,O,terrain-sea-water
6,96,O,sea-water,S,0,#,.,.,O,O,O,O,terrain-sea-water
7,96,O,sea-water,S,0,#,.,.,O,O,O,O,terrain-sea-water
8,96,O,sea-water,S,0,#,.,.,O,O,O,O,terrain-sea-water
9,96,O,sea-water,S,0,#,.,.,O,O,O,O,terrain-sea-water
10,96,O,sea-water,S,0,#,.,.,O,O,O,O,terrain-sea-water
11,96,O,sea-water,S,0,#,.,.,O,O,O,O,terrain-sea-water
12,96,O,sea-water,S,0,#,.,.,O,O,O,O,terrain-sea-water
13,96,O,sea-water,S,0,#,.,.,O,O,O,O,terrain-sea-water
14,96,O,sea-water,S,0,#,.,.,O,O,O,O,terrain-sea-water
15,96,O,sea-water,S,0,#,.,.,O,O,O,O,terrain-sea-water
16,96,O,sea-water,S,0,#,.,.,O,O,O,O,terrain-sea-water
17,96,O,sea-water,S,0,#,.,.,O,O,O,O,terrain-sea-water
18,96,O,sea-water,S,0,#,.,.,O,O,O,O,terrain-sea-water
19,96,O,sea-water,S,0,#,.,.,O,O,O,O,terrain-sea-water
20,96,O,sea-water,S,0,#,.,.,O,O,O,O,terrain-sea-water
21,96,O,sea-water,S,0,#,.,.,O,O,O,O,terrain-sea-water
22,96,O,sea-water,S,0,#,.,.,O,O,O,O,terrain-sea-water
23,96,O,sea-water,S,0,#,.,.,O,O,O,O,terrain-sea-water
24,96,O,sea-water,S,0,#,.,.,O,O,O,O,terrain-sea-water
25,96,O,sea-water,S,0,#,.,.,O,O,O,O,terrain-sea-water
26,96,O,sea-water,S,0,#,.,.,O,O,O,O,terrain-sea-water
27,96,O,sea-water,S,0,#,.,.,O,O,O,O,terrain-sea-water
28,96,O,sea-water,S,0,#,.,.,O,O,O,O,terrain-sea-water
29,96,O,sea-water,S,0,#,.,.,O,O,O,O,terrain-sea-water
30,96,O,sea-water,S,0,#,.,.,O,O,O,O,terrain-sea-water
31,96,O,sea-water,S,0,#,.,.,O,O,O,O,terrain-sea-water
32,96,O,sea-water,S,0,#,.,.,O,O,O,O,terrain-sea-water
33,96,O,sea-water,S,0,#,.,.,O,O,O,O,terrain-sea-water
34,96,O,sea-water,S,0,#,.,.,O,O,O,O,terrain-sea-water
35,96,O,sea-water,S,0,#,.,.,O,O,O,O,terrain-sea-water
36,96,O,sea-water,S,0,#,.,.,O,O,O,O,terrain-sea-water
37,96,O,sea-water,S,0,#,.,.,O,O,O,O,terrain-sea-water
38,96,O,sea-water,S,0,#,.,.,O,O,O,O,terrain-sea-water
39,96,O,sea-water,S,0,#,.,.,O,O,O,O,terrain-sea-water
40,96,O,sea-water,S,0,#,.,.,O,O,O,O,terrain-sea-water
41,96,O,sea-water,S,0,#,.,.,O,O,O,O,terrain-sea-water
42,96,O,sea-water,S,0,#,.,.,O,O,O,O,terrain-sea-water
43,96,O,sea-water,S,0,#,.,.,O,O,O,O,terrain-sea-water
44,96,O,sea-water,S,0,#,.,.,O,O,O,O,terrain-sea-water
45,96,O,sea-water,S,0,#,.,.,O,O,O,O,terrain-sea-water
46,96,O,sea-water,S,0,#,.,.,O,O,O,O,terrain-sea-water
47,96,O,sea-water,S,0,#,.,.,O,O,O,O,terrain-sea-water
48,96,O,sea-water,S,0,#,.,.,O,O,O,O,terrain-sea-water
49,96,O,sea-water,S,0,#,.,.,O,O,O,O,terrain-sea-water
50,96,O,sea-water,S,0,#,.,.,O,O,O,O,terrain-sea-water
51,96,O,sea-water,S,0,#,.,.,O,O,O,O,terrain-sea-water
52,96,O,sea-water,S,0,#,.,.,O,O,O,O,terrain-sea-water
53,96,O,sea-water,S,0,#,.,.,O,O,O,O,terrain-sea-water
54,96,O,sea-water,S,0,#,.,.,O,O,O,O,terrain-sea-water
55,96,O,sea-water,S,0,#,.,.,O,O,O,O,terrain-sea-water
56,96,O,sea-water,S,0,#,.,.,O,O,O,O,terrain-sea-water
57,96,O,sea-water,S,0,#,.,.,O,O,O,O,terrain-sea-water
58,96,O,sea-water,S,0,#,.,.,O,O,O,O,terrain-sea-water
59,96,O,sea-water,S,0,#,.,.,O,O,O,O,terrain-sea-water
60,96,O,sea-water,S,0,#,.,.,O,O,O,O,terrain-sea-water
61,96,O,sea-water,S,0,#,.,.,O,O,O,O,terrain-sea-water
62,96,O,sea-water,S,0,#,.,.,O,O,O,O,terrain-sea-water
63,96,O,sea-water,S,0,#,.,.,O,O,O,O,terrain-sea-water
64,96,O,sea-water,S,0,#,.,.,O,O,O,O,terrain-sea-water
65,96,O,sea-water,S,0,#,.,.,O,O,O,O,terrain-sea-water
66,96,O,sea-water,S,0,#,.,.,O,O,O,O,terrain-sea-water
67,96,O,sea-water,S,0,#,.,.,O,O,O,O,terrain-sea-water
68,96,O,sea-water,S,0,#,.,.,O,O,O,O,terrain-sea-water
69,96,O,sea-water,S,0,#,.,.,O,O,O,O,terrain-sea-water
70,96,O,sea-water,S,0,#,.,.,O,O,O,O,terrain-sea-water
71,96,O,sea-water,S,0,#,.,.,O,O,O,O,terrain-sea-water
72,96,O,sea-water,S,0,#,.,.,O,O,O,O,terrain-sea-water
73,96,O,sea-water,S,0,#,.,.,O,O,O,O,terrain-sea-water
74,96,O,sea-water,S,0,#,.,.,O,O,O,O,terrain-sea-water
75,96,O,sea-water,S,0,#,.,.,O,O,O,O,terrain-sea-water
76,96,O,sea-water,S,0,#,.,.,O,O,O,O,terrain-sea-water
77,96,O,sea-water,S,0,#,.,.,O,O,O,O,terrain-sea-water
78,96,O,sea-water,S,0,#,.,.,O,O,O,O,terrain-sea-water
79,96,O,sea-water,S,0,#,.,.,O,O,O,O,terrain-sea-water
80,96,O,sea-water,S,0,#,.,.,O,O,O,O,terrain-sea-water
81,96,O,sea-water,S,0,#,.,.,O,O,O,O,terrain-sea-water
82,96,O,sea-water,S,0,#,.,.,O,O,O,O,terrain-sea-water
83,96,O,sea-water,S,0,#,.,.,O,O,O,O,terrain-sea-water
84,96,O,sea-water,S,0,#,.,.,O,O,O,O,terrain-sea-water
85,96,O,sea-water,S,0,#,.,.,O,O,O,O,terrain-sea-water
86,96,O,sea-water,S,0,#,.,.,O,O,O,O,terrain-sea-water
87,96,O,sea-water,S,0,#,.,.,O,O,O,O,terrain-sea-water
88,96,O,sea-water,S,0,#,.,.,O,O,O,O,terrain-sea-water
89,96,O,sea-water,S,0,#,.,.,O,O,O,O,terrain-sea-water
90,96,O,sea-water,S,0,#,.,.,O,O,O,O,terrain-sea-water
91,96,O,sea-water,S,0,#,.,.,O,O,O,O,terrain-sea-water
92,96,O,sea-water,S,0,#,.,.,O,O,O,O,terrain-sea-water
93,96,O,sea-water,S,0,#,.,.,O,O,O,O,terrain-sea-water
94,96,O,sea-water,S,0,#,.,.,O,O,O,O,terrain-sea-water
95,96,O,sea-water,S,0,#,.,.,O,O,O,O,terrain-sea-water
96,96,O,sea-water,S,0,#,.,.,O,O,O,O,terrain-sea-water
97,96,O,sea-water,S,0,#,.,.,O,O,O,O,terrain-sea-water
98,96,O,sea-water,S,0,#,.,.,O,O,O,O,terrain-sea-water
99,96,O,sea-water,S,0,#,.,.,O,VOID,O,O,terrain-sea-water
0,97,X,cliff-mountain,M,0,#,.,.,X,O,X,VOID,terrain-cliff-mountain
1,97,O,sea-water,S,0,#,.,.,O,O,O,X,terrain-sea-water
2,97,O,sea-water,S,0,#,.,.,O,O,O,O,terrain-sea-water
3,97,O,sea-water,S,0,#,.,.,O,O,O,O,terrain-sea-water
4,97,O,sea-water,S,0,#,.,.,O,O,O,O,terrain-sea-water
5,97,O,sea-water,S,0,#,.,.,O,O,O,O,terrain-sea-water
6,97,O,sea-water,S,0,#,.,.,O,O,O,O,terrain-sea-water
7,97,O,sea-water,S,0,#,.,.,O,O,O,O,terrain-sea-water
8,97,O,sea-water,S,0,#,.,.,O,O,O,O,terrain-sea-water
9,97,O,sea-water,S,0,#,.,.,O,O,O,O,terrain-sea-water
10,97,O,sea-water,S,0,#,.,.,O,O,O,O,terrain-sea-water
11,97,O,sea-water,S,0,#,.,.,O,O,O,O,terrain-sea-water
12,97,O,sea-water,S,0,#,.,.,O,O,O,O,terrain-sea-water
13,97,O,sea-water,S,0,#,.,.,O,O,O,O,terrain-sea-water
14,97,O,sea-water,S,0,#,.,.,O,O,O,O,terrain-sea-water
15,97,O,sea-water,S,0,#,.,.,O,O,O,O,terrain-sea-water
16,97,O,sea-water,S,0,#,.,.,O,O,O,O,terrain-sea-water
17,97,O,sea-water,S,0,#,.,.,O,O,O,O,terrain-sea-water
18,97,O,sea-water,S,0,#,.,.,O,O,O,O,terrain-sea-water
19,97,O,sea-water,S,0,#,.,.,O,O,O,O,terrain-sea-water
20,97,O,sea-water,S,0,#,.,.,O,O,O,O,terrain-sea-water
21,97,O,sea-water,S,0,#,.,.,O,O,O,O,terrain-sea-water
22,97,O,sea-water,S,0,#,.,.,O,O,O,O,terrain-sea-water
23,97,O,sea-water,S,0,#,.,.,O,O,O,O,terrain-sea-water
24,97,O,sea-water,S,0,#,.,.,O,O,O,O,terrain-sea-water
25,97,O,sea-water,S,0,#,.,.,O,O,O,O,terrain-sea-water
26,97,O,sea-water,S,0,#,.,.,O,O,O,O,terrain-sea-water
27,97,O,sea-water,S,0,#,.,.,O,O,O,O,terrain-sea-water
28,97,O,sea-water,S,0,#,.,.,O,O,O,O,terrain-sea-water
29,97,O,sea-water,S,0,#,.,.,O,O,O,O,terrain-sea-water
30,97,O,sea-water,S,0,#,.,.,O,O,O,O,terrain-sea-water
31,97,O,sea-water,S,0,#,.,.,O,O,O,O,terrain-sea-water
32,97,O,sea-water,S,0,#,.,.,O,O,O,O,terrain-sea-water
33,97,O,sea-water,S,0,#,.,.,O,O,O,O,terrain-sea-water
34,97,O,sea-water,S,0,#,.,.,O,O,O,O,terrain-sea-water
35,97,O,sea-water,S,0,#,.,.,O,O,O,O,terrain-sea-water
36,97,O,sea-water,S,0,#,.,.,O,O,O,O,terrain-sea-water
37,97,O,sea-water,S,0,#,.,.,O,O,O,O,terrain-sea-water
38,97,O,sea-water,S,0,#,.,.,O,O,O,O,terrain-sea-water
39,97,O,sea-water,S,0,#,.,.,O,O,O,O,terrain-sea-water
40,97,O,sea-water,S,0,#,.,.,O,O,O,O,terrain-sea-water
41,97,O,sea-water,S,0,#,.,.,O,O,O,O,terrain-sea-water
42,97,O,sea-water,S,0,#,.,.,O,O,O,O,terrain-sea-water
43,97,O,sea-water,S,0,#,.,.,O,O,O,O,terrain-sea-water
44,97,O,sea-water,S,0,#,.,.,O,O,O,O,terrain-sea-water
45,97,O,sea-water,S,0,#,.,.,O,O,O,O,terrain-sea-water
46,97,O,sea-water,S,0,#,.,.,O,O,O,O,terrain-sea-water
47,97,O,sea-water,S,0,#,.,.,O,O,O,O,terrain-sea-water
48,97,O,sea-water,S,0,#,.,.,O,O,O,O,terrain-sea-water
49,97,O,sea-water,S,0,#,.,.,O,O,O,O,terrain-sea-water
50,97,O,sea-water,S,0,#,.,.,O,O,O,O,terrain-sea-water
51,97,O,sea-water,S,0,#,.,.,O,O,O,O,terrain-sea-water
52,97,O,sea-water,S,0,#,.,.,O,O,O,O,terrain-sea-water
53,97,O,sea-water,S,0,#,.,.,O,O,O,O,terrain-sea-water
54,97,O,sea-water,S,0,#,.,.,O,O,O,O,terrain-sea-water
55,97,O,sea-water,S,0,#,.,.,O,O,O,O,terrain-sea-water
56,97,O,sea-water,S,0,#,.,.,O,O,O,O,terrain-sea-water
57,97,O,sea-water,S,0,#,.,.,O,O,O,O,terrain-sea-water
58,97,O,sea-water,S,0,#,.,.,O,O,O,O,terrain-sea-water
59,97,O,sea-water,S,0,#,.,.,O,O,O,O,terrain-sea-water
60,97,O,sea-water,S,0,#,.,.,O,O,O,O,terrain-sea-water
61,97,O,sea-water,S,0,#,.,.,O,O,O,O,terrain-sea-water
62,97,O,sea-water,S,0,#,.,.,O,O,O,O,terrain-sea-water
63,97,O,sea-water,S,0,#,.,.,O,O,O,O,terrain-sea-water
64,97,O,sea-water,S,0,#,.,.,O,O,O,O,terrain-sea-water
65,97,O,sea-water,S,0,#,.,.,O,O,O,O,terrain-sea-water
66,97,O,sea-water,S,0,#,.,.,O,O,O,O,terrain-sea-water
67,97,O,sea-water,S,0,#,.,.,O,O,O,O,terrain-sea-water
68,97,O,sea-water,S,0,#,.,.,O,O,O,O,terrain-sea-water
69,97,O,sea-water,S,0,#,.,.,O,O,O,O,terrain-sea-water
70,97,O,sea-water,S,0,#,.,.,O,O,O,O,terrain-sea-water
71,97,O,sea-water,S,0,#,.,.,O,O,O,O,terrain-sea-water
72,97,O,sea-water,S,0,#,.,.,O,O,O,O,terrain-sea-water
73,97,O,sea-water,S,0,#,.,.,O,O,O,O,terrain-sea-water
74,97,O,sea-water,S,0,#,.,.,O,O,O,O,terrain-sea-water
75,97,O,sea-water,S,0,#,.,.,O,O,O,O,terrain-sea-water
76,97,O,sea-water,S,0,#,.,.,O,O,O,O,terrain-sea-water
77,97,O,sea-water,S,0,#,.,.,O,O,O,O,terrain-sea-water
78,97,O,sea-water,S,0,#,.,.,O,O,O,O,terrain-sea-water
79,97,O,sea-water,S,0,#,.,.,O,O,O,O,terrain-sea-water
80,97,O,sea-water,S,0,#,.,.,O,O,O,O,terrain-sea-water
81,97,O,sea-water,S,0,#,.,.,O,O,O,O,terrain-sea-water
82,97,O,sea-water,S,0,#,.,.,O,O,O,O,terrain-sea-water
83,97,O,sea-water,S,0,#,.,.,O,O,O,O,terrain-sea-water
84,97,O,sea-water,S,0,#,.,.,O,O,O,O,terrain-sea-water
85,97,O,sea-water,S,0,#,.,.,O,O,O,O,terrain-sea-water
86,97,O,sea-water,S,0,#,.,.,O,O,O,O,terrain-sea-water
87,97,O,sea-water,S,0,#,.,.,O,O,O,O,terrain-sea-water
88,97,O,sea-water,S,0,#,.,.,O,O,O,O,terrain-sea-water
89,97,O,sea-water,S,0,#,.,.,O,O,O,O,terrain-sea-water
90,97,O,sea-water,S,0,#,.,.,O,O,O,O,terrain-sea-water
91,97,O,sea-water,S,0,#,.,.,O,O,O,O,terrain-sea-water
92,97,O,sea-water,S,0,#,.,.,O,O,O,O,terrain-sea-water
93,97,O,sea-water,S,0,#,.,.,O,O,O,O,terrain-sea-water
94,97,O,sea-water,S,0,#,.,.,O,O,O,O,terrain-sea-water
95,97,O,sea-water,S,0,#,.,.,O,O,O,O,terrain-sea-water
96,97,O,sea-water,S,0,#,.,.,O,O,O,O,terrain-sea-water
97,97,O,sea-water,S,0,#,.,.,O,O,O,O,terrain-sea-water
98,97,O,sea-water,S,0,#,.,.,O,O,O,O,terrain-sea-water
99,97,O,sea-water,S,0,#,.,.,O,VOID,O,O,terrain-sea-water
0,98,X,cliff-mountain,M,0,#,.,.,X,O,X,VOID,terrain-cliff-mountain
1,98,O,sea-water,S,0,#,.,.,O,O,X,X,terrain-sea-water
2,98,O,sea-water,S,0,#,.,.,O,O,X,O,terrain-sea-water
3,98,O,sea-water,S,0,#,.,.,O,O,X,O,terrain-sea-water
4,98,O,sea-water,S,0,#,.,.,O,O,X,O,terrain-sea-water
5,98,O,sea-water,S,0,#,.,.,O,O,X,O,terrain-sea-water
6,98,O,sea-water,S,0,#,.,.,O,O,X,O,terrain-sea-water
7,98,O,sea-water,S,0,#,.,.,O,O,X,O,terrain-sea-water
8,98,O,sea-water,S,0,#,.,.,O,O,X,O,terrain-sea-water
9,98,O,sea-water,S,0,#,.,.,O,O,X,O,terrain-sea-water
10,98,O,sea-water,S,0,#,.,.,O,O,X,O,terrain-sea-water
11,98,O,sea-water,S,0,#,.,.,O,O,X,O,terrain-sea-water
12,98,O,sea-water,S,0,#,.,.,O,O,X,O,terrain-sea-water
13,98,O,sea-water,S,0,#,.,.,O,O,X,O,terrain-sea-water
14,98,O,sea-water,S,0,#,.,.,O,O,X,O,terrain-sea-water
15,98,O,sea-water,S,0,#,.,.,O,O,X,O,terrain-sea-water
16,98,O,sea-water,S,0,#,.,.,O,O,X,O,terrain-sea-water
17,98,O,sea-water,S,0,#,.,.,O,O,X,O,terrain-sea-water
18,98,O,sea-water,S,0,#,.,.,O,O,X,O,terrain-sea-water
19,98,O,sea-water,S,0,#,.,.,O,O,X,O,terrain-sea-water
20,98,O,sea-water,S,0,#,.,.,O,O,X,O,terrain-sea-water
21,98,O,sea-water,S,0,#,.,.,O,O,X,O,terrain-sea-water
22,98,O,sea-water,S,0,#,.,.,O,O,X,O,terrain-sea-water
23,98,O,sea-water,S,0,#,.,.,O,O,X,O,terrain-sea-water
24,98,O,sea-water,S,0,#,.,.,O,O,X,O,terrain-sea-water
25,98,O,sea-water,S,0,#,.,.,O,O,X,O,terrain-sea-water
26,98,O,sea-water,S,0,#,.,.,O,O,X,O,terrain-sea-water
27,98,O,sea-water,S,0,#,.,.,O,O,X,O,terrain-sea-water
28,98,O,sea-water,S,0,#,.,.,O,O,X,O,terrain-sea-water
29,98,O,sea-water,S,0,#,.,.,O,O,X,O,terrain-sea-water
30,98,O,sea-water,S,0,#,.,.,O,O,X,O,terrain-sea-water
31,98,O,sea-water,S,0,#,.,.,O,O,X,O,terrain-sea-water
32,98,O,sea-water,S,0,#,.,.,O,O,X,O,terrain-sea-water
33,98,O,sea-water,S,0,#,.,.,O,O,X,O,terrain-sea-water
34,98,O,sea-water,S,0,#,.,.,O,O,X,O,terrain-sea-water
35,98,O,sea-water,S,0,#,.,.,O,O,X,O,terrain-sea-water
36,98,O,sea-water,S,0,#,.,.,O,O,X,O,terrain-sea-water
37,98,O,sea-water,S,0,#,.,.,O,O,X,O,terrain-sea-water
38,98,O,sea-water,S,0,#,.,.,O,O,X,O,terrain-sea-water
39,98,O,sea-water,S,0,#,.,.,O,O,X,O,terrain-sea-water
40,98,O,sea-water,S,0,#,.,.,O,O,X,O,terrain-sea-water
41,98,O,sea-water,S,0,#,.,.,O,O,X,O,terrain-sea-water
42,98,O,sea-water,S,0,#,.,.,O,O,X,O,terrain-sea-water
43,98,O,sea-water,S,0,#,.,.,O,O,X,O,terrain-sea-water
44,98,O,sea-water,S,0,#,.,.,O,O,X,O,terrain-sea-water
45,98,O,sea-water,S,0,#,.,.,O,O,X,O,terrain-sea-water
46,98,O,sea-water,S,0,#,.,.,O,O,X,O,terrain-sea-water
47,98,O,sea-water,S,0,#,.,.,O,O,X,O,terrain-sea-water
48,98,O,sea-water,S,0,#,.,.,O,O,O,O,terrain-sea-water
49,98,O,sea-water,S,0,#,.,.,O,O,O,O,terrain-sea-water
50,98,O,sea-water,S,0,#,.,.,O,O,O,O,terrain-sea-water
51,98,O,sea-water,S,0,#,.,.,O,O,O,O,terrain-sea-water
52,98,O,sea-water,S,0,#,.,.,O,O,O,O,terrain-sea-water
53,98,O,sea-water,S,0,#,.,.,O,O,O,O,terrain-sea-water
54,98,O,sea-water,S,0,#,.,.,O,O,O,O,terrain-sea-water
55,98,O,sea-water,S,0,#,.,.,O,O,O,O,terrain-sea-water
56,98,O,sea-water,S,0,#,.,.,O,O,O,O,terrain-sea-water
57,98,O,sea-water,S,0,#,.,.,O,O,O,O,terrain-sea-water
58,98,O,sea-water,S,0,#,.,.,O,O,O,O,terrain-sea-water
59,98,O,sea-water,S,0,#,.,.,O,O,O,O,terrain-sea-water
60,98,O,sea-water,S,0,#,.,.,O,O,O,O,terrain-sea-water
61,98,O,sea-water,S,0,#,.,.,O,O,O,O,terrain-sea-water
62,98,O,sea-water,S,0,#,.,.,O,O,O,O,terrain-sea-water
63,98,O,sea-water,S,0,#,.,.,O,O,O,O,terrain-sea-water
64,98,O,sea-water,S,0,#,.,.,O,O,O,O,terrain-sea-water
65,98,O,sea-water,S,0,#,.,.,O,O,O,O,terrain-sea-water
66,98,O,sea-water,S,0,#,.,.,O,O,O,O,terrain-sea-water
67,98,O,sea-water,S,0,#,.,.,O,O,O,O,terrain-sea-water
68,98,O,sea-water,S,0,#,.,.,O,O,O,O,terrain-sea-water
69,98,O,sea-water,S,0,#,.,.,O,O,O,O,terrain-sea-water
70,98,O,sea-water,S,0,#,.,.,O,O,O,O,terrain-sea-water
71,98,O,sea-water,S,0,#,.,.,O,O,O,O,terrain-sea-water
72,98,O,sea-water,S,0,#,.,.,O,O,O,O,terrain-sea-water
73,98,O,sea-water,S,0,#,.,.,O,O,O,O,terrain-sea-water
74,98,O,sea-water,S,0,#,.,.,O,O,O,O,terrain-sea-water
75,98,O,sea-water,S,0,#,.,.,O,O,O,O,terrain-sea-water
76,98,O,sea-water,S,0,#,.,.,O,O,O,O,terrain-sea-water
77,98,O,sea-water,S,0,#,.,.,O,O,O,O,terrain-sea-water
78,98,O,sea-water,S,0,#,.,.,O,O,O,O,terrain-sea-water
79,98,O,sea-water,S,0,#,.,.,O,O,O,O,terrain-sea-water
80,98,O,sea-water,S,0,#,.,.,O,O,O,O,terrain-sea-water
81,98,O,sea-water,S,0,#,.,.,O,O,O,O,terrain-sea-water
82,98,O,sea-water,S,0,#,.,.,O,O,O,O,terrain-sea-water
83,98,O,sea-water,S,0,#,.,.,O,O,O,O,terrain-sea-water
84,98,O,sea-water,S,0,#,.,.,O,O,O,O,terrain-sea-water
85,98,O,sea-water,S,0,#,.,.,O,O,O,O,terrain-sea-water
86,98,O,sea-water,S,0,#,.,.,O,O,O,O,terrain-sea-water
87,98,O,sea-water,S,0,#,.,.,O,O,O,O,terrain-sea-water
88,98,O,sea-water,S,0,#,.,.,O,O,O,O,terrain-sea-water
89,98,O,sea-water,S,0,#,.,.,O,O,O,O,terrain-sea-water
90,98,O,sea-water,S,0,#,.,.,O,O,O,O,terrain-sea-water
91,98,O,sea-water,S,0,#,.,.,O,O,O,O,terrain-sea-water
92,98,O,sea-water,S,0,#,.,.,O,O,O,O,terrain-sea-water
93,98,O,sea-water,S,0,#,.,.,O,O,O,O,terrain-sea-water
94,98,O,sea-water,S,0,#,.,.,O,O,O,O,terrain-sea-water
95,98,O,sea-water,S,0,#,.,.,O,O,O,O,terrain-sea-water
96,98,O,sea-water,S,0,#,.,.,O,O,O,O,terrain-sea-water
97,98,O,sea-water,S,0,#,.,.,O,O,O,O,terrain-sea-water
98,98,O,sea-water,S,0,#,.,.,O,O,O,O,terrain-sea-water
99,98,O,sea-water,S,0,#,.,.,O,VOID,O,O,terrain-sea-water
0,99,X,cliff-mountain,M,2,#,.,.,X,X,VOID,VOID,terrain-cliff-mountain
1,99,X,cliff-mountain,M,2,#,.,.,O,X,VOID,X,terrain-cliff-mountain
2,99,X,cliff-mountain,M,2,#,.,.,O,X,VOID,X,terrain-cliff-mountain
3,99,X,cliff-mountain,M,2,#,.,.,O,X,VOID,X,terrain-cliff-mountain
4,99,X,cliff-mountain,M,2,#,.,.,O,X,VOID,X,terrain-cliff-mountain
5,99,X,cliff-mountain,M,2,#,.,.,O,X,VOID,X,terrain-cliff-mountain
6,99,X,cliff-mountain,M,2,#,.,.,O,X,VOID,X,terrain-cliff-mountain
7,99,X,cliff-mountain,M,2,#,.,.,O,X,VOID,X,terrain-cliff-mountain
8,99,X,cliff-mountain,M,2,#,.,.,O,X,VOID,X,terrain-cliff-mountain
9,99,X,cliff-mountain,M,2,#,.,.,O,X,VOID,X,terrain-cliff-mountain
10,99,X,cliff-mountain,M,2,#,.,.,O,X,VOID,X,terrain-cliff-mountain
11,99,X,cliff-mountain,M,2,#,.,.,O,X,VOID,X,terrain-cliff-mountain
12,99,X,cliff-mountain,M,2,#,.,.,O,X,VOID,X,terrain-cliff-mountain
13,99,X,cliff-mountain,M,2,#,.,.,O,X,VOID,X,terrain-cliff-mountain
14,99,X,cliff-mountain,M,2,#,.,.,O,X,VOID,X,terrain-cliff-mountain
15,99,X,cliff-mountain,M,2,#,.,.,O,X,VOID,X,terrain-cliff-mountain
16,99,X,cliff-mountain,M,2,#,.,.,O,X,VOID,X,terrain-cliff-mountain
17,99,X,cliff-mountain,M,2,#,.,.,O,X,VOID,X,terrain-cliff-mountain
18,99,X,cliff-mountain,M,2,#,.,.,O,X,VOID,X,terrain-cliff-mountain
19,99,X,cliff-mountain,M,2,#,.,.,O,X,VOID,X,terrain-cliff-mountain
20,99,X,cliff-mountain,M,2,#,.,.,O,X,VOID,X,terrain-cliff-mountain
21,99,X,cliff-mountain,M,2,#,.,.,O,X,VOID,X,terrain-cliff-mountain
22,99,X,cliff-mountain,M,2,#,.,.,O,X,VOID,X,terrain-cliff-mountain
23,99,X,cliff-mountain,M,2,#,.,.,O,X,VOID,X,terrain-cliff-mountain
24,99,X,cliff-mountain,M,2,#,.,.,O,X,VOID,X,terrain-cliff-mountain
25,99,X,cliff-mountain,M,2,#,.,.,O,X,VOID,X,terrain-cliff-mountain
26,99,X,cliff-mountain,M,2,#,.,.,O,X,VOID,X,terrain-cliff-mountain
27,99,X,cliff-mountain,M,2,#,.,.,O,X,VOID,X,terrain-cliff-mountain
28,99,X,cliff-mountain,M,2,#,.,.,O,X,VOID,X,terrain-cliff-mountain
29,99,X,cliff-mountain,M,2,#,.,.,O,X,VOID,X,terrain-cliff-mountain
30,99,X,cliff-mountain,M,2,#,.,.,O,X,VOID,X,terrain-cliff-mountain
31,99,X,cliff-mountain,M,2,#,.,.,O,X,VOID,X,terrain-cliff-mountain
32,99,X,cliff-mountain,M,2,#,.,.,O,X,VOID,X,terrain-cliff-mountain
33,99,X,cliff-mountain,M,2,#,.,.,O,X,VOID,X,terrain-cliff-mountain
34,99,X,cliff-mountain,M,2,#,.,.,O,X,VOID,X,terrain-cliff-mountain
35,99,X,cliff-mountain,M,2,#,.,.,O,X,VOID,X,terrain-cliff-mountain
36,99,X,cliff-mountain,M,2,#,.,.,O,X,VOID,X,terrain-cliff-mountain
37,99,X,cliff-mountain,M,2,#,.,.,O,X,VOID,X,terrain-cliff-mountain
38,99,X,cliff-mountain,M,2,#,.,.,O,X,VOID,X,terrain-cliff-mountain
39,99,X,cliff-mountain,M,2,#,.,.,O,X,VOID,X,terrain-cliff-mountain
40,99,X,cliff-mountain,M,2,#,.,.,O,X,VOID,X,terrain-cliff-mountain
41,99,X,cliff-mountain,M,2,#,.,.,O,X,VOID,X,terrain-cliff-mountain
42,99,X,cliff-mountain,M,2,#,.,.,O,X,VOID,X,terrain-cliff-mountain
43,99,X,cliff-mountain,M,2,#,.,.,O,X,VOID,X,terrain-cliff-mountain
44,99,X,cliff-mountain,M,2,#,.,.,O,X,VOID,X,terrain-cliff-mountain
45,99,X,cliff-mountain,M,2,#,.,.,O,X,VOID,X,terrain-cliff-mountain
46,99,X,cliff-mountain,M,2,#,.,.,O,X,VOID,X,terrain-cliff-mountain
47,99,X,cliff-mountain,M,2,#,.,.,O,O,VOID,X,terrain-cliff-mountain
48,99,O,sea-water,S,0,#,.,.,O,O,VOID,X,terrain-sea-water
49,99,O,sea-water,S,0,#,.,.,O,O,VOID,O,terrain-sea-water
50,99,O,sea-water,S,0,#,.,.,O,O,VOID,O,terrain-sea-water
51,99,O,sea-water,S,0,#,.,.,O,O,VOID,O,terrain-sea-water
52,99,O,sea-water,S,0,#,.,.,O,O,VOID,O,terrain-sea-water
53,99,O,sea-water,S,0,#,.,.,O,O,VOID,O,terrain-sea-water
54,99,O,sea-water,S,0,#,.,.,O,O,VOID,O,terrain-sea-water
55,99,O,sea-water,S,0,#,.,.,O,O,VOID,O,terrain-sea-water
56,99,O,sea-water,S,0,#,.,.,O,O,VOID,O,terrain-sea-water
57,99,O,sea-water,S,0,#,.,.,O,O,VOID,O,terrain-sea-water
58,99,O,sea-water,S,0,#,.,.,O,O,VOID,O,terrain-sea-water
59,99,O,sea-water,S,0,#,.,.,O,O,VOID,O,terrain-sea-water
60,99,O,sea-water,S,0,#,.,.,O,O,VOID,O,terrain-sea-water
61,99,O,sea-water,S,0,#,.,.,O,O,VOID,O,terrain-sea-water
62,99,O,sea-water,S,0,#,.,.,O,O,VOID,O,terrain-sea-water
63,99,O,sea-water,S,0,#,.,.,O,O,VOID,O,terrain-sea-water
64,99,O,sea-water,S,0,#,.,.,O,O,VOID,O,terrain-sea-water
65,99,O,sea-water,S,0,#,.,.,O,O,VOID,O,terrain-sea-water
66,99,O,sea-water,S,0,#,.,.,O,O,VOID,O,terrain-sea-water
67,99,O,sea-water,S,0,#,.,.,O,O,VOID,O,terrain-sea-water
68,99,O,sea-water,S,0,#,.,.,O,O,VOID,O,terrain-sea-water
69,99,O,sea-water,S,0,#,.,.,O,O,VOID,O,terrain-sea-water
70,99,O,sea-water,S,0,#,.,.,O,O,VOID,O,terrain-sea-water
71,99,O,sea-water,S,0,#,.,.,O,O,VOID,O,terrain-sea-water
72,99,O,sea-water,S,0,#,.,.,O,O,VOID,O,terrain-sea-water
73,99,O,sea-water,S,0,#,.,.,O,O,VOID,O,terrain-sea-water
74,99,O,sea-water,S,0,#,.,.,O,O,VOID,O,terrain-sea-water
75,99,O,sea-water,S,0,#,.,.,O,O,VOID,O,terrain-sea-water
76,99,O,sea-water,S,0,#,.,.,O,O,VOID,O,terrain-sea-water
77,99,O,sea-water,S,0,#,.,.,O,O,VOID,O,terrain-sea-water
78,99,O,sea-water,S,0,#,.,.,O,O,VOID,O,terrain-sea-water
79,99,O,sea-water,S,0,#,.,.,O,O,VOID,O,terrain-sea-water
80,99,O,sea-water,S,0,#,.,.,O,O,VOID,O,terrain-sea-water
81,99,O,sea-water,S,0,#,.,.,O,O,VOID,O,terrain-sea-water
82,99,O,sea-water,S,0,#,.,.,O,O,VOID,O,terrain-sea-water
83,99,O,sea-water,S,0,#,.,.,O,O,VOID,O,terrain-sea-water
84,99,O,sea-water,S,0,#,.,.,O,O,VOID,O,terrain-sea-water
85,99,O,sea-water,S,0,#,.,.,O,O,VOID,O,terrain-sea-water
86,99,O,sea-water,S,0,#,.,.,O,O,VOID,O,terrain-sea-water
87,99,O,sea-water,S,0,#,.,.,O,O,VOID,O,terrain-sea-water
88,99,O,sea-water,S,0,#,.,.,O,O,VOID,O,terrain-sea-water
89,99,O,sea-water,S,0,#,.,.,O,O,VOID,O,terrain-sea-water
90,99,O,sea-water,S,0,#,.,.,O,O,VOID,O,terrain-sea-water
91,99,O,sea-water,S,0,#,.,.,O,O,VOID,O,terrain-sea-water
92,99,O,sea-water,S,0,#,.,.,O,O,VOID,O,terrain-sea-water
93,99,O,sea-water,S,0,#,.,.,O,O,VOID,O,terrain-sea-water
94,99,O,sea-water,S,0,#,.,.,O,O,VOID,O,terrain-sea-water
95,99,O,sea-water,S,0,#,.,.,O,O,VOID,O,terrain-sea-water
96,99,O,sea-water,S,0,#,.,.,O,O,VOID,O,terrain-sea-water
97,99,O,sea-water,S,0,#,.,.,O,O,VOID,O,terrain-sea-water
98,99,O,sea-water,S,0,#,.,.,O,O,VOID,O,terrain-sea-water
99,99,O,sea-water,S,0,#,.,.,O,VOID,VOID,O,terrain-sea-water
